,V1,V2,V3,V4,V5,P
2026-07-01 00:00:00+00:00,10000.0,10000.0,10000.0,10000.0,10000.0,58605.4
2026-07-01 04:00:00+00:00,10000.0,10000.0,10000.0,10000.0,9988.118516679155,59169.6
2026-07-01 08:00:00+00:00,10000.0,10000.0,10000.0,10000.0,9996.561706446391,58744.4
2026-07-01 12:00:00+00:00,10000.0,10000.0,10000.0,10000.0,9999.586575859516,58592.9
2026-07-01 16:00:00+00:00,10000.0,10000.0,10000.0,10000.0,9969.121224681385,60118.5
2026-07-01 20:00:00+00:00,10000.0,10000.0,10000.0,10000.0,9976.508129537107,60000.0
2026-07-02 00:00:00+00:00,10000.0,10000.0,10000.0,10000.0,9976.909292893284,59999.6
2026-07-02 04:00:00+00:00,10000.0,10000.0,10000.0,10000.0,9897.198965659367,61032.9
2026-07-02 08:00:00+00:00,10000.0,10000.0,10000.0,10000.0,9894.903225140666,60125.8
2026-07-02 12:00:00+00:00,10000.0,10000.0,10000.0,10000.0,9872.323678357772,61329.1
2026-07-02 16:00:00+00:00,10000.0,10000.0,10000.0,10000.0,9871.774533885498,61584.0
2026-07-02 20:00:00+00:00,10000.0,10000.0,10000.0,10000.0,9871.774533885498,61452.5
2026-07-03 00:00:00+00:00,10000.0,10000.0,10000.0,10000.0,9871.774533885498,61540.6
2026-07-03 04:00:00+00:00,10000.0,10000.0,10000.0,10000.0,9871.774533885498,61407.6
2026-07-03 08:00:00+00:00,10000.0,10000.0,10000.0,10000.0,9871.774533885498,61733.6
2026-07-03 12:00:00+00:00,10000.0,10000.0,10000.0,10000.0,9871.774533885498,61992.8
2026-07-03 16:00:00+00:00,10000.0,10000.0,10000.0,10000.0,9871.774533885498,61895.2
2026-07-03 20:00:00+00:00,10000.0,10000.0,10000.0,10000.0,9871.774533885498,62178.4
2026-07-04 00:00:00+00:00,10000.0,10000.0,10000.0,10000.0,9871.774533885498,62565.5
2026-07-04 04:00:00+00:00,10000.0,10000.0,10000.0,10000.0,9871.774533885498,62609.6
2026-07-04 08:00:00+00:00,10000.0,10000.0,10000.0,10000.0,9871.774533885498,62549.0
2026-07-04 12:00:00+00:00,10000.0,10000.0,10000.0,10000.0,9871.774533885498,62458.7
2026-07-04 16:00:00+00:00,10000.0,10000.0,10000.0,10000.0,9871.774533885498,62908.8
2026-07-04 20:00:00+00:00,10000.0,10000.0,10000.0,10000.0,9871.774533885498,63268.1
2026-07-05 00:00:00+00:00,10000.0,10000.0,10000.0,10000.0,9871.774533885498,63114.8
2026-07-05 04:00:00+00:00,10000.0,10000.0,10000.0,10000.0,9871.774533885498,62739.1
2026-07-05 08:00:00+00:00,10000.0,10000.0,10000.0,10000.0,9871.774533885498,62995.1
2026-07-05 12:00:00+00:00,10000.0,10000.0,10000.0,10000.0,9871.774533885498,62630.0
2026-07-05 16:00:00+00:00,10000.0,10000.0,10000.0,10000.0,9871.774533885498,62711.9
2026-07-05 20:00:00+00:00,10000.0,10000.0,10000.0,10000.0,9871.774533885498,62744.0
2026-07-06 00:00:00+00:00,10000.0,10000.0,10000.0,10000.0,9871.774533885498,63617.1
2026-07-06 04:00:00+00:00,10000.0,10000.0,10000.0,10000.0,9871.774533885498,63273.0
2026-07-06 08:00:00+00:00,10000.0,10000.0,10000.0,10000.0,9871.774533885498,63064.5
2026-07-06 12:00:00+00:00,10000.0,10000.0,10000.0,10000.0,9871.774533885498,62461.4
2026-07-06 16:00:00+00:00,10000.0,10000.0,10000.0,10000.0,9871.774533885498,63523.1
2026-07-06 20:00:00+00:00,10000.0,10000.0,10000.0,10000.0,9871.774533885498,63709.8
2026-07-07 00:00:00+00:00,10000.0,10000.0,10000.0,10000.0,9871.774533885498,64023.6
2026-07-07 04:00:00+00:00,10000.0,10000.0,10000.0,10000.0,9871.774533885498,63165.0
2026-07-07 08:00:00+00:00,10000.0,10000.0,10000.0,10000.0,9871.774533885498,63062.6
2026-07-07 12:00:00+00:00,10000.0,10000.0,10000.0,10000.0,9871.774533885498,63377.7
2026-07-07 16:00:00+00:00,10000.0,10000.0,10000.0,10000.0,9871.774533885498,63910.0
2026-07-07 20:00:00+00:00,9953.121630903308,9950.77967785417,9949.60877152266,9949.60877152266,9822.029449284119,63794.9
2026-07-08 00:00:00+00:00,9805.965216321405,9796.301799487048,9791.471458609574,9791.471458609574,9665.91985943687,63335.4
2026-07-08 04:00:00+00:00,9618.322880870111,9599.471507589726,9714.26734310752,9733.265183839017,9608.459937337637,62741.0
2026-07-08 08:00:00+00:00,9608.51720452251,9589.195726929087,9710.553263744985,9730.607081801163,9605.83591893706,62854.1
2026-07-08 12:00:00+00:00,9608.51720452251,9589.195726929087,9710.553263744985,9730.607081801163,9605.83591893706,62270.0
2026-07-08 16:00:00+00:00,9608.51720452251,9589.195726929087,9710.553263744985,9730.607081801163,9617.335759896987,61674.5
2026-07-08 20:00:00+00:00,9608.51720452251,9589.195726929087,9710.553263744985,9730.607081801163,9605.53503486253,62251.9
2026-07-09 00:00:00+00:00,9608.51720452251,9589.195726929087,9710.553263744985,9730.607081801163,9605.543826269479,62255.3
2026-07-09 04:00:00+00:00,9608.51720452251,9589.195726929087,9710.553263744985,9730.607081801163,9611.857197062742,61943.1
2026-07-09 08:00:00+00:00,9608.51720452251,9589.195726929087,9710.553263744985,9730.607081801163,9590.980723478171,62973.7
2026-07-09 12:00:00+00:00,9608.51720452251,9589.195726929087,9710.553263744985,9649.452336602746,9510.366551941337,62756.0
2026-07-09 16:00:00+00:00,9608.51720452251,9589.195726929087,9710.553263744985,9639.273898389865,9500.334824237621,62835.4
2026-07-09 20:00:00+00:00,9608.51720452251,9589.195726929087,9710.553263744985,9639.273898389865,9500.334824237621,63222.9
2026-07-10 00:00:00+00:00,9608.51720452251,9589.195726929087,9710.553263744985,9639.273898389865,9500.334824237621,63197.0
2026-07-10 04:00:00+00:00,9608.51720452251,9589.195726929087,9710.553263744985,9639.273898389865,9500.334824237621,63917.2
2026-07-10 08:00:00+00:00,9608.51720452251,9589.195726929087,9710.553263744985,9639.273898389865,9500.334824237621,63956.1
2026-07-10 12:00:00+00:00,9608.51720452251,9589.195726929087,9710.553263744985,9639.273898389865,9500.334824237621,64394.2
2026-07-10 16:00:00+00:00,9608.51720452251,9589.195726929087,9710.553263744985,9639.273898389865,9500.334824237621,64018.7
2026-07-10 20:00:00+00:00,9608.51720452251,9589.195726929087,9710.553263744985,9639.273898389865,9500.334824237621,63900.4
2026-07-11 00:00:00+00:00,9608.51720452251,9589.195726929087,9710.553263744985,9639.273898389865,9500.334824237621,64129.5
2026-07-11 04:00:00+00:00,9608.51720452251,9589.195726929087,9710.553263744985,9639.273898389865,9500.334824237621,64117.2
2026-07-11 08:00:00+00:00,9608.51720452251,9589.195726929087,9710.553263744985,9639.273898389865,9500.334824237621,64132.6
2026-07-11 12:00:00+00:00,9608.51720452251,9589.195726929087,9710.553263744985,9639.273898389865,9500.334824237621,64176.0
2026-07-11 16:00:00+00:00,9608.51720452251,9589.195726929087,9710.553263744985,9639.273898389865,9500.334824237621,64139.0
2026-07-11 20:00:00+00:00,9608.51720452251,9589.195726929087,9710.553263744985,9639.273898389865,9500.334824237621,64262.0
2026-07-12 00:00:00+00:00,9608.51720452251,9589.195726929087,9710.553263744985,9639.273898389865,9500.334824237621,63783.0
2026-07-12 04:00:00+00:00,9608.51720452251,9589.195726929087,9710.553263744985,9639.273898389865,9500.334824237621,64201.8
2026-07-12 08:00:00+00:00,9608.51720452251,9589.195726929087,9710.553263744985,9639.273898389865,9500.334824237621,63856.4
2026-07-12 12:00:00+00:00,9608.51720452251,9589.195726929087,9710.553263744985,9639.273898389865,9500.334824237621,63993.8
2026-07-12 16:00:00+00:00,9608.51720452251,9589.195726929087,9710.553263744985,9639.273898389865,9500.334824237621,64149.9
2026-07-12 20:00:00+00:00,9608.51720452251,9589.195726929087,9710.553263744985,9639.273898389865,9500.334824237621,64201.9
2026-07-13 00:00:00+00:00,9608.51720452251,9589.195726929087,9710.553263744985,9639.273898389865,9500.334824237621,63750.0
2026-07-13 04:00:00+00:00,9608.51720452251,9589.195726929087,9710.553263744985,9639.273898389865,9500.334824237621,62780.2
2026-07-13 08:00:00+00:00,9608.51720452251,9589.195726929087,9710.553263744985,9639.273898389865,9500.334824237621,62952.7
2026-07-13 12:00:00+00:00,9608.51720452251,9589.195726929087,9710.553263744985,9639.273898389865,9500.334824237621,62881.3
2026-07-13 16:00:00+00:00,9608.51720452251,9589.195726929087,9710.553263744985,9639.273898389865,9500.334824237621,62596.6
2026-07-13 20:00:00+00:00,9608.51720452251,9589.195726929087,9710.553263744985,9639.273898389865,9500.334824237621,62258.0
2026-07-14 00:00:00+00:00,9608.51720452251,9589.195726929087,9710.553263744985,9639.273898389865,9500.334824237621,62307.0
2026-07-14 04:00:00+00:00,9608.51720452251,9589.195726929087,9710.553263744985,9639.273898389865,9500.334824237621,62538.2
2026-07-14 08:00:00+00:00,9608.51720452251,9589.195726929087,9710.553263744985,9639.273898389865,9500.334824237621,62529.7
2026-07-14 12:00:00+00:00,9608.51720452251,9589.195726929087,9710.553263744985,9639.273898389865,9500.334824237621,62810.3
2026-07-14 16:00:00+00:00,9608.51720452251,9589.195726929087,9710.553263744985,9639.273898389865,9500.334824237621,64727.5
2026-07-14 20:00:00+00:00,9608.51720452251,9589.195726929087,9710.553263744985,9639.273898389865,9500.334824237621,64543.0
2026-07-15 00:00:00+00:00,9608.51720452251,9589.195726929087,9710.553263744985,9639.273898389865,9500.334824237621,65014.7
2026-07-15 04:00:00+00:00,9608.51720452251,9589.195726929087,9710.553263744985,9639.273898389865,9500.334824237621,64760.8
2026-07-15 08:00:00+00:00,9608.51720452251,9589.195726929087,9710.553263744985,9639.273898389865,9500.334824237621,64528.0
2026-07-15 12:00:00+00:00,9608.51720452251,9589.195726929087,9710.553263744985,9639.273898389865,9500.334824237621,64707.5
2026-07-15 16:00:00+00:00,9608.51720452251,9589.195726929087,9710.553263744985,9898.168945442309,9755.49819621586,65391.6
2026-07-15 20:00:00+00:00,9434.162447121396,9406.50186652629,9521.147832094302,9715.631212821243,9575.591535585856,64942.0
2026-07-16 00:00:00+00:00,9354.66400047922,9323.273238074866,9434.899031293979,9626.478417410051,9487.72377543594,64721.4
2026-07-16 04:00:00+00:00,9308.952011994936,9275.43671216474,9385.337166160682,9575.253883804548,9437.237584712695,64593.0
2026-07-16 08:00:00+00:00,9167.70713916747,9127.66355026662,9232.253010261413,9417.045006262362,9281.309106627987,64200.0
2026-07-16 12:00:00+00:00,9177.063180670664,9137.444484320518,9242.38156711836,9427.510379104997,9291.623633127969,64226.6
2026-07-16 16:00:00+00:00,9334.445821375975,9301.98284148613,9412.772101427925,9603.56960034326,9465.145162683988,64677.7
2026-07-16 20:00:00+00:00,9179.419708334388,9139.77152389484,9244.720627110542,9429.886461988614,9293.965467502885,64241.6
2026-07-17 00:00:00+00:00,9022.622395393679,8975.845454007826,9074.964427457197,9254.482861789302,9121.09010896073,63801.0
2026-07-17 04:00:00+00:00,8931.046603647213,8880.189377101899,8975.949358189733,9152.198625579302,9020.28018266548,63538.1
2026-07-17 08:00:00+00:00,8672.7086239605,8610.479140557167,8696.839766636444,8863.914989520816,8736.151824474333,62792.9
2026-07-17 12:00:00+00:00,8662.0276818869,8599.344622546756,8685.325806092706,8852.027530378391,8713.09044266234,63273.2
2026-07-17 16:00:00+00:00,8662.0276818869,8599.344622546756,8685.325806092706,8852.027530378391,8712.395235059725,63432.4
2026-07-17 20:00:00+00:00,8662.0276818869,8599.344622546756,8685.325806092706,8852.027530378391,8712.395235059725,64121.4
2026-07-18 00:00:00+00:00,8585.28677728418,8519.353808783848,8602.613696469274,8767.727886608127,8629.425337803894,63909.9
2026-07-18 04:00:00+00:00,8610.051861673079,8545.157447912157,8629.289891937316,8794.916091398696,8656.184674583437,63989.5
2026-07-18 08:00:00+00:00,8605.735660992754,8540.65959520095,8624.639608923551,8790.176553218906,8651.519898100052,63980.1
2026-07-18 12:00:00+00:00,8622.308419251776,8557.929403040822,8642.494459271162,8808.374100479246,8669.430396400772,64033.3
2026-07-18 16:00:00+00:00,8639.326622577244,8575.665095656015,8660.831858011168,8827.063457920298,8687.824947045463,64090.0
2026-07-18 20:00:00+00:00,8775.538478616261,8717.633639733916,8807.624094986446,8976.673150401777,8835.074689256633,64526.3
2026-07-19 00:00:00+00:00,8863.775156288453,8809.670815911564,8902.825335569853,9073.701635156986,8930.572642165758,64806.7
2026-07-19 04:00:00+00:00,8825.794883256987,8770.034951750267,8861.81666704409,9031.905867113424,8889.436162517595,64686.8
2026-07-19 08:00:00+00:00,8826.089824211884,8770.342683194656,8862.135022632148,9032.230333056656,8889.755510319897,64692.2
2026-07-19 12:00:00+00:00,8748.201309542097,8689.076298276568,8778.062920656812,8946.544593933271,8805.421382043725,64445.7
2026-07-19 16:00:00+00:00,8778.422180654155,8720.593751737195,8810.661251577481,8979.768600631067,8838.121311709567,64545.2
2026-07-19 20:00:00+00:00,8744.687076186474,8685.40523585816,8774.262828887488,8942.671565136076,8801.609446583501,64438.1
2026-07-20 00:00:00+00:00,8824.345583655873,8768.479648060562,8860.185346826584,9030.243236165707,8887.79975798803,64694.7
2026-07-20 04:00:00+00:00,8870.056761453396,8816.172522826968,8909.52444134168,9080.529320156385,8937.292626943383,64839.4
2026-07-20 08:00:00+00:00,8682.232381673135,8620.154978666671,8706.714820908968,8799.45767571408,8660.654619735911,64250.0
2026-07-20 12:00:00+00:00,8907.818892732765,8855.327239784932,8808.44797371667,8865.980403879616,8726.128015283271,64970.8
2026-07-20 16:00:00+00:00,9096.773634808364,9052.560580457288,9044.3950002051,9102.031335243544,8958.455468241225,65570.1
2026-07-20 20:00:00+00:00,8951.92796212292,8901.211817322854,8855.810283544848,8912.244843128736,8771.662677108878,65119.3
2026-07-21 00:00:00+00:00,8984.39757343394,8935.11175860755,8897.873032342559,8954.57564110854,8813.325747106104,65224.8
2026-07-21 04:00:00+00:00,9084.792790847323,9039.948460712576,9028.075466084574,9085.60780321755,8942.291001775768,65539.5
2026-07-21 08:00:00+00:00,9284.331891312975,9248.43030360281,9287.74260912493,9346.929701767194,9199.490796503853,66166.9
2026-07-21 12:00:00+00:00,9333.40311546808,9299.755847746956,9352.025476680292,9411.62221849108,9263.162850450246,66317.9
2026-07-21 16:00:00+00:00,9440.752364186765,9412.066210937179,9492.880876947564,9553.375234247458,9402.679847521584,66648.5
2026-07-21 20:00:00+00:00,9362.345478648338,9329.989136134905,9389.639339468587,9449.475779478946,9300.419307600761,66409.5
2026-07-22 00:00:00+00:00,9398.356572635852,9367.670107454815,9436.933704430568,9497.07153263376,9347.264283124392,66522.4
2026-07-22 04:00:00+00:00,9285.240722422981,9249.286264646187,9288.199352564612,9347.389355851303,9199.94319998299,66176.7
2026-07-22 08:00:00+00:00,9166.011659748565,9124.580513557592,9132.01794751445,9190.2126687742,9045.245825302041,65813.4
2026-07-22 12:00:00+00:00,9220.201196124925,9181.222338411611,9202.716516209011,9261.361771351008,9115.272618614834,65981.4
2026-07-22 16:00:00+00:00,9230.70255226418,9192.202147603883,9216.44206975668,9275.174792396818,9128.867752422122,66014.8
2026-07-22 20:00:00+00:00,9190.643264800277,9150.315333520031,9164.065072564914,9222.464017416887,9076.988439666322,65891.1
2026-07-23 00:00:00+00:00,9252.385025866204,9214.859717961765,9244.68271674579,9303.595405806183,9156.840057749401,66082.0
2026-07-23 04:00:00+00:00,9104.776022589163,9060.49886211447,9051.548155972792,9109.230075230233,8965.540654967457,65626.8
2026-07-23 08:00:00+00:00,9033.548078005979,8986.073226084784,9010.261961368544,9075.608844375525,8932.44976697709,65405.3
2026-07-23 12:00:00+00:00,9071.965525070264,9026.199551751371,9027.787134718976,9088.217611938899,8944.859643252566,65525.4
2026-07-23 16:00:00+00:00,8882.607952101902,8828.377128672197,8941.604977386718,9026.246864732539,8883.866425504326,64940.4
2026-07-23 20:00:00+00:00,8872.321856073884,8817.642667331891,8936.86931946881,9022.832231873635,8880.505655223473,64820.7
2026-07-24 00:00:00+00:00,8872.321856073884,8817.642667331891,8936.86931946881,9022.832231873635,8880.505655223473,65069.6
2026-07-24 04:00:00+00:00,8872.321856073884,8817.642667331891,8936.86931946881,9022.832231873635,8880.505655223473,65425.4
2026-07-24 08:00:00+00:00,8872.321856073884,8817.642667331891,8936.86931946881,9022.832231873635,8880.505655223473,65470.0
2026-07-24 12:00:00+00:00,8690.26887058092,8627.678100600231,8867.814674664838,8973.025717409873,8831.48479104294,65045.7
2026-07-24 16:00:00+00:00,8677.479464086071,8614.345943888226,8862.904349021643,8969.476729146965,8827.991784686494,64065.1
2026-07-24 20:00:00+00:00,8677.479464086071,8614.345943888226,8862.904349021643,8969.476729146965,8823.869100815084,64199.5
2026-07-25 00:00:00+00:00,8677.479464086071,8614.345943888226,8862.904349021643,8969.476729146965,8826.016325333834,64116.5
2026-07-25 04:00:00+00:00,8677.479464086071,8614.345943888226,8862.904349021643,8969.476729146965,8827.590253530343,64052.9
2026-07-25 08:00:00+00:00,8677.479464086071,8614.345943888226,8862.904349021643,8969.476729146965,8829.658450990097,63972.9
2026-07-25 12:00:00+00:00,8677.479464086071,8614.345943888226,8862.904349021643,8969.476729146965,8828.209366881394,64031.3
2026-07-25 16:00:00+00:00,8677.479464086071,8614.345943888226,8862.904349021643,8969.476729146965,8825.278793010797,64150.0
2026-07-25 20:00:00+00:00,8677.479464086071,8614.345943888226,8862.904349021643,8969.476729146965,8820.094901165408,64359.6
2026-07-26 00:00:00+00:00,8677.479464086071,8614.345943888226,8862.904349021643,8969.476729146965,8819.302078343675,64338.1
2026-07-26 04:00:00+00:00,8677.479464086071,8614.345943888226,8862.904349021643,8969.476729146965,8819.302078343675,64518.8
2026-07-26 08:00:00+00:00,8677.479464086071,8614.345943888226,8862.904349021643,8969.476729146965,8819.302078343675,64341.2
2026-07-26 12:00:00+00:00,8677.479464086071,8614.345943888226,8862.904349021643,8969.476729146965,8819.302078343675,64481.4
2026-07-26 16:00:00+00:00,8677.479464086071,8614.345943888226,8862.904349021643,8969.476729146965,8819.302078343675,64733.6
2026-07-26 20:00:00+00:00,8677.479464086071,8614.345943888226,8862.904349021643,8969.476729146965,8819.302078343675,64665.5
2026-07-27 00:00:00+00:00,8677.479464086071,8614.345943888226,8862.904349021643,8969.476729146965,8819.302078343675,65375.1
2026-07-27 04:00:00+00:00,8607.979945112258,8541.907427196262,8836.173169043901,8950.150543749414,8800.299468471329,65261.5
2026-07-27 08:00:00+00:00,8574.976138279224,8507.519424699047,8823.426300202947,8940.928193683758,8791.231526878153,65195.9
2026-07-27 12:00:00+00:00,8517.085408379044,8447.212337396018,8801.013822207215,8924.706089546715,8775.281027082996,65073.1
2026-07-27 16:00:00+00:00,8254.71395984221,8173.982401058357,8699.005693111947,8850.81910096376,8702.631117656876,64517.1
2026-07-27 20:00:00+00:00,8239.920489807226,8158.601172523964,8693.140070044168,8846.556251809428,8698.439640769013,64959.2
2026-07-28 00:00:00+00:00,8239.920489807226,8158.601172523964,8693.140070044168,8846.556251809428,8698.439640769013,63720.8
2026-07-28 04:00:00+00:00,8239.920489807226,8158.601172523964,8693.140070044168,8846.556251809428,8698.439640769013,63310.1
2026-07-28 08:00:00+00:00,8239.920489807226,8158.601172523964,8693.140070044168,8846.556251809428,8698.439640769013,63476.8
2026-07-28 12:00:00+00:00,8239.920489807226,8158.601172523964,8693.140070044168,8846.556251809428,8698.439640769013,63430.8
2026-07-28 16:00:00+00:00,8239.920489807226,8158.601172523964,8693.140070044168,8846.556251809428,8698.439640769013,63899.4
2026-07-28 20:00:00+00:00,8239.920489807226,8158.601172523964,8693.140070044168,8846.556251809428,8698.439640769013,63882.4
2026-07-29 00:00:00+00:00,8239.920489807226,8158.601172523964,8693.140070044168,8846.556251809428,8698.439640769013,63903.6
2026-07-29 04:00:00+00:00,8239.920489807226,8158.601172523964,8693.140070044168,8846.556251809428,8702.19695991752,63727.0
2026-07-29 08:00:00+00:00,8239.920489807226,8158.601172523964,8693.140070044168,8846.556251809428,8681.200830915948,64539.0
2026-07-29 12:00:00+00:00,8239.920489807226,8158.601172523964,8693.140070044168,8846.556251809428,8680.372413098401,64480.0
2026-07-29 16:00:00+00:00,8239.920489807226,8158.601172523964,8693.140070044168,8846.556251809428,8680.372413098401,63940.2
2026-07-29 20:00:00+00:00,8239.920489807226,8158.601172523964,8693.140070044168,8846.556251809428,8689.01274514465,63564.1
2026-07-30 00:00:00+00:00,8239.920489807226,8158.601172523964,8693.140070044168,8846.556251809428,8688.209167228006,63958.9
2026-07-30 04:00:00+00:00,8239.920489807226,8158.601172523964,8693.140070044168,8846.556251809428,8688.209167228006,64134.0
2026-07-30 08:00:00+00:00,8239.920489807226,8158.601172523964,8693.140070044168,8846.556251809428,8688.209167228006,63981.9
2026-07-30 12:00:00+00:00,8239.920489807226,8158.601172523964,8693.140070044168,8846.556251809428,8688.209167228006,64766.8
2026-07-30 16:00:00+00:00,8239.920489807226,8158.601172523964,8693.140070044168,8846.556251809428,8688.209167228006,64694.2
2026-07-30 20:00:00+00:00,8239.920489807226,8158.601172523964,8693.140070044168,8846.556251809428,8688.209167228006,64778.6
2026-07-31 00:00:00+00:00,8239.920489807226,8158.601172523964,8693.140070044168,8839.876434554799,8681.648913966153,64750.0
2026-07-31 04:00:00+00:00,8087.100781398747,7999.734159026386,8632.430954878191,8799.684047868115,8642.175942504226,64344.0
2026-07-31 08:00:00+00:00,8076.009922865263,7988.214565246786,8627.976629557275,8796.493623716548,8639.042624682917,63909.1
2026-07-31 12:00:00+00:00,8076.009922865263,7988.214565246786,8627.976629557275,8796.493623716548,8641.336149469194,63779.4
2026-07-31 16:00:00+00:00,8076.009922865263,7988.214565246786,8627.976629557275,8796.493623716548,8640.586074107372,62695.4
2026-07-31 20:00:00+00:00,8076.009922865263,7988.214565246786,8627.976629557275,8796.493623716548,8640.586074107372,62947.2
2026-08-01 00:00:00+00:00,8076.009922865263,7988.214565246786,8627.976629557275,8796.493623716548,8640.91870239617,62859.9
2026-08-01 04:00:00+00:00,8076.009922865263,7988.214565246786,8627.976629557275,8796.493623716548,8640.26925806946,62973.8
2026-08-01 08:00:00+00:00,8076.009922865263,7988.214565246786,8627.976629557275,8796.493623716548,8638.613668854576,63019.6
2026-08-01 12:00:00+00:00,8076.009922865263,7988.214565246786,8627.976629557275,8796.493623716548,8637.99283216265,63045.1
2026-08-01 16:00:00+00:00,8076.009922865263,7988.214565246786,8627.976629557275,8796.493623716548,8639.719029915055,62976.4
2026-08-01 20:00:00+00:00,8076.009922865263,7988.214565246786,8627.976629557275,8796.493623716548,8651.27599227238,62502.1
2026-08-02 00:00:00+00:00,8076.009922865263,7988.214565246786,8627.976629557275,8796.493623716548,8644.211292041482,62792.3
2026-08-02 04:00:00+00:00,8076.009922865263,7988.214565246786,8627.976629557275,8796.493623716548,8628.455388968385,63436.7
2026-08-02 08:00:00+00:00,8076.009922865263,7988.214565246786,8627.976629557275,8796.493623716548,8627.833879176389,63468.1
2026-08-02 12:00:00+00:00,8076.009922865263,7988.214565246786,8627.976629557275,8796.493623716548,8638.959583999964,63007.3
2026-08-02 16:00:00+00:00,8076.009922865263,7988.214565246786,8627.976629557275,8796.493623716548,8637.268464652368,63081.6
2026-08-02 20:00:00+00:00,8076.009922865263,7988.214565246786,8627.976629557275,8796.493623716548,8628.725263069151,63432.9
2026-08-03 00:00:00+00:00,8076.009922865263,7988.214565246786,8627.976629557275,8796.493623716548,8626.049356738016,63550.0
2026-08-03 04:00:00+00:00,8076.009922865263,7988.214565246786,8627.976629557275,8796.493623716548,8643.173426339654,62839.7
2026-08-03 08:00:00+00:00,8076.009922865263,7988.214565246786,8627.976629557275,8796.493623716548,8649.34664466917,62591.0
2026-08-03 12:00:00+00:00,8076.009922865263,7988.214565246786,8627.976629557275,8796.493623716548,8650.743181728603,62534.1
2026-08-03 16:00:00+00:00,8076.009922865263,7988.214565246786,8627.976629557275,8796.493623716548,8623.130106620873,63659.5
2026-08-03 20:00:00+00:00,8076.009922865263,7988.214565246786,8627.976629557275,8796.493623716548,8618.86210950849,63836.9
2026-08-04 00:00:00+00:00,8076.009922865263,7988.214565246786,8627.976629557275,8796.493623716548,8627.055237295805,63497.2
2026-08-04 04:00:00+00:00,8076.009922865263,7988.214565246786,8627.976629557275,8796.493623716548,8624.717330225169,63771.0
2026-08-04 08:00:00+00:00,8076.009922865263,7988.214565246786,8627.976629557275,8796.493623716548,8626.900456362158,63666.5
2026-08-04 12:00:00+00:00,8076.009922865263,7988.214565246786,8627.976629557275,8796.493623716548,8620.856657073326,63900.2
2026-08-04 16:00:00+00:00,8076.009922865263,7988.214565246786,8627.976629557275,8796.493623716548,8620.033982759018,64088.4
2026-08-04 20:00:00+00:00,8076.009922865263,7988.214565246786,8627.976629557275,8796.493623716548,8620.033982759018,64197.3
2026-08-05 00:00:00+00:00,8076.009922865263,7988.214565246786,8627.976629557275,8796.493623716548,8620.033982759018,64075.5
2026-08-05 04:00:00+00:00,8076.009922865263,7988.214565246786,8627.976629557275,8796.493623716548,8620.033982759018,64145.6
2026-08-05 08:00:00+00:00,8076.009922865263,7988.214565246786,8627.976629557275,8796.493623716548,8620.033982759018,64141.0
2026-08-05 12:00:00+00:00,8076.009922865263,7988.214565246786,8627.976629557275,8796.493623716548,8620.033982759018,64044.6
2026-08-05 16:00:00+00:00,8076.009922865263,7988.214565246786,8627.976629557275,8796.493623716548,8620.033982759018,64353.6
2026-08-05 20:00:00+00:00,8076.009922865263,7988.214565246786,8627.976629557275,8796.493623716548,8620.033982759018,64805.7
2026-08-06 00:00:00+00:00,8076.009922865263,7988.214565246786,8627.976629557275,8796.493623716548,8620.033982759018,64633.9
2026-08-06 04:00:00+00:00,8076.009922865263,7988.214565246786,8627.976629557275,8796.493623716548,8620.033982759018,64496.2
2026-08-06 08:00:00+00:00,8076.009922865263,7988.214565246786,8627.976629557275,8796.493623716548,8620.033982759018,64789.4
2026-08-06 12:00:00+00:00,8076.009922865263,7988.214565246786,8627.976629557275,8796.493623716548,8620.033982759018,64590.1
2026-08-06 16:00:00+00:00,8076.009922865263,7988.214565246786,8627.976629557275,8796.493623716548,8620.033982759018,64604.2
2026-08-06 20:00:00+00:00,8076.009922865263,7988.214565246786,8627.976629557275,8796.493623716548,8620.033982759018,64412.8
2026-08-07 00:00:00+00:00,8076.009922865263,7988.214565246786,8627.976629557275,8796.493623716548,8620.033982759018,64300.0
2026-08-07 04:00:00+00:00,8076.009922865263,7988.214565246786,8627.976629557275,8796.493623716548,8620.033982759018,64264.0
2026-08-07 08:00:00+00:00,8076.009922865263,7988.214565246786,8627.976629557275,8796.493623716548,8620.033982759018,64288.9
2026-08-07 12:00:00+00:00,8076.009922865263,7988.214565246786,8627.976629557275,8796.493623716548,8620.033982759018,64996.1
2026-08-07 16:00:00+00:00,8076.009922865263,7988.214565246786,8627.976629557275,8796.493623716548,8620.033982759018,64885.4
2026-08-07 20:00:00+00:00,8076.009922865263,7988.214565246786,8627.976629557275,8796.493623716548,8620.033982759018,64932.9
2026-08-08 00:00:00+00:00,8076.009922865263,7988.214565246786,8627.976629557275,8796.493623716548,8620.033982759018,64885.4
2026-08-08 04:00:00+00:00,8076.009922865263,7988.214565246786,8627.976629557275,8796.493623716548,8620.033982759018,65000.0
2026-08-08 08:00:00+00:00,8076.009922865263,7988.214565246786,8627.976629557275,8796.493623716548,8620.033982759018,64936.3
2026-08-08 12:00:00+00:00,8076.009922865263,7988.214565246786,8627.976629557275,8796.493623716548,8620.033982759018,64938.5
2026-08-08 16:00:00+00:00,8076.009922865263,7988.214565246786,8627.976629557275,8796.493623716548,8620.033982759018,65049.3
2026-08-08 20:00:00+00:00,8076.009922865263,7988.214565246786,8627.976629557275,8796.493623716548,8620.033982759018,65045.5
2026-08-09 00:00:00+00:00,8076.009922865263,7988.214565246786,8627.976629557275,8796.493623716548,8620.033982759018,64928.5
2026-08-09 04:00:00+00:00,8076.009922865263,7988.214565246786,8627.976629557275,8796.493623716548,8620.033982759018,64759.0
2026-08-09 08:00:00+00:00,8076.009922865263,7988.214565246786,8627.976629557275,8796.493623716548,8620.033982759018,64793.6
2026-08-09 12:00:00+00:00,8076.009922865263,7988.214565246786,8627.976629557275,8796.493623716548,8620.033982759018,64921.8
2026-08-09 16:00:00+00:00,8076.009922865263,7988.214565246786,8627.976629557275,8796.493623716548,8620.033982759018,65207.7
2026-08-09 20:00:00+00:00,8076.009922865263,7988.214565246786,8627.976629557275,8796.493623716548,8620.033982759018,65153.2
2026-08-10 00:00:00+00:00,8076.009922865263,7988.214565246786,8627.976629557275,8796.493623716548,8620.033982759018,64867.8
2026-08-10 04:00:00+00:00,8076.009922865263,7988.214565246786,8627.976629557275,8796.493623716548,8620.033982759018,64946.4
2026-08-10 08:00:00+00:00,8076.009922865263,7988.214565246786,8627.976629557275,8796.493623716548,8620.033982759018,65183.0
2026-08-10 12:00:00+00:00,8076.009922865263,7988.214565246786,8627.976629557275,8796.493623716548,8620.033982759018,65097.6
2026-08-10 16:00:00+00:00,8076.009922865263,7988.214565246786,8627.976629557275,8796.493623716548,8620.033982759018,64268.8
2026-08-10 20:00:00+00:00,8076.009922865263,7988.214565246786,8627.976629557275,8796.493623716548,8620.033982759018,64017.2
2026-08-11 00:00:00+00:00,8076.009922865263,7988.214565246786,8627.976629557275,8796.493623716548,8620.033982759018,63939.3
2026-08-11 04:00:00+00:00,8076.009922865263,7988.214565246786,8627.976629557275,8796.493623716548,8620.033982759018,64110.7
2026-08-11 08:00:00+00:00,8076.009922865263,7988.214565246786,8627.976629557275,8796.493623716548,8620.033982759018,64031.7
2026-08-11 12:00:00+00:00,8076.009922865263,7988.214565246786,8627.976629557275,8796.493623716548,8620.033982759018,64358.3
2026-08-11 16:00:00+00:00,8076.009922865263,7988.214565246786,8627.976629557275,8796.493623716548,8620.033982759018,63585.3
2026-08-11 20:00:00+00:00,8076.009922865263,7988.214565246786,8627.976629557275,8796.493623716548,8620.033982759018,63508.5
2026-08-12 00:00:00+00:00,8076.009922865263,7988.214565246786,8627.976629557275,8796.493623716548,8619.283035788136,63572.0
2026-08-12 04:00:00+00:00,8076.009922865263,7988.214565246786,8627.976629557275,8796.493623716548,8610.566862798814,63800.1
2026-08-12 08:00:00+00:00,8076.009922865263,7988.214565246786,8627.976629557275,8796.493623716548,8610.593238145366,63804.8
2026-08-12 12:00:00+00:00,8076.009922865263,7988.214565246786,8627.976629557275,8796.493623716548,8596.74220677744,64207.3
2026-08-12 16:00:00+00:00,8076.009922865263,7988.214565246786,8627.976629557275,8796.493623716548,8623.718925812253,63421.4
2026-08-12 20:00:00+00:00,8076.009922865263,7988.214565246786,8627.976629557275,8796.493623716548,8622.619410951887,63394.9
2026-08-13 00:00:00+00:00,8076.009922865263,7988.214565246786,8627.976629557275,8796.493623716548,8622.619410951887,63454.7
2026-08-13 04:00:00+00:00,8076.009922865263,7988.214565246786,8627.976629557275,8796.493623716548,8620.91897977391,63623.5
2026-08-13 08:00:00+00:00,8076.009922865263,7988.214565246786,8627.976629557275,8796.493623716548,8613.067133857143,63833.0
2026-08-13 12:00:00+00:00,8076.009922865263,7988.214565246786,8627.976629557275,8796.493623716548,8625.86187262869,63458.5
2026-08-13 16:00:00+00:00,8076.009922865263,7988.214565246786,8627.976629557275,8796.493623716548,8628.56281531377,63385.0
2026-08-13 20:00:00+00:00,8076.009922865263,7988.214565246786,8627.976629557275,8796.493623716548,8628.480091559306,63387.4
2026-08-14 00:00:00+00:00,8076.009922865263,7988.214565246786,8627.976629557275,8796.493623716548,8626.27824319489,63456.7
2026-08-14 04:00:00+00:00,8076.009922865263,7988.214565246786,8627.976629557275,8796.493623716548,8632.081483760985,63288.1
2026-08-14 08:00:00+00:00,8076.009922865263,7988.214565246786,8627.976629557275,8796.493623716548,8646.026634505815,62888.1
2026-08-14 12:00:00+00:00,8076.009922865263,7988.214565246786,8627.976629557275,8796.493623716548,8647.791546600662,62837.4
2026-08-14 16:00:00+00:00,8076.009922865263,7988.214565246786,8627.976629557275,8796.493623716548,8643.672573373722,62956.0
2026-08-14 20:00:00+00:00,8076.009922865263,7988.214565246786,8627.976629557275,8796.493623716548,8644.357421751634,62936.3
2026-08-15 00:00:00+00:00,8076.009922865263,7988.214565246786,8627.976629557275,8796.493623716548,8641.769289522039,63015.0
2026-08-15 04:00:00+00:00,8076.009922865263,7988.214565246786,8627.976629557275,8796.493623716548,8641.238017209957,63030.3
2026-08-15 08:00:00+00:00,8076.009922865263,7988.214565246786,8627.976629557275,8796.493623716548,8640.703833237501,63049.8
2026-08-15 12:00:00+00:00,8076.009922865263,7988.214565246786,8627.976629557275,8796.493623716548,8642.671336630518,62993.1
2026-08-15 16:00:00+00:00,8076.009922865263,7988.214565246786,8627.976629557275,8796.493623716548,8640.185579996307,63068.0
2026-08-15 20:00:00+00:00,8076.009922865263,7988.214565246786,8627.976629557275,8796.493623716548,8639.297563564958,63093.6
2026-08-16 00:00:00+00:00,8076.009922865263,7988.214565246786,8627.976629557275,8796.493623716548,8640.69511367912,63053.9
2026-08-16 04:00:00+00:00,8076.009922865263,7988.214565246786,8627.976629557275,8796.493623716548,8639.213511433818,63096.6
2026-08-16 08:00:00+00:00,8076.009922865263,7988.214565246786,8627.976629557275,8796.493623716548,8641.413587585454,63034.3
2026-08-16 12:00:00+00:00,8076.009922865263,7988.214565246786,8627.976629557275,8796.493623716548,8643.26024576566,62981.1
2026-08-16 16:00:00+00:00,8076.009922865263,7988.214565246786,8627.976629557275,8796.493623716548,8638.758562262048,63113.8
2026-08-16 20:00:00+00:00,8076.009922865263,7988.214565246786,8627.976629557275,8796.493623716548,8639.853731192548,63082.2
2026-08-17 00:00:00+00:00,8076.009922865263,7988.214565246786,8627.976629557275,8796.493623716548,8647.088064917783,62876.0
2026-08-17 04:00:00+00:00,8076.009922865263,7988.214565246786,8627.976629557275,8796.493623716548,8628.500154493073,63409.8
2026-08-17 08:00:00+00:00,8076.009922865263,7988.214565246786,8627.976629557275,8796.493623716548,8625.772107571624,63493.5
2026-08-17 12:00:00+00:00,8076.009922865263,7988.214565246786,8627.976629557275,8796.493623716548,8622.108699105027,63600.0
2026-08-17 16:00:00+00:00,8076.009922865263,7988.214565246786,8627.976629557275,8796.493623716548,8621.017131790577,64169.9
2026-08-17 20:00:00+00:00,8076.009922865263,7988.214565246786,8627.976629557275,8796.493623716548,8621.017131790577,64280.4
2026-08-18 00:00:00+00:00,8076.009922865263,7988.214565246786,8627.976629557275,8796.493623716548,8621.017131790577,64504.1
2026-08-18 04:00:00+00:00,8076.009922865263,7988.214565246786,8627.976629557275,8796.493623716548,8621.017131790577,64147.4
2026-08-18 08:00:00+00:00,8076.009922865263,7988.214565246786,8627.976629557275,8796.493623716548,8621.017131790577,64170.9
2026-08-18 12:00:00+00:00,8076.009922865263,7988.214565246786,8627.976629557275,8796.493623716548,8621.017131790577,64326.0
2026-08-18 16:00:00+00:00,8076.009922865263,7988.214565246786,8627.976629557275,8796.493623716548,8621.017131790577,64823.9
2026-08-18 20:00:00+00:00,8076.009922865263,7988.214565246786,8627.976629557275,8796.493623716548,8621.017131790577,64619.7
2026-08-19 00:00:00+00:00,8076.009922865263,7988.214565246786,8627.976629557275,8796.493623716548,8621.017131790577,64694.0
2026-08-19 04:00:00+00:00,8076.009922865263,7988.214565246786,8627.976629557275,8796.493623716548,8621.017131790577,64296.3
2026-08-19 08:00:00+00:00,8076.009922865263,7988.214565246786,8627.976629557275,8796.493623716548,8621.017131790577,64266.1
2026-08-19 12:00:00+00:00,8076.009922865263,7988.214565246786,8627.976629557275,8796.493623716548,8621.017131790577,64479.0
2026-08-19 16:00:00+00:00,8076.009922865263,7988.214565246786,8627.976629557275,8796.493623716548,8621.017131790577,68523.7
2026-08-19 20:00:00+00:00,8027.035104652829,7937.3527135323975,8553.483643853255,8720.545681123354,8546.584233612277,68404.1
2026-08-20 00:00:00+00:00,8312.345714823763,8233.581827038272,8986.525755712262,9162.045738357976,8979.27704508027,69310.0
2026-08-20 04:00:00+00:00,8271.329020445648,8190.922385639403,8923.364140849764,9097.650484840684,8916.16637763412,69183.5
2026-08-20 08:00:00+00:00,8473.50510114724,8401.143622181244,9234.039947695324,9414.394244275298,9226.591587187087,69815.9
2026-08-20 12:00:00+00:00,9156.122189494072,9111.770728223759,10293.611164844093,10494.66043595609,10285.30813309183,71896.2
2026-08-20 16:00:00+00:00,9337.237530000803,9301.02066341497,10583.636380557093,10790.350268030581,10575.099408690283,72429.0
2026-08-20 20:00:00+00:00,9414.159550565691,9381.475505167604,10707.827782501794,10916.967309572457,10699.190635377032,72649.7
2026-08-21 00:00:00+00:00,9535.164890045404,9508.090000422037,10903.869590966111,11116.838101089277,10895.07431261467,72998.7
2026-08-21 04:00:00+00:00,10059.305658934918,10056.875107340265,11757.607812572853,11987.251077981191,11748.123891970545,74482.9
2026-08-21 08:00:00+00:00,10725.009283940803,10755.695022381155,12865.90499573205,13117.194925006093,12855.527100551206,76310.4
2026-08-21 12:00:00+00:00,10891.666839185282,10931.18612727677,13150.673538343262,13407.525413470006,13140.065943185075,76749.0
2026-08-21 16:00:00+00:00,11069.356588463328,11118.437329364895,13456.264401635779,13719.084912971872,13445.410310801732,77219.8
2026-08-21 20:00:00+00:00,10982.388686979195,11026.716142833444,13305.67810000817,13565.557440777699,13294.945475083787,76995.4
2026-08-22 00:00:00+00:00,11486.025878085278,11557.669629252952,14174.80329133587,14451.657917398697,14163.369612724426,78309.1
2026-08-22 04:00:00+00:00,11520.089682787948,11593.659719777734,14234.680941287574,14512.70506537067,14223.198964171277,78395.0
2026-08-22 08:00:00+00:00,11076.656278126025,11125.081179959621,13454.231766153245,13717.01257714748,13443.379314883456,77286.7
2026-08-22 12:00:00+00:00,11018.99964488161,11064.27704875193,13354.479252805366,13615.311751416411,13343.70726389931,77137.9
2026-08-22 16:00:00+00:00,10961.063716105898,11003.19436002379,13254.466103087056,13513.345198705656,13243.774786779222,76995.6
2026-08-22 20:00:00+00:00,11125.331968950739,11176.338987046287,13537.40165203217,13801.80689245808,13526.482114276185,77422.4
2026-08-23 00:00:00+00:00,10991.050651787438,11034.697173511715,13304.666346021231,13564.525925756621,13293.93453719776,77084.5
2026-08-23 04:00:00+00:00,10935.77119922953,10976.423252288854,13209.353189051602,13467.3511635224,13198.698261718606,76941.1
2026-08-23 08:00:00+00:00,10578.981251503505,10600.401179642278,12595.493535889684,12841.5019341217,12585.333759977311,76020.3
2026-08-23 12:00:00+00:00,11058.941485574825,11105.379821346869,12979.51580481833,13233.024719246503,12969.04626889643,77296.0
2026-08-23 16:00:00+00:00,10989.420074182444,11032.075810809572,12900.036408082875,13151.992973726332,12889.630981825134,77124.0
2026-08-23 20:00:00+00:00,11059.18644174678,11105.614836832783,12975.775567585542,13229.211429713858,12965.309048613479,77305.1
2026-08-24 00:00:00+00:00,11216.320987690158,11271.298772237957,13146.281709984003,13403.047806283821,13135.677657362026,77719.1
2026-08-24 04:00:00+00:00,10906.55701802716,10944.452351961929,12810.511923410435,13060.719945019944,12800.17870938482,76925.2
2026-08-24 08:00:00+00:00,11047.966631052188,11093.448346552055,12930.094121856728,13182.637758582312,12919.66445044849,77301.8
2026-08-24 12:00:00+00:00,11483.669326734254,11552.819539997567,13307.171640344965,13567.080152140212,13296.437810701202,78429.4
2026-08-24 16:00:00+00:00,11733.876931361396,11817.11951090636,13521.57256122295,13785.668636369675,13510.665791526833,79069.3
2026-08-24 20:00:00+00:00,11591.766936304699,11666.845450137027,13400.476125780437,13662.207010549355,13389.667034880658,78715.1
2026-08-25 00:00:00+00:00,11684.660719680467,11765.015667919419,13479.8866935096,13743.16858273214,13469.01354846451,78953.0
2026-08-25 04:00:00+00:00,12286.680775938858,12401.48379843773,13993.459661135881,14266.772381050447,13982.172257907827,80457.6
2026-08-25 08:00:00+00:00,11954.675710229625,12049.621216964293,13645.028576482846,13911.535928049956,13634.022224706321,79661.5
