entry_time,side,equity_before,exit_time,pnl,exit_reason,equity_at_trigger,v71_market_state,v71_daily_state,v71_daily_bias,v71_tradability_state,v71_direction_context,v71_permission_scale,v71_permission_reason,regime,v71_speed_mode,v71_speed_reason,v71_live_reason,entry_year
2020-01-23 16:00:00+00:00,short,10000.0,2020-01-24 20:00:00+00:00,-38.75212460383773,signal,,trend_down,0,neutral,tradable_strong,short_probe,0.3102890699546078,probe_short,trend_short,normal,probe_short,,2020
2020-01-27 16:00:00+00:00,long,9961.247875396162,2020-01-28 01:02:00+00:00,1041.119731823106,take_profit,11016.144387793707,trend_up,0,neutral,tradable_strong,long_continuation,1.0,confirmed_long,trend_long,normal,confirmed_long,,2020
2020-01-28 04:00:00+00:00,long,11002.367607219268,2020-01-28 04:10:00+00:00,-7.545033162381515,take_profit,11012.621005952094,trend_up,0,neutral,tradable_strong,long_continuation,1.0,confirmed_long,trend_long,normal,confirmed_long,,2020
2020-01-28 08:00:00+00:00,long,10994.822574056889,2020-01-28 14:12:00+00:00,151.0880777633538,take_profit,11150.498347140754,trend_up,0,neutral,tradable_strong,long_continuation,1.0,confirmed_long,trend_long,normal,confirmed_long,,2020
2020-01-28 16:00:00+00:00,long,11145.91065182024,2020-01-28 17:32:00+00:00,-330.11836905733617,stop_loss,10828.111483167417,trend_up,0,neutral,tradable_strong,long_continuation,1.0,confirmed_long,trend_long,normal,confirmed_long,,2020
2020-01-28 20:00:00+00:00,long,10815.792282762905,2020-01-28 22:45:00+00:00,100.64602786601972,take_profit,10920.701900110877,trend_up,0,neutral,tradable_strong,long_continuation,1.0,confirmed_long,trend_long,normal,confirmed_long,protective_exit,2020
2020-01-29 16:01:00+00:00,long,10916.438310628924,2020-01-31 12:41:00+00:00,-101.92364680836543,stop_loss,10818.474605792126,trend_up,0,neutral,tradable_strong,long_continuation,0.9279716934981228,confirmed_long,trend_long,normal,confirmed_long,,2020
2020-02-01 12:00:00+00:00,long,10814.51466382056,2020-02-02 04:08:00+00:00,-118.26011250065676,stop_loss,10697.35061740294,trend_up,1,bias_up,tradable_weak,long_probe,0.5328205775590653,probe_long,trend_long,normal,probe_long,,2020
2020-02-02 08:02:00+00:00,long,10696.254551319902,2020-02-04 05:45:00+00:00,-38.784985833901374,stop_loss,10658.573478884233,trend_up,1,bias_up,tradable_strong,long_probe,0.4199017284622888,probe_long,trend_long,normal,probe_long,,2020
2020-02-06 00:00:00+00:00,long,10657.469565486,2020-02-09 04:00:00+00:00,152.0130470782151,signal,,trend_up,1,bias_up,tradable_strong,long_continuation,0.8635728890558486,confirmed_long,trend_long,normal,confirmed_long,,2020
2020-02-09 20:00:00+00:00,long,10809.482612564216,2020-02-10 05:58:00+00:00,-176.10536610227246,stop_loss,10638.558232644564,trend_up,1,bias_up,tradable_strong,long_continuation,1.0,confirmed_long,trend_long,normal,confirmed_long,,2020
2020-02-10 08:01:00+00:00,long,10633.377246461943,2020-02-10 08:11:00+00:00,-7.574451225260418,stop_loss,10626.953571975322,range,1,bias_up,tradable_strong,long_probe,0.3912271958933068,probe_long,trend_stop,none,trend_trailing_stop,,2020
2020-02-12 00:00:00+00:00,long,10625.802795236685,2020-02-13 09:25:00+00:00,-104.23849839422472,stop_loss,10525.90474315069,trend_up,1,bias_up,tradable_strong,long_continuation,0.858927275710095,confirmed_long,trend_long,normal,confirmed_long,,2020
2020-02-14 04:00:00+00:00,long,10521.564296842458,2020-02-15 15:52:00+00:00,-167.52730120520027,stop_loss,10354.845659365894,trend_up,1,bias_up,tradable_strong,long_continuation,0.7979999999999999,confirmed_long,trend_long,normal,confirmed_long,,2020
2020-02-26 04:01:00+00:00,short,10354.036995637258,2020-02-26 16:45:00+00:00,103.60916100809118,take_profit,10458.493037025324,trend_down,0,neutral,tradable_strong,short_release,0.5926515029665971,confirmed_short,trend_short,normal,confirmed_short,,2020
2020-02-29 04:00:00+00:00,short,10457.646156645347,2020-03-02 13:22:00+00:00,-14.249781134149089,stop_loss,10444.46251933341,trend_down,-1,bias_down,tradable_weak,short_probe,0.36,probe_short,trend_short,normal,probe_short,,2020
2020-03-08 20:00:00+00:00,short,10443.3963755112,2020-03-09 04:34:00+00:00,34.58514079067754,take_profit,10478.270750556394,trend_down,-1,bias_down,tradable_strong,short_release,0.9933333333333334,confirmed_short,trend_short,rapid,confirmed_short+rapid,,2020
2020-03-10 04:00:00+00:00,short,10477.981516301876,2020-03-12 07:14:00+00:00,55.29737247632693,take_profit,10533.639087915104,trend_down,-1,bias_down,tradable_strong,short_release,0.9,confirmed_short,trend_short,normal,confirmed_short,,2020
2020-03-13 04:01:00+00:00,short,10533.278888778204,2020-03-15 21:57:00+00:00,-129.86840055873472,stop_loss,10403.86115697825,trend_down,-1,bias_down,tradable_strong,short_release,0.9,confirmed_short,trend_short,rapid,confirmed_short+rapid,,2020
2020-03-17 08:00:00+00:00,short,10403.41048821947,2020-03-17 20:00:00+00:00,-0.1310886417049914,signal,,trend_down,-1,bias_down,tradable_strong,short_release,0.6328013393705675,confirmed_short,trend_short,normal,confirmed_short,,2020
2020-03-18 08:00:00+00:00,short,10403.279399577765,2020-03-19 04:00:00+00:00,-3.009815774265008,signal,,trend_down,-1,bias_down,tradable_strong,short_release,0.5851722849043639,confirmed_short,trend_short,normal,confirmed_short,,2020
2020-03-29 04:00:00+00:00,short,10400.2695838035,2020-03-30 05:13:00+00:00,-3.0979328680859908,stop_loss,10397.655852575786,trend_down,-1,bias_down,tradable_strong,short_release,0.7748260946776488,confirmed_short,trend_short,normal,confirmed_short,,2020
2020-04-04 16:00:00+00:00,long,10397.171650935414,2020-04-05 08:00:00+00:00,2.93187864385618,signal,,trend_up,0,neutral,tradable_weak,long_probe,0.451198185453612,probe_long,trend_long,normal,probe_long,,2020
2020-04-06 00:00:00+00:00,long,10400.10352957927,2020-04-06 23:57:00+00:00,43.77961785296429,take_profit,10444.179271193138,trend_up,0,neutral,tradable_strong,long_probe,0.6305973333333332,confirmed_long,trend_long,normal,confirmed_long,,2020
2020-04-07 16:00:00+00:00,long,10443.883147432234,2020-04-08 00:00:00+00:00,-9.23783875272602,signal,,trend_up,0,neutral,tradable_strong,long_continuation,1.0,confirmed_long,trend_long,normal,confirmed_long,,2020
2020-04-08 16:00:00+00:00,long,10434.645308679508,2020-04-09 04:00:00+00:00,0.2007019976317678,signal,,trend_up,0,neutral,tradable_weak,long_probe,0.525084,probe_long,trend_long,normal,probe_long,,2020
2020-04-09 20:00:00+00:00,long,10434.84601067714,2020-04-10 05:01:00+00:00,-21.58441977681105,stop_loss,10413.57375790227,trend_up,0,neutral,tradable_strong,long_probe,0.5669793917655682,probe_long,trend_long,normal,probe_long,,2020
2020-04-23 20:00:00+00:00,long,10413.261590900329,2020-04-29 10:06:00+00:00,1025.6745878163983,take_profit,11448.116065705704,trend_up,0,neutral,tradable_strong,long_continuation,1.0,confirmed_long,trend_long,normal,confirmed_long,,2020
2020-04-30 04:00:00+00:00,long,11438.936178716727,2020-04-30 09:06:00+00:00,-890.6713151924814,stop_loss,10560.64641299424,trend_up,1,bias_up,tradable_strong,long_continuation,1.0,confirmed_long,trend_long,normal,confirmed_long,,2020
2020-05-01 00:00:00+00:00,long,10548.264863524246,2020-05-03 14:50:00+00:00,176.83893677858396,stop_loss,10730.282632773358,trend_up,1,bias_up,tradable_strong,long_continuation,1.0,confirmed_long,trend_long,normal,confirmed_long,,2020
2020-05-03 16:00:00+00:00,long,10725.10380030283,2020-05-03 17:55:00+00:00,-11.889233399055229,stop_loss,10714.664112887893,trend_up,1,bias_up,tradable_weak,long_probe,0.4651162910852912,probe_long,trend_long,normal,probe_long,,2020
2020-05-04 20:02:00+00:00,long,10713.214566903776,2020-05-07 13:22:00+00:00,390.5347899629123,take_profit,11110.649108234686,trend_up,1,bias_up,tradable_strong,long_probe,0.3710731573069168,probe_long,trend_long,normal,probe_long,,2020
2020-05-08 08:00:00+00:00,long,11103.749356866689,2020-05-09 07:58:00+00:00,43.232681342555225,stop_loss,11149.856662113058,trend_up,1,bias_up,tradable_strong,long_continuation,0.9907543049777113,confirmed_long,trend_long,normal,confirmed_long,,2020
2020-05-09 12:00:00+00:00,long,11146.982038209242,2020-05-09 21:11:00+00:00,-9.803567859848044,stop_loss,11137.873991089406,trend_up,1,bias_up,tradable_strong,long_probe,0.7314275420545171,confirmed_long,trend_long,normal,confirmed_long,,2020
2020-05-14 12:01:00+00:00,long,11137.178470349394,2020-05-15 02:33:00+00:00,-128.898424009054,stop_loss,11009.88581757053,trend_up,1,bias_up,tradable_strong,long_continuation,1.0,confirmed_long,trend_long,normal,confirmed_long,,2020
2020-05-16 12:01:00+00:00,long,11008.28004634034,2020-05-18 12:00:00+00:00,-156.83351571032108,signal,,trend_up,1,bias_up,tradable_weak,long_probe,0.49390046362256046,probe_long,trend_long,normal,probe_long,,2020
2020-05-19 20:00:00+00:00,long,10851.44653063002,2020-05-20 15:50:00+00:00,-105.4453406727971,stop_loss,10747.95976684658,trend_up,1,bias_up,tradable_weak,long_probe,0.2857764816585287,probe_long,trend_long,normal,probe_long,,2020
2020-05-26 16:00:00+00:00,short,10746.001189957222,2020-05-27 10:29:00+00:00,-52.94537541628961,stop_loss,10693.914869977798,trend_down,0,neutral,tradable_strong,short_release,0.4583419313327244,probe_short,trend_short,normal,probe_short,,2020
2020-05-29 08:00:00+00:00,long,10693.055814540932,2020-05-31 21:23:00+00:00,-150.01642359766993,stop_loss,10551.399537394993,trend_up,0,neutral,tradable_strong,long_continuation,1.0,confirmed_long,trend_long,normal,confirmed_long,,2020
2020-06-01 00:00:00+00:00,long,10543.039390943262,2020-06-01 00:00:00+00:00,-4.226930375119991,stop_loss,10541.026412395278,trend_up,0,neutral,tradable_strong,long_continuation,0.7741850531469855,confirmed_long,trend_long,normal,confirmed_long,,2020
2020-06-01 04:01:00+00:00,long,10538.812460568142,2020-06-01 20:01:00+00:00,8.5474267081172,signal,,trend_up,0,neutral,tradable_weak,long_probe,0.5067322039657394,probe_long,trend_long,normal,probe_long,,2020
2020-06-02 08:03:00+00:00,long,10547.35988727626,2020-06-02 14:46:00+00:00,-249.99727116626127,stop_loss,10301.161144120751,trend_up,0,neutral,tradable_strong,long_continuation,1.0,confirmed_long,trend_long,normal,confirmed_long,,2020
2020-06-15 12:00:00+00:00,short,10297.362616109998,2020-06-15 16:05:00+00:00,-47.074159240515655,stop_loss,10251.208941333338,trend_down,0,neutral,tradable_strong,short_release,0.5842592707912049,confirmed_short,trend_short,normal,confirmed_short,,2020
2020-06-20 00:00:00+00:00,short,10250.288456869484,2020-06-20 04:00:00+00:00,-0.87824890920092,signal,,trend_down,1,bias_up,tradable_strong,short_blocked_daily_bias,0.0,short_daily_bias,trend_short_wait,none,short_daily_bias,,2020
2020-06-24 00:00:00+00:00,long,10249.410207960282,2020-06-24 08:00:00+00:00,-212.71569143349552,stop_loss,10038.644879313117,trend_up,1,bias_up,tradable_strong,long_continuation,1.0,confirmed_long,trend_long,normal,confirmed_long,,2020
2020-06-26 04:01:00+00:00,short,10036.694516526786,2020-06-27 12:00:00+00:00,11.661198377672918,signal,,trend_down,0,neutral,tradable_strong,short_release,0.5796189255554715,confirmed_short,trend_short,normal,confirmed_short,,2020
2020-06-28 00:01:00+00:00,short,10048.35571490446,2020-06-28 16:11:00+00:00,-27.27065199151548,stop_loss,10021.7828990102,trend_down,0,neutral,tradable_strong,short_release,0.5523715577484081,confirmed_short,trend_short,normal,confirmed_short,,2020
2020-06-29 04:01:00+00:00,short,10021.085062912944,2020-06-29 18:00:00+00:00,-12.453276263549924,stop_loss,10009.397047944543,trend_down,0,neutral,tradable_strong,short_release,0.4286570729032941,probe_short,trend_short,normal,probe_short,,2020
2020-06-30 16:00:00+00:00,short,10008.631786649394,2020-06-30 20:00:00+00:00,5.199213267020241,signal,,trend_down,0,neutral,tradable_weak,short_probe,0.0,weak_short_quality,trend_short_wait,none,weak_short_quality,,2020
2020-07-04 16:00:00+00:00,short,10013.830999916414,2020-07-06 06:20:00+00:00,-22.610463327868278,stop_loss,9991.49981127586,trend_down,-1,bias_down,tradable_strong,short_release,0.7459899199153188,confirmed_short,trend_short,normal,confirmed_short,,2020
2020-07-22 08:00:00+00:00,long,9991.220536588546,2020-07-22 22:32:00+00:00,515.193609648637,take_profit,10519.402463560014,trend_up,0,neutral,tradable_strong,long_continuation,0.9373432990478103,confirmed_long,trend_long,normal,confirmed_long,,2020
2020-07-23 16:00:00+00:00,long,10506.414146237184,2020-07-24 06:52:00+00:00,-272.301038466936,stop_loss,10259.203518559909,trend_up,0,neutral,tradable_strong,long_continuation,1.0,confirmed_long,trend_long,normal,confirmed_long,,2020
2020-07-24 08:01:00+00:00,long,10234.113107770248,2020-07-26 08:48:00+00:00,512.0820247958272,take_profit,10757.356262882213,trend_up,0,neutral,tradable_strong,long_continuation,0.9838672352346829,confirmed_long,trend_long,normal,confirmed_long,,2020
2020-07-27 04:00:00+00:00,long,10746.195132566074,2020-07-27 16:54:00+00:00,738.9992168786885,take_profit,11492.071463283974,trend_up,1,bias_up,tradable_strong,long_continuation,1.0,confirmed_long,trend_long,normal,confirmed_long,,2020
2020-07-28 12:00:00+00:00,long,11485.194349444762,2020-07-30 13:05:00+00:00,-184.82464022805837,stop_loss,11305.108089466576,trend_up,1,bias_up,tradable_strong,long_continuation,1.0,confirmed_long,trend_long,normal,confirmed_long,,2020
2020-08-01 08:00:00+00:00,long,11300.369709216704,2020-08-01 08:03:00+00:00,78.17207766127831,take_profit,11391.868176758824,trend_up,1,bias_up,tradable_strong,long_continuation,1.0,confirmed_long,trend_long,normal,confirmed_long,,2020
2020-08-01 12:00:00+00:00,long,11378.541786877982,2020-08-01 12:08:00+00:00,25.63751409658471,take_profit,11408.919913975658,trend_up,1,bias_up,tradable_strong,long_continuation,1.0,confirmed_long,trend_long,normal,confirmed_long,,2020
2020-08-01 16:00:00+00:00,long,11404.179300974569,2020-08-01 17:20:00+00:00,136.06003658782174,take_profit,11553.84665265811,trend_up,1,bias_up,tradable_strong,long_continuation,1.0,confirmed_long,trend_long,normal,confirmed_long,protective_exit,2020
2020-08-28 00:01:00+00:00,long,11540.239337562389,2020-08-28 04:00:00+00:00,0.6103007712117687,signal,,range,1,bias_up,tradable_weak,short_blocked_daily_bias,0.0,range_wait,range_exit,none,range_exit,,2020
2020-09-04 04:00:00+00:00,short,11540.8496383336,2020-09-07 22:41:00+00:00,-4.736772101314273,stop_loss,11536.438961528387,trend_down,0,neutral,tradable_strong,short_release,0.6030000000000001,confirmed_short,trend_short,normal,confirmed_short,,2020
2020-09-08 16:00:00+00:00,short,11536.112866232286,2020-09-09 08:00:00+00:00,-5.914927069385158,signal,,trend_down,-1,bias_down,tradable_strong,short_probe,0.5888888888888888,confirmed_short,trend_short,normal,confirmed_short,,2020
2020-09-10 12:00:00+00:00,short,11530.1979391629,2020-09-11 08:00:00+00:00,1.713537125775474,signal,,trend_down,-1,bias_down,tradable_strong,short_probe,0.41882476291308,probe_short,trend_short,normal,probe_short,,2020
2020-09-22 12:00:00+00:00,short,11531.911476288677,2020-09-24 15:36:00+00:00,-1.46958742712377,stop_loss,11530.860530621205,trend_down,-1,bias_down,tradable_strong,short_release,0.874585705382307,confirmed_short,trend_short,normal,confirmed_short,,2020
2020-10-09 20:00:00+00:00,long,11530.441888861553,2020-10-10 02:07:00+00:00,1544.6261795240698,take_profit,13102.9661999379,trend_up,0,neutral,tradable_strong,long_continuation,0.9601095125691834,confirmed_long,trend_long,normal,confirmed_long,,2020
2020-10-10 20:00:00+00:00,long,13075.068068385624,2020-10-12 10:42:00+00:00,-635.4360391839182,stop_loss,12463.96381085936,trend_up,0,neutral,tradable_strong,long_continuation,1.0,confirmed_long,trend_long,normal,confirmed_long,,2020
2020-10-12 12:00:00+00:00,long,12439.632029201704,2020-10-13 13:54:00+00:00,300.7883497114817,stop_loss,12755.091413524247,trend_up,0,neutral,tradable_strong,long_continuation,0.9549671736160501,confirmed_long,trend_long,normal,confirmed_long,,2020
2020-10-14 16:00:00+00:00,long,12740.420378913186,2020-10-16 04:19:00+00:00,-285.51106191488543,stop_loss,12470.145997524243,trend_up,0,neutral,tradable_strong,long_probe,0.6700902898985114,confirmed_long,trend_long,normal,confirmed_long,,2020
2020-10-17 00:02:00+00:00,long,12454.9093169983,2020-10-17 04:00:00+00:00,10.152245547442362,signal,,trend_up,1,bias_up,untradable,long_blocked_untradable,0.0,weak_long_quality,trend_long_wait,none,weak_long_quality,,2020
2020-10-19 20:01:00+00:00,long,12465.061562545745,2020-10-21 02:57:00+00:00,645.2530517506966,take_profit,13120.537871750765,trend_up,1,bias_up,tradable_strong,long_continuation,1.0,confirmed_long,trend_long,normal,confirmed_long,,2020
2020-10-21 20:00:00+00:00,long,13110.31461429644,2020-10-23 16:42:00+00:00,200.2170160429141,stop_loss,13325.589422449128,trend_up,1,bias_up,tradable_strong,long_continuation,1.0,confirmed_long,trend_long,normal,confirmed_long,,2020
2020-10-25 00:00:00+00:00,long,13310.531630339354,2020-10-25 03:32:00+00:00,352.060994000698,take_profit,13679.79984868979,trend_up,1,bias_up,tradable_strong,long_continuation,1.0,confirmed_long,trend_long,normal,confirmed_long,protective_exit,2020
2020-10-25 20:00:00+00:00,long,13662.592624340052,2020-10-26 17:01:00+00:00,-447.598336838857,stop_loss,13217.825345144262,trend_up,1,bias_up,tradable_strong,long_probe,0.71348000597964,confirmed_long,trend_long,normal,confirmed_long,,2020
2020-10-27 04:02:00+00:00,long,13214.994287501197,2020-10-27 17:35:00+00:00,527.7969341640273,take_profit,13754.794721662924,trend_up,1,bias_up,tradable_weak,long_probe,0.3035557136730884,probe_long,trend_long,normal,probe_long,,2020
2020-11-01 00:00:00+00:00,long,13742.791221665222,2020-11-02 11:22:00+00:00,-688.8734445782738,stop_loss,13065.838049889637,trend_up,1,bias_up,tradable_strong,long_continuation,0.905425036435725,confirmed_long,trend_long,normal,confirmed_long,,2020
2020-11-03 04:00:00+00:00,long,13053.917777086948,2020-11-04 07:48:00+00:00,-459.6673683994595,stop_loss,12604.205147716077,trend_up,1,bias_up,tradable_strong,long_probe,0.4298286149551652,probe_long,trend_long,normal,probe_long,,2020
2020-11-05 00:00:00+00:00,long,12594.250408687489,2020-11-05 13:25:00+00:00,559.3932486257618,take_profit,13159.63719296668,trend_up,1,bias_up,tradable_strong,long_continuation,0.9509348728158926,confirmed_long,trend_long,normal,confirmed_long,,2020
2020-11-06 08:00:00+00:00,long,13153.64365731325,2020-11-07 16:25:00+00:00,-709.3286419874767,stop_loss,12453.521488455115,trend_up,1,bias_up,tradable_strong,long_continuation,1.0,confirmed_long,trend_long,normal,confirmed_long,,2020
2020-11-13 04:00:00+00:00,long,12444.315015325774,2020-11-14 08:22:00+00:00,-101.3897765336169,stop_loss,12344.444822549132,trend_up,1,bias_up,tradable_strong,long_continuation,0.9320636034170472,confirmed_long,trend_long,normal,confirmed_long,,2020
2020-11-22 08:00:00+00:00,long,12342.925238792155,2020-11-22 11:35:00+00:00,-110.07363398248162,stop_loss,12234.334667452284,range,1,bias_up,tradable_strong,long_probe,0.4830437045566292,probe_long,trend_stop,none,trend_trailing_stop,,2020
2020-11-23 00:00:00+00:00,long,12232.851604809675,2020-11-25 04:00:00+00:00,3.407484974919498,signal,,trend_up,1,bias_up,tradable_strong,long_probe,0.41429754945223385,probe_long,trend_long,normal,probe_long,,2020
2020-12-03 00:00:00+00:00,long,12236.259089784597,2020-12-03 04:00:00+00:00,-19.15702664650053,signal,,range,0,neutral,tradable_weak,neutral_wait,0.0,warmup,range_wait,none,trend_probe,,2020
2020-12-21 00:00:00+00:00,long,12217.102063138094,2020-12-21 10:16:00+00:00,-58.92062283046107,stop_loss,12159.678777334942,trend_up,1,bias_up,tradable_strong,long_continuation,0.8019483009513475,confirmed_long,trend_long,normal,confirmed_long,,2020
2020-12-28 16:00:00+00:00,long,12158.181440307631,2021-01-01 01:14:00+00:00,261.5911427558367,take_profit,12421.44715524124,trend_up,1,bias_up,tradable_strong,long_continuation,0.9421319557467327,confirmed_long,trend_long,normal,confirmed_long,,2020
2021-01-10 00:00:00+00:00,long,12419.77258306347,2021-01-10 17:22:00+00:00,-153.04849860313698,stop_loss,12268.196086351873,trend_up,1,bias_up,tradable_strong,long_probe,0.7801192650359369,confirmed_long,trend_long,normal,confirmed_long,,2021
2021-01-23 16:00:00+00:00,short,12266.724084460331,2021-01-25 03:50:00+00:00,-51.44969609447253,stop_loss,12215.810430639438,trend_down,0,neutral,tradable_weak,short_probe,0.24812505134188792,probe_short,trend_short,normal,probe_short,,2021
2021-02-04 08:00:00+00:00,long,12215.27438836586,2021-02-04 16:00:00+00:00,-105.52946742437416,signal,,trend_up,0,neutral,tradable_strong,long_continuation,1.0,confirmed_long,trend_long,normal,confirmed_long,,2021
2021-02-15 20:00:00+00:00,long,12109.744920941486,2021-02-16 00:00:00+00:00,-18.670095354527803,signal,,trend_up,1,bias_up,tradable_weak,long_probe,0.0,weak_long_quality,trend_long_wait,none,weak_long_quality,,2021
2021-03-01 08:00:00+00:00,short,12091.074825586958,2021-03-01 16:00:00+00:00,-17.325616046528012,signal,,trend_down,0,neutral,tradable_weak,short_probe,0.22789972831297664,probe_short,trend_short,normal,probe_short,,2021
2021-03-26 08:00:00+00:00,short,12073.74920954043,2021-03-27 00:00:00+00:00,-3.277274168025542,stop_loss,12070.527135576778,trend_down,0,neutral,tradable_strong,short_release,0.5522688708799451,confirmed_short,trend_short,normal,confirmed_short,,2021
2021-03-27 12:00:00+00:00,short,12070.471935372403,2021-03-27 20:00:00+00:00,-10.602400297577333,signal,,trend_down,0,neutral,tradable_weak,short_probe,0.26363670002099127,probe_short,trend_short,normal,probe_short,,2021
2021-04-25 04:00:00+00:00,short,12059.869535074828,2021-04-25 16:00:00+00:00,-16.609502722199977,signal,,trend_down,0,neutral,tradable_strong,short_release,0.44555000000000006,probe_short,trend_short,normal,probe_short,,2021
2021-05-13 04:00:00+00:00,short,12043.260032352628,2021-05-16 10:46:00+00:00,6.72704970106679,stop_loss,12050.658133511068,trend_down,0,neutral,tradable_strong,short_release,0.5881389484248721,confirmed_short,trend_short,normal,confirmed_short,,2021
2021-05-25 08:00:00+00:00,short,12049.987082053694,2021-05-26 06:25:00+00:00,-6.4729322709263215,stop_loss,12043.61482908899,trend_down,-1,bias_down,tradable_strong,short_release,0.6261406174144614,confirmed_short,trend_short,rapid,confirmed_short+rapid,,2021
2021-06-07 00:00:00+00:00,short,12043.514149782768,2021-06-08 02:52:00+00:00,151.70328671099742,take_profit,12195.929179814022,trend_down,0,neutral,tradable_strong,short_release,0.47118560434442314,probe_short,trend_short,normal,probe_short,,2021
2021-06-09 08:01:00+00:00,short,12195.217436493764,2021-06-09 12:00:00+00:00,-41.0830163957271,signal,,range,0,neutral,tradable_strong,short_release,0.5235041098500617,confirmed_short,trend_stop,none,trend_trailing_stop,,2021
2021-07-19 12:00:00+00:00,long,12154.134420098038,2021-07-19 16:00:00+00:00,-0.6040011745244556,signal,,range,0,neutral,tradable_strong,short_release,0.0,range_wait,range_exit,none,range_exit,,2021
2021-07-29 04:01:00+00:00,long,12153.530418923514,2021-07-30 04:00:00+00:00,21.085603421279306,signal,,trend_up,0,neutral,tradable_strong,long_probe,0.714162488312172,confirmed_long,trend_long,normal,confirmed_long,,2021
2021-08-07 00:00:00+00:00,long,12174.616022344791,2021-08-09 01:11:00+00:00,1.8891025128068577,stop_loss,12178.027902469214,trend_up,1,bias_up,tradable_strong,long_continuation,0.9141667222807023,confirmed_long,trend_long,normal,confirmed_long,,2021
2021-08-09 12:00:00+00:00,long,12176.5051248576,2021-08-09 18:39:00+00:00,21.95526578988756,take_profit,12199.987832768194,trend_up,1,bias_up,tradable_strong,long_continuation,0.8133527586615537,confirmed_long,trend_long,normal,confirmed_long,,2021
2021-08-10 12:00:00+00:00,long,12198.460390647488,2021-08-11 07:04:00+00:00,60.19008284801384,take_profit,12260.201058678642,trend_up,1,bias_up,tradable_strong,long_continuation,0.8272890332298113,confirmed_long,trend_long,normal,confirmed_long,,2021
2021-08-12 00:00:00+00:00,long,12258.650473495502,2021-08-12 14:28:00+00:00,-91.48379282323548,stop_loss,12168.64665751207,trend_up,1,bias_up,tradable_weak,long_probe,0.34939157611742155,probe_long,trend_long,normal,probe_long,,2021
2021-08-21 00:00:00+00:00,long,12167.166680672266,2021-08-22 16:00:00+00:00,-51.321879571411046,signal,,trend_up,1,bias_up,tradable_strong,long_continuation,1.0,confirmed_long,trend_long,normal,confirmed_long,,2021
2021-09-23 04:00:00+00:00,short,12115.844801100857,2021-09-25 00:00:00+00:00,2.483491648337804,signal,,trend_down,0,neutral,tradable_strong,short_release,0.43895816873058513,probe_short,trend_short,normal,probe_short,,2021
2021-10-07 04:00:00+00:00,long,12118.328292749193,2021-10-10 12:00:00+00:00,10.642453056609156,signal,,trend_up,0,neutral,tradable_strong,long_continuation,1.0,confirmed_long,trend_long,normal,confirmed_long,,2021
2021-10-17 16:00:00+00:00,long,12128.970745805802,2021-10-17 20:02:00+00:00,-52.04531697925813,stop_loss,12078.42037351218,trend_up,1,bias_up,tradable_strong,long_continuation,0.9109694614757246,confirmed_long,trend_long,normal,confirmed_long,,2021
2021-11-08 08:00:00+00:00,long,12076.925428826544,2021-11-09 16:11:00+00:00,22.826345310746547,stop_loss,12101.251636381796,trend_up,0,neutral,tradable_strong,long_continuation,1.0,confirmed_long,trend_long,normal,confirmed_long,,2021
2021-11-23 04:00:00+00:00,short,12099.75177413729,2021-11-23 12:00:00+00:00,7.00520645933284,signal,,trend_down,0,neutral,tradable_strong,short_release,0.40762198755555545,probe_short,trend_short,normal,probe_short,,2021
2021-12-04 04:00:00+00:00,short,12106.756980596623,2021-12-04 05:21:00+00:00,35.40091739730451,take_profit,12142.34818249607,trend_down,0,neutral,tradable_strong,short_release,0.6141003889726288,confirmed_short,trend_short,rapid,confirmed_short+rapid,protective_exit,2021
2021-12-05 00:00:00+00:00,short,12142.157897993928,2021-12-06 20:00:00+00:00,0.3677127635110082,signal,,trend_down,0,neutral,tradable_strong,short_release,0.6030000000000001,confirmed_short,trend_short,normal,confirmed_short,,2021
2021-12-29 08:00:00+00:00,short,12142.52561075744,2021-12-31 08:27:00+00:00,-19.97223247486181,stop_loss,12123.89518676216,trend_down,0,neutral,tradable_strong,short_release,0.5784333333333334,confirmed_short,trend_short,normal,confirmed_short,,2021
2022-01-01 08:00:00+00:00,short,12122.553378282577,2022-01-02 00:00:00+00:00,-6.369043659160525,signal,,trend_down,0,neutral,tradable_strong,short_release,0.4019578686426812,probe_short,trend_short,normal,probe_short,,2022
2022-01-19 00:00:00+00:00,short,12116.184334623416,2022-01-19 14:40:00+00:00,-1.982018075634187,stop_loss,12114.563071341676,trend_down,-1,bias_down,tradable_strong,short_release,0.7316773167234865,confirmed_short,trend_short,normal,confirmed_short,,2022
2022-01-21 08:01:00+00:00,short,12114.202316547782,2022-01-21 21:51:00+00:00,16.430325341172647,take_profit,12130.741536706852,trend_down,-1,bias_down,tradable_strong,short_release,0.7292277844770289,confirmed_short,trend_short,normal,confirmed_short,,2022
2022-01-23 00:00:00+00:00,short,12130.632641888957,2022-01-24 18:08:00+00:00,-3.6180729043007887,stop_loss,12127.121479246978,trend_down,-1,bias_down,tradable_strong,short_release,0.9,confirmed_short,trend_short,normal,confirmed_short,,2022
2022-01-25 12:00:00+00:00,short,12127.014568984654,2022-01-26 00:00:00+00:00,-1.140241507513565,signal,,trend_down,-1,bias_down,tradable_strong,short_probe,0.39906115790685476,probe_short,trend_short,normal,probe_short,,2022
2022-02-21 04:00:00+00:00,short,12125.87432747714,2022-02-21 15:09:00+00:00,-3.7655100054216746,stop_loss,12123.335516123265,trend_down,0,neutral,tradable_strong,short_release,0.5471552818573964,confirmed_short,trend_short,normal,confirmed_short,,2022
2022-02-24 04:00:00+00:00,short,12122.10881747172,2022-02-24 18:53:00+00:00,-26.491574019777545,stop_loss,12095.892122887397,trend_down,-1,bias_down,tradable_strong,short_release,0.882237234028582,confirmed_short,trend_short,normal,confirmed_short,,2022
2022-03-07 12:00:00+00:00,short,12095.61724345194,2022-03-08 08:32:00+00:00,-34.982777619427,stop_loss,12061.666986194165,trend_down,-1,bias_down,tradable_weak,short_probe,0.36255706434498003,probe_short,trend_short,normal,probe_short,,2022
2022-03-20 00:00:00+00:00,long,12060.634465832514,2022-03-20 17:39:00+00:00,-84.08455448187851,stop_loss,11978.006412282268,trend_up,0,neutral,tradable_strong,long_continuation,0.9197671568540357,confirmed_long,trend_long,normal,confirmed_long,,2022
2022-03-21 20:00:00+00:00,long,11976.549911350636,2022-03-22 04:27:00+00:00,150.98733151406122,take_profit,12129.095545692671,trend_up,0,neutral,tradable_strong,long_probe,0.6499822858635214,confirmed_long,trend_long,normal,confirmed_long,,2022
2022-03-29 12:00:00+00:00,long,12127.537242864695,2022-03-30 01:43:00+00:00,-72.04340944041178,stop_loss,12056.96668987433,trend_up,1,bias_up,tradable_strong,long_continuation,1.0,confirmed_long,trend_long,normal,confirmed_long,,2022
2022-04-14 04:00:00+00:00,short,12055.493833424283,2022-04-16 16:00:00+00:00,4.996309507438127,signal,,trend_down,0,neutral,tradable_strong,short_release,0.44164682677340206,probe_short,trend_short,normal,probe_short,,2022
2022-04-27 12:00:00+00:00,short,12060.490142931723,2022-04-28 12:00:00+00:00,-11.050884519867395,signal,,trend_down,0,neutral,tradable_weak,short_probe,0.2527485238453371,probe_short,trend_short,normal,probe_short,,2022
2022-05-05 20:00:00+00:00,short,12049.439258411856,2022-05-09 02:28:00+00:00,20.835761087300853,take_profit,12070.409692106849,trend_down,-1,bias_down,tradable_strong,short_release,0.8521237970253734,confirmed_short,trend_short,normal,confirmed_short,,2022
2022-05-09 20:00:00+00:00,short,12070.275019499157,2022-05-10 05:37:00+00:00,-12.346473746243646,stop_loss,12058.18120870542,trend_down,0,neutral,tradable_strong,short_release,0.67,confirmed_short,trend_short,rapid,confirmed_short+rapid+deceleration,,2022
2022-05-27 16:00:00+00:00,short,12057.928545752911,2022-05-29 12:11:00+00:00,-46.816253331877306,stop_loss,12012.245970274194,trend_down,0,neutral,tradable_strong,short_release,0.5060654007957718,confirmed_short,trend_short,normal,confirmed_short,,2022
2022-06-03 08:00:00+00:00,short,12011.112292421036,2022-06-05 20:00:00+00:00,8.410916891423767,signal,,trend_down,0,neutral,tradable_strong,short_release,0.5340071830042021,confirmed_short,trend_short,normal,confirmed_short,,2022
2022-06-19 04:00:00+00:00,short,12019.52320931246,2022-06-19 10:20:00+00:00,-15.305934677227924,stop_loss,12004.33467538268,trend_down,-1,bias_down,tradable_strong,short_release,0.8768202441193336,confirmed_short,trend_short,normal,confirmed_short,,2022
2022-06-20 08:00:00+00:00,short,12004.217274635232,2022-06-21 13:47:00+00:00,-4.501047744455718,stop_loss,11999.748586333497,trend_down,-1,bias_down,tradable_strong,short_release,0.744517640664446,confirmed_short,trend_short,normal,confirmed_short,,2022
2022-06-30 16:00:00+00:00,short,11999.716226890776,2022-06-30 23:51:00+00:00,-79.47338825082988,stop_loss,11921.573559666567,trend_down,-1,bias_down,tradable_strong,short_release,1.0,confirmed_short,trend_short,normal,confirmed_short,,2022
2022-07-01 16:00:00+00:00,short,11920.242838639946,2022-07-02 20:00:00+00:00,0.9675016326000332,signal,,trend_down,-1,bias_down,tradable_strong,short_release,0.6875349474880575,confirmed_short,trend_short,normal,confirmed_short,,2022
2022-07-12 04:01:00+00:00,short,11921.210340272546,2022-07-13 12:25:00+00:00,-12.874264205778672,stop_loss,11909.428075270256,trend_down,-1,bias_down,tradable_strong,short_release,0.8670686593211592,confirmed_short,trend_short,normal,confirmed_short,,2022
2022-07-29 00:01:00+00:00,long,11908.336076066767,2022-07-30 22:01:00+00:00,-31.314455986088436,stop_loss,11878.48671004804,trend_up,1,bias_up,tradable_strong,long_continuation,1.0,confirmed_long,trend_long,normal,confirmed_long,,2022
2022-08-08 16:00:00+00:00,long,11877.02162008068,2022-08-09 10:16:00+00:00,-71.74853676416024,stop_loss,11806.71322051245,trend_up,1,bias_up,tradable_strong,long_continuation,0.8406593478331943,confirmed_long,trend_long,normal,confirmed_long,,2022
2022-08-12 16:01:00+00:00,long,11805.27308331652,2022-08-13 20:00:00+00:00,44.87289957832945,signal,,trend_up,1,bias_up,tradable_strong,long_continuation,0.8008359558562649,confirmed_long,trend_long,normal,confirmed_long,,2022
2022-08-27 04:00:00+00:00,short,11850.145982894848,2022-08-29 13:36:00+00:00,11.32239119280348,stop_loss,11862.935321979376,trend_down,-1,bias_down,tradable_strong,short_release,0.9,confirmed_short,trend_short,normal,confirmed_short,,2022
2022-08-30 04:01:00+00:00,short,11861.468374087652,2022-08-31 02:08:00+00:00,-3.016442113585072,stop_loss,11858.81780349856,trend_down,-1,bias_down,tradable_strong,short_release,0.79211411861646,confirmed_short,trend_short,normal,confirmed_short,,2022
2022-08-31 12:00:00+00:00,short,11858.451931974068,2022-08-31 16:00:00+00:00,1.3502935204069215,signal,,range,-1,bias_down,tradable_weak,neutral_wait,0.0,warmup,range_wait,none,trend_probe,,2022
2022-09-16 00:00:00+00:00,short,11859.802225494474,2022-09-19 13:49:00+00:00,77.45937512005548,stop_loss,11938.551884563356,trend_down,-1,bias_down,tradable_strong,short_release,0.6971968391164529,confirmed_short,trend_short,normal,confirmed_short,,2022
2022-09-20 08:00:00+00:00,short,11937.261600614527,2022-09-21 17:47:00+00:00,-1.4544792569613492,stop_loss,11935.875553932776,trend_down,-1,bias_down,tradable_strong,short_release,0.841152044122848,confirmed_short,trend_short,normal,confirmed_short,,2022
2022-09-23 12:01:00+00:00,short,11935.807121357568,2022-09-24 08:00:00+00:00,-1.0974272030762222,signal,,trend_down,-1,bias_down,tradable_weak,short_probe,0.3966125533096212,probe_short,trend_short,normal,probe_short,,2022
2022-10-22 00:00:00+00:00,short,11934.709694154491,2022-10-23 17:53:00+00:00,-14.92726173812298,stop_loss,11920.326011333958,trend_down,0,neutral,tradable_strong,short_release,0.4656226252798275,probe_short,trend_short,normal,probe_short,,2022
2022-10-26 12:00:00+00:00,long,11919.782432416368,2022-10-27 20:19:00+00:00,-30.383848770194163,stop_loss,11890.866954410456,trend_up,0,neutral,tradable_strong,long_continuation,1.0,confirmed_long,trend_long,normal,confirmed_long,,2022
2022-11-05 04:00:00+00:00,long,11889.398583646174,2022-11-06 22:18:00+00:00,-54.45144771380728,stop_loss,11836.41079123341,trend_up,0,neutral,tradable_strong,long_continuation,1.0,confirmed_long,trend_long,normal,confirmed_long,,2022
2022-11-21 08:00:00+00:00,short,11834.947135932369,2022-11-22 13:51:00+00:00,-26.49812437286528,stop_loss,11809.936588277884,trend_down,-1,bias_down,tradable_strong,short_release,0.7909655528734121,confirmed_short,trend_short,normal,confirmed_short,,2022
2022-12-18 16:01:00+00:00,short,11808.449011559502,2022-12-19 08:00:00+00:00,-7.910373252416321,signal,,trend_down,-1,bias_down,tradable_strong,short_release,0.7179090035424719,confirmed_short,trend_short,normal,confirmed_short,,2022
2022-12-31 00:00:00+00:00,short,11800.538638307084,2022-12-31 16:00:00+00:00,1.8106626401695396,signal,,trend_down,0,neutral,tradable_weak,short_probe,0.2626694392947089,probe_short,trend_short,normal,probe_short,,2022
2023-01-08 08:11:00+00:00,long,11802.349300947257,2023-01-09 02:30:00+00:00,46.02199930846655,take_profit,11849.869647132868,trend_up,0,neutral,tradable_strong,long_continuation,0.8385206666666666,confirmed_long,trend_long,normal,confirmed_long,,2023
2023-01-18 00:00:00+00:00,long,11848.371300255722,2023-01-18 16:20:00+00:00,-53.93818221925176,stop_loss,11795.886167238494,trend_up,1,bias_up,tradable_weak,long_probe,0.5793596901512346,probe_long,trend_long,normal,probe_long,,2023
2023-01-19 16:02:00+00:00,long,11794.43311803647,2023-01-20 20:37:00+00:00,152.67709490763627,take_profit,11948.659502344008,trend_up,1,bias_up,tradable_weak,long_probe,0.33612613846853295,probe_long,trend_long,normal,probe_long,,2023
2023-01-21 16:00:00+00:00,long,11947.110212944106,2023-01-22 02:44:00+00:00,-50.90491238184404,stop_loss,11897.67521334473,trend_up,1,bias_up,tradable_strong,long_continuation,1.0,confirmed_long,trend_long,normal,confirmed_long,,2023
2023-02-11 16:01:00+00:00,short,11896.205300562262,2023-02-12 04:00:00+00:00,-7.845227586387409,signal,,trend_down,0,neutral,tradable_strong,short_release,0.6030000000000001,confirmed_short,trend_short,normal,confirmed_short,,2023
2023-03-03 12:00:00+00:00,short,11888.360072975876,2023-03-05 04:00:00+00:00,-2.118808199555133,signal,,trend_down,0,neutral,tradable_strong,short_release,0.5196737523922791,confirmed_short,trend_short,normal,confirmed_short,,2023
2023-03-18 04:00:00+00:00,long,11886.24126477632,2023-03-20 04:00:00+00:00,-6.330734147904877,signal,,trend_up,0,neutral,tradable_strong,long_continuation,1.0,confirmed_long,trend_long,normal,confirmed_long,,2023
2023-03-30 08:00:00+00:00,long,11879.910530628416,2023-03-30 17:31:00+00:00,-89.59132990183207,stop_loss,11791.75336415791,trend_up,1,bias_up,tradable_strong,long_continuation,0.9767877395647533,confirmed_long,trend_long,normal,confirmed_long,,2023
2023-03-31 12:00:00+00:00,long,11790.319200726582,2023-04-02 19:42:00+00:00,-7.52950393752144,stop_loss,11784.252909532624,trend_up,1,bias_up,tradable_weak,long_probe,0.37332902782696553,probe_long,trend_long,normal,probe_long,,2023
2023-04-11 00:01:00+00:00,long,11782.78969678906,2023-04-14 00:37:00+00:00,99.15410388399688,take_profit,11883.462469733384,trend_up,0,neutral,tradable_strong,long_continuation,1.0,confirmed_long,trend_long,normal,confirmed_long,,2023
2023-05-01 20:00:00+00:00,short,11881.943800673058,2023-05-02 00:00:00+00:00,-23.60550676633284,signal,,trend_down,0,neutral,tradable_strong,short_probe,0.0,weak_short_quality,trend_short_wait,none,weak_short_quality,,2023
2023-05-25 04:01:00+00:00,short,11858.338293906723,2023-05-25 19:10:00+00:00,-50.1904304122636,stop_loss,11809.65093344568,trend_down,0,neutral,tradable_strong,short_release,0.5642591317594517,confirmed_short,trend_short,normal,confirmed_short,,2023
2023-05-30 16:00:00+00:00,long,11808.14786349446,2023-05-31 04:00:00+00:00,-3.489714073719369,signal,,trend_up,0,neutral,tradable_strong,long_probe,0.7874054687733429,confirmed_long,trend_long,normal,confirmed_long,,2023
2023-06-15 04:02:00+00:00,short,11804.658149420742,2023-06-15 19:09:00+00:00,-20.844146748580897,stop_loss,11784.425297587626,trend_down,0,neutral,tradable_strong,short_release,0.536,confirmed_short,trend_short,normal,confirmed_short,,2023
2023-06-21 04:00:00+00:00,long,11783.81400267216,2023-06-21 15:29:00+00:00,122.7464684089482,take_profit,11908.086523115726,trend_up,0,neutral,tradable_strong,long_continuation,1.0,confirmed_long,trend_long,normal,confirmed_long,,2023
2023-06-22 12:00:00+00:00,long,11906.56047108111,2023-06-23 16:08:00+00:00,141.11856566141978,take_profit,12049.23180115008,trend_up,0,neutral,tradable_strong,long_continuation,1.0,confirmed_long,trend_long,normal,confirmed_long,,2023
2023-06-25 08:00:00+00:00,long,12047.67903674253,2023-06-26 01:21:00+00:00,-72.67605182107764,stop_loss,11976.472503999164,trend_up,1,bias_up,tradable_strong,long_continuation,0.8469326745154742,confirmed_long,trend_long,normal,confirmed_long,,2023
2023-06-26 20:00:00+00:00,long,11975.002984921452,2023-06-28 12:56:00+00:00,-21.218722030584104,stop_loss,11955.271553363318,trend_up,1,bias_up,tradable_strong,long_probe,0.6629296568453419,confirmed_long,trend_long,normal,confirmed_long,,2023
2023-07-14 00:00:00+00:00,long,11953.784262890867,2023-07-14 17:43:00+00:00,-59.99746512576894,stop_loss,11895.251141323022,trend_up,0,neutral,tradable_strong,long_continuation,0.9515453100348766,confirmed_long,trend_long,normal,confirmed_long,,2023
2023-08-17 04:02:00+00:00,short,11893.7867977651,2023-08-17 15:44:00+00:00,48.33992312732335,take_profit,11943.247652951895,trend_down,0,neutral,tradable_strong,short_release,0.5848343255684059,confirmed_short,trend_short,normal,confirmed_short,,2023
2023-08-18 08:01:00+00:00,short,11942.126720892422,2023-08-21 20:00:00+00:00,26.46052515635165,signal,,trend_down,0,neutral,tradable_strong,short_release,0.6030000000000001,confirmed_short,trend_short,normal,confirmed_short,,2023
2023-09-01 04:00:00+00:00,short,11968.587246048774,2023-09-03 20:51:00+00:00,-8.313878840097459,stop_loss,11960.729797420712,trend_down,-1,bias_down,tradable_strong,short_release,0.9,confirmed_short,trend_short,normal,confirmed_short,,2023
2023-09-11 20:00:00+00:00,short,11960.273367208676,2023-09-12 03:14:00+00:00,-27.42301884729386,stop_loss,11933.714024775822,trend_down,-1,bias_down,tradable_strong,short_release,0.8993601140915033,confirmed_short,trend_short,normal,confirmed_short,,2023
2023-09-17 12:07:00+00:00,long,11932.850348361382,2023-09-18 12:31:00+00:00,82.24008389380288,take_profit,12016.620260129914,trend_up,0,neutral,tradable_strong,long_continuation,0.8618831839934522,confirmed_long,trend_long,normal,confirmed_long,,2023
2023-09-28 20:00:00+00:00,long,12015.090432255183,2023-09-29 14:09:00+00:00,-42.46673396050392,stop_loss,11974.106323361117,trend_up,0,neutral,tradable_strong,long_probe,0.4078623454302878,probe_long,trend_long,normal,probe_long,,2023
2023-10-07 16:01:00+00:00,long,11972.62369829468,2023-10-09 08:00:00+00:00,-14.957230654348676,signal,,trend_up,1,bias_up,tradable_strong,long_continuation,0.9185942747839915,confirmed_long,trend_long,normal,confirmed_long,,2023
2023-10-24 08:00:00+00:00,long,11957.666467640332,2023-10-26 12:00:00+00:00,3.995241670327232,signal,,trend_up,1,bias_up,tradable_strong,long_continuation,1.0,confirmed_long,trend_long,normal,confirmed_long,,2023
2023-11-09 20:00:00+00:00,long,11961.66170931066,2023-11-13 08:00:00+00:00,40.75607683582712,signal,,trend_up,0,neutral,tradable_strong,long_continuation,1.0,confirmed_long,trend_long,normal,confirmed_long,,2023
2023-12-02 00:00:00+00:00,long,12002.417786146489,2023-12-03 22:33:00+00:00,101.53133936181077,take_profit,12105.489587960956,trend_up,0,neutral,tradable_strong,long_continuation,0.9298127786125244,confirmed_long,trend_long,normal,confirmed_long,,2023
2023-12-19 08:01:00+00:00,long,12103.949125508298,2023-12-19 17:15:00+00:00,-77.44070099679084,stop_loss,12027.977773351304,trend_up,0,neutral,tradable_strong,long_continuation,0.8937190719687542,confirmed_long,trend_long,normal,confirmed_long,,2023
2024-01-02 08:00:00+00:00,long,12026.508424511509,2024-01-03 11:24:00+00:00,-69.13698969484904,stop_loss,11958.840163076684,trend_up,0,neutral,tradable_strong,long_continuation,0.9731560339233934,confirmed_long,trend_long,normal,confirmed_long,,2024
2024-01-11 04:00:00+00:00,long,11957.371434816658,2024-01-12 14:45:00+00:00,-80.74189662894605,stop_loss,11878.078397461648,trend_up,1,bias_up,tradable_strong,long_probe,0.37390324513858914,probe_long,trend_long,normal,probe_long,,2024
2024-01-17 16:00:00+00:00,long,11876.629538187712,2024-01-18 04:00:00+00:00,0.2734868491188535,signal,,range,0,neutral,tradable_strong,range_rebound,0.279239562420617,range_rebound,range_long,none,range_rebound,,2024
2024-02-08 08:00:00+00:00,long,11876.90302503683,2024-02-09 02:45:00+00:00,96.7982818424498,take_profit,11975.218911765438,trend_up,0,neutral,tradable_strong,long_continuation,0.9729045162269773,confirmed_long,trend_long,normal,confirmed_long,,2024
2024-02-18 08:00:00+00:00,long,11973.70130687928,2024-02-19 04:00:00+00:00,20.171267040646853,signal,,trend_up,1,bias_up,tradable_strong,long_probe,0.6199780276626984,confirmed_long,trend_long,normal,confirmed_long,,2024
2024-03-11 16:00:00+00:00,long,11993.872573919927,2024-03-12 17:06:00+00:00,-90.85702704530196,stop_loss,11904.449966450671,trend_up,1,bias_up,tradable_strong,long_continuation,0.911436900461987,confirmed_long,trend_long,normal,confirmed_long,,2024
2024-03-13 08:00:00+00:00,long,11903.015546874623,2024-03-14 15:25:00+00:00,-73.97682067474489,stop_loss,11830.463158832745,trend_up,1,bias_up,tradable_strong,long_probe,0.6922441639723622,confirmed_long,trend_long,normal,confirmed_long,,2024
2024-03-25 20:01:00+00:00,long,11829.03872619988,2024-03-27 14:12:00+00:00,-105.15415743939228,stop_loss,11725.292819427475,trend_up,0,neutral,tradable_strong,long_continuation,0.8812332658528627,confirmed_long,trend_long,normal,confirmed_long,,2024
2024-03-27 16:00:00+00:00,long,11723.884568760488,2024-03-27 16:13:00+00:00,-10.656630853971365,stop_loss,11714.670536150748,trend_up,0,neutral,tradable_strong,long_continuation,0.8502555063384427,confirmed_long,trend_long,normal,confirmed_long,,2024
2024-03-28 00:00:00+00:00,long,11713.227937906517,2024-03-28 12:00:00+00:00,47.04489809379811,signal,,trend_up,0,neutral,tradable_strong,long_probe,0.751683453401944,confirmed_long,trend_long,normal,confirmed_long,,2024
2024-04-08 04:04:00+00:00,long,11760.272836000317,2024-04-08 12:10:00+00:00,135.24930007646617,take_profit,11897.050578585817,trend_up,0,neutral,tradable_strong,long_continuation,1.0,confirmed_long,trend_long,normal,confirmed_long,,2024
2024-04-27 16:00:00+00:00,short,11895.52213607678,2024-04-29 22:30:00+00:00,-35.076621216250714,stop_loss,11861.941528534238,trend_down,0,neutral,tradable_strong,short_release,0.5116866061526062,confirmed_short,trend_short,normal,confirmed_short,,2024
2024-05-19 04:01:00+00:00,long,11860.44551486053,2024-05-19 19:49:00+00:00,-51.342086549962914,stop_loss,11810.555391810183,trend_up,0,neutral,tradable_strong,long_continuation,0.8466379083383335,confirmed_long,trend_long,normal,confirmed_long,,2024
2024-05-20 12:00:00+00:00,long,11809.103428310567,2024-05-20 19:31:00+00:00,107.11392079809777,take_profit,11917.74496929011,trend_up,0,neutral,tradable_strong,long_continuation,0.7755582384825949,confirmed_long,trend_long,normal,confirmed_long,,2024
2024-06-05 04:00:00+00:00,long,11916.217349108663,2024-06-06 20:01:00+00:00,-29.300525951970485,stop_loss,11888.39429223015,trend_up,0,neutral,tradable_strong,long_continuation,1.0,confirmed_long,trend_long,normal,confirmed_long,,2024
2024-06-19 04:00:00+00:00,short,11886.916823156696,2024-06-20 10:59:00+00:00,-10.792700196432634,stop_loss,11876.58705526321,trend_down,0,neutral,tradable_strong,short_release,0.404633018133652,probe_short,trend_short,normal,probe_short,,2024
2024-06-24 08:00:00+00:00,short,11876.124122960262,2024-06-24 16:38:00+00:00,87.07812445861782,take_profit,11964.625451245523,trend_down,-1,bias_down,tradable_strong,short_release,1.0,confirmed_short,trend_short,normal,confirmed_short,,2024
2024-06-25 16:00:00+00:00,short,11963.20224741888,2024-06-27 14:01:00+00:00,-4.79292379510116,stop_loss,11958.813305082358,trend_down,-1,bias_down,tradable_strong,short_release,0.9,confirmed_short,trend_short,normal,confirmed_short,,2024
2024-06-27 20:00:00+00:00,short,11958.40932362378,2024-06-28 00:00:00+00:00,-3.634388342938109,signal,,trend_down,-1,bias_down,tradable_weak,short_probe,0.0,weak_short_quality,trend_short_wait,none,weak_short_quality,,2024
2024-07-21 04:00:00+00:00,long,11954.77493528084,2024-07-22 15:09:00+00:00,-26.679976900117254,stop_loss,11929.5596635372,trend_up,0,neutral,tradable_strong,long_continuation,1.0,confirmed_long,trend_long,normal,confirmed_long,,2024
2024-07-27 12:00:00+00:00,long,11928.094958380723,2024-07-27 20:21:00+00:00,-41.50048108320334,stop_loss,11888.040396186276,trend_up,1,bias_up,tradable_strong,long_continuation,1.0,confirmed_long,trend_long,normal,confirmed_long,,2024
2024-07-28 08:00:00+00:00,long,11886.59447729752,2024-07-28 08:39:00+00:00,-12.83825372928186,stop_loss,11875.235768477663,trend_up,1,bias_up,tradable_strong,long_probe,0.6395083471865408,confirmed_long,trend_long,normal,confirmed_long,,2024
2024-07-28 20:01:00+00:00,long,11873.756223568238,2024-07-29 15:07:00+00:00,-9.752559186556027,stop_loss,11865.464314135152,trend_up,1,bias_up,tradable_weak,long_probe,0.47307044515518504,probe_long,trend_long,normal,probe_long,,2024
2024-07-29 16:00:00+00:00,long,11864.003664381682,2024-07-29 16:01:00+00:00,-6.733510413876502,stop_loss,11858.730803721272,range,1,bias_up,tradable_strong,long_probe,0.4090038767400599,probe_long,trend_stop,none,trend_trailing_stop,,2024
2024-08-01 04:00:00+00:00,short,11857.270153967806,2024-08-01 20:51:00+00:00,-36.191573588925166,stop_loss,11822.566380028553,trend_down,0,neutral,tradable_strong,short_probe,0.29285354364464267,probe_short,trend_short,normal,probe_short,,2024
2024-08-03 00:00:00+00:00,short,11821.07858037888,2024-08-03 04:00:00+00:00,-3.671574021063861,signal,,trend_down,0,neutral,tradable_strong,short_probe,0.0,weak_short_quality,trend_short_wait,none,weak_short_quality,,2024
2024-08-24 08:00:00+00:00,long,11817.407006357816,2024-08-26 21:22:00+00:00,-65.51925801346624,stop_loss,11753.333740320768,trend_up,0,neutral,tradable_strong,long_continuation,0.9192664853821676,confirmed_long,trend_long,normal,confirmed_long,,2024
2024-09-03 12:00:00+00:00,short,11751.88774834435,2024-09-03 20:00:00+00:00,12.902794833476946,signal,,trend_down,-1,bias_down,tradable_weak,short_probe,0.3793966657008819,probe_short,trend_short,normal,probe_short,,2024
2024-09-20 04:00:00+00:00,long,11764.790543177827,2024-09-22 14:04:00+00:00,-59.84094223386092,stop_loss,11706.386504173264,trend_up,0,neutral,tradable_strong,long_continuation,1.0,confirmed_long,trend_long,normal,confirmed_long,,2024
2024-10-07 20:00:00+00:00,long,11704.949600943966,2024-10-08 00:00:00+00:00,-54.61580485287777,signal,,trend_up,1,bias_up,tradable_weak,long_probe,0.5722311399599177,probe_long,trend_long,normal,probe_long,fast_downside_stop,2024
2024-10-15 20:00:00+00:00,long,11650.333796091089,2024-10-18 08:00:00+00:00,40.12977474634499,signal,,trend_up,0,neutral,tradable_strong,long_continuation,1.0,confirmed_long,trend_long,normal,confirmed_long,,2024
2024-10-29 00:00:00+00:00,long,11690.463570837434,2024-10-29 15:47:00+00:00,96.82079070370492,take_profit,11788.76726521583,trend_up,1,bias_up,tradable_strong,long_continuation,1.0,confirmed_long,trend_long,normal,confirmed_long,,2024
2024-11-06 08:00:00+00:00,long,11787.284361541138,2024-11-10 04:33:00+00:00,163.61789427726217,take_profit,11952.455059259626,trend_up,1,bias_up,tradable_strong,long_continuation,1.0,confirmed_long,trend_long,normal,confirmed_long,,2024
2024-11-18 08:01:00+00:00,long,11950.9022558184,2024-11-20 13:31:00+00:00,77.60552795180774,take_profit,12030.018719037838,trend_up,1,bias_up,tradable_weak,long_probe,0.4515993854508033,probe_long,trend_long,normal,probe_long,,2024
2024-12-05 08:01:00+00:00,long,12028.507783770208,2024-12-05 19:44:00+00:00,-80.17878249386195,stop_loss,11949.776895456029,trend_up,0,neutral,tradable_strong,long_continuation,0.8628204352104665,confirmed_long,trend_long,normal,confirmed_long,,2024
2024-12-13 12:01:00+00:00,long,11948.329001276346,2024-12-14 16:00:00+00:00,33.083763301614454,signal,,trend_up,1,bias_up,tradable_weak,long_probe,0.41648349045126715,probe_long,trend_long,normal,probe_long,,2024
2025-01-06 04:01:00+00:00,long,11981.41276457796,2025-01-06 15:52:00+00:00,89.02287210960822,take_profit,12071.96829312612,trend_up,0,neutral,tradable_strong,long_continuation,0.9913154035663067,confirmed_long,trend_long,normal,confirmed_long,,2025
2025-01-06 16:00:00+00:00,long,12070.435636687567,2025-01-06 16:06:00+00:00,0.9496170136826548,take_profit,12072.866821591851,trend_up,0,neutral,tradable_strong,long_continuation,1.0,confirmed_long,trend_long,normal,confirmed_long,,2025
2025-01-07 12:00:00+00:00,long,12071.385253701252,2025-01-07 14:34:00+00:00,-14.558172488146738,stop_loss,12058.28178074755,range,0,neutral,tradable_strong,long_probe,0.4093771109930386,probe_long,trend_stop,none,trend_trailing_stop,,2025
2025-01-09 16:00:00+00:00,short,12056.827081213103,2025-01-10 07:38:00+00:00,-9.711875269144002,stop_loss,12048.57957155641,trend_down,0,neutral,tradable_strong,short_release,0.6618173700976624,confirmed_short,trend_short,normal,confirmed_short,,2025
2025-01-11 04:00:00+00:00,short,12047.11520594396,2025-01-13 00:00:00+00:00,-0.3508509770981618,signal,,trend_down,0,neutral,tradable_weak,short_probe,0.25569655222627635,probe_short,trend_short,normal,probe_short,,2025
2025-02-03 04:00:00+00:00,short,12046.764354966865,2025-02-03 15:17:00+00:00,-24.69074677157369,stop_loss,12022.461846297583,trend_down,0,neutral,tradable_strong,short_release,0.6030000000000001,confirmed_short,trend_short,normal,confirmed_short,,2025
2025-02-04 04:00:00+00:00,short,12022.07360819529,2025-02-04 20:00:00+00:00,1.7495005571690854,signal,,trend_down,0,neutral,tradable_strong,short_release,0.43318783978767755,probe_short,trend_short,normal,probe_short,,2025
2025-03-09 20:00:00+00:00,short,12023.823108752458,2025-03-11 18:12:00+00:00,8.567878638596085,stop_loss,12033.377830021704,trend_down,-1,bias_down,tradable_strong,short_release,0.9676310518816521,confirmed_short,trend_short,normal,confirmed_short,,2025
2025-03-13 00:00:00+00:00,short,12032.390987391054,2025-03-13 20:00:00+00:00,17.148158669175245,signal,,trend_down,0,neutral,tradable_strong,short_probe,0.3115367007010075,probe_short,trend_short,normal,probe_short,,2025
2025-04-07 00:00:00+00:00,short,12049.53914606023,2025-04-07 13:52:00+00:00,8.000815821771539,stop_loss,12057.96696893074,trend_down,0,neutral,tradable_strong,short_release,0.6314890783535079,confirmed_short,trend_short,normal,confirmed_short,,2025
2025-04-15 16:00:00+00:00,long,12057.539961882,2025-04-18 12:00:00+00:00,-10.819673907628385,signal,,trend_up,0,neutral,tradable_weak,long_probe,0.525084,probe_long,trend_long,normal,probe_long,,2025
2025-04-28 16:00:00+00:00,long,12046.720287974373,2025-04-28 16:09:00+00:00,-7.1201558629745705,stop_loss,12041.097519114026,trend_up,1,bias_up,tradable_weak,long_probe,0.4385805007245287,probe_long,trend_long,normal,probe_long,,2025
2025-05-07 20:00:00+00:00,long,12039.600132111398,2025-05-08 04:00:00+00:00,94.29634471330428,take_profit,12135.4341907253,trend_up,1,bias_up,tradable_strong,long_continuation,0.8132581691099138,confirmed_long,trend_long,normal,confirmed_long,,2025
2025-05-09 04:00:00+00:00,long,12133.896476824702,2025-05-12 14:29:00+00:00,8.530589288428018,stop_loss,12143.918153275969,trend_up,1,bias_up,tradable_strong,long_continuation,1.0,confirmed_long,trend_long,normal,confirmed_long,,2025
2025-05-21 04:00:00+00:00,long,12142.42706611313,2025-05-21 17:44:00+00:00,-8.010355839000113,stop_loss,12135.90854540539,trend_up,1,bias_up,tradable_strong,long_continuation,0.9238137195999657,confirmed_long,trend_long,normal,confirmed_long,,2025
2025-05-22 00:00:00+00:00,long,12134.41671027413,2025-05-22 03:42:00+00:00,36.549888286688656,take_profit,12172.465188109614,trend_up,1,bias_up,tradable_strong,long_continuation,1.0,confirmed_long,trend_long,normal,confirmed_long,protective_exit,2025
2025-05-22 20:00:00+00:00,long,12170.96659856082,2025-05-23 11:57:00+00:00,-54.48272831201575,stop_loss,12117.957790617713,trend_up,1,bias_up,tradable_strong,long_continuation,0.923503406248084,confirmed_long,trend_long,normal,confirmed_long,,2025
2025-05-24 16:00:00+00:00,long,12116.483870248803,2025-05-27 01:22:00+00:00,-33.18384755558509,stop_loss,12084.80867876594,trend_up,1,bias_up,tradable_strong,long_continuation,0.8642524835823643,confirmed_long,trend_long,normal,confirmed_long,,2025
2025-06-10 04:02:00+00:00,long,12083.300022693218,2025-06-11 18:17:00+00:00,-30.30477686415543,stop_loss,12054.46036158805,trend_up,1,bias_up,tradable_strong,long_continuation,0.9772556116562815,confirmed_long,trend_long,normal,confirmed_long,,2025
2025-06-22 04:00:00+00:00,short,12052.995245829065,2025-06-22 16:25:00+00:00,104.35270200661762,take_profit,12158.77935269478,trend_down,0,neutral,tradable_strong,short_release,0.6030000000000001,confirmed_short,trend_short,normal,confirmed_short,,2025
2025-06-23 20:00:00+00:00,short,12157.34794783568,2025-06-23 22:24:00+00:00,-5.059957754456264,stop_loss,12152.393592999522,trend_down,0,neutral,tradable_strong,short_release,0.5568898281435658,confirmed_short,trend_short,normal,confirmed_short,,2025
2025-07-03 20:04:00+00:00,long,12152.287990081224,2025-07-04 13:47:00+00:00,-44.94215539778088,stop_loss,12108.806610270967,trend_up,0,neutral,tradable_strong,long_continuation,0.9425196712390522,confirmed_long,trend_long,normal,confirmed_long,,2025
2025-07-11 00:00:00+00:00,long,12107.345834683443,2025-07-14 02:23:00+00:00,89.51746119532072,take_profit,12198.417739263388,trend_up,0,neutral,tradable_strong,long_continuation,1.0,confirmed_long,trend_long,normal,confirmed_long,,2025
2025-07-28 00:00:00+00:00,long,12196.863295878764,2025-07-28 16:00:00+00:00,-33.769214444891986,signal,,trend_up,0,neutral,tradable_strong,long_continuation,0.7820399999999998,confirmed_long,trend_long,normal,confirmed_long,,2025
2025-08-10 16:00:00+00:00,long,12163.094081433872,2025-08-11 03:00:00+00:00,77.43933594061855,take_profit,12242.057456659595,trend_up,0,neutral,tradable_strong,long_continuation,0.8728542562131236,confirmed_long,trend_long,normal,confirmed_long,,2025
2025-08-11 04:02:00+00:00,long,12240.53341737449,2025-08-11 04:51:00+00:00,2.949717965409945,take_profit,12245.007174625009,trend_up,0,neutral,tradable_strong,long_continuation,1.0,confirmed_long,trend_long,normal,confirmed_long,,2025
2025-08-11 12:00:00+00:00,long,12243.4831353399,2025-08-11 12:31:00+00:00,-18.85094209255112,stop_loss,12226.130164208638,trend_up,0,neutral,tradable_strong,long_continuation,1.0,confirmed_long,trend_long,normal,confirmed_long,,2025
2025-08-12 08:01:00+00:00,long,12224.63219324735,2025-08-13 19:30:00+00:00,87.4801161703981,take_profit,12313.644154990294,trend_up,0,neutral,tradable_strong,long_probe,0.7001236836442422,confirmed_long,trend_long,normal,confirmed_long,,2025
2025-08-25 00:00:00+00:00,short,12312.112309417747,2025-08-25 20:34:00+00:00,35.19848418321635,take_profit,12347.80360285928,trend_down,0,neutral,tradable_strong,short_release,0.5933211151790656,confirmed_short,trend_short,normal,confirmed_short,,2025
2025-08-27 20:00:00+00:00,short,12347.310793600964,2025-08-28 08:00:00+00:00,-9.75112254962005,signal,,trend_down,0,neutral,tradable_strong,short_probe,0.39328982981758254,probe_short,trend_short,normal,probe_short,,2025
2025-09-12 08:02:00+00:00,long,12337.559671051344,2025-09-13 16:43:00+00:00,-1.0900628006766055,stop_loss,12337.965929383208,trend_up,0,neutral,tradable_strong,long_continuation,1.0,confirmed_long,trend_long,normal,confirmed_long,,2025
2025-09-24 04:00:00+00:00,short,12336.469608250669,2025-09-24 13:40:00+00:00,-20.36345527573212,stop_loss,12316.841752060933,trend_down,0,neutral,tradable_strong,short_probe,0.3889647825699754,probe_short,trend_short,normal,probe_short,,2025
2025-09-25 08:00:00+00:00,short,12316.106152974937,2025-09-25 17:57:00+00:00,80.11893581389631,take_profit,12397.692666880444,trend_down,0,neutral,tradable_strong,short_release,0.5406593723465692,confirmed_short,trend_short,normal,confirmed_short,,2025
2025-10-02 04:01:00+00:00,long,12396.225088788831,2025-10-03 15:53:00+00:00,82.89006844302457,take_profit,12480.70084071857,trend_up,0,neutral,tradable_strong,long_continuation,1.0,confirmed_long,trend_long,normal,confirmed_long,,2025
2025-10-04 08:00:00+00:00,long,12479.115157231856,2025-10-05 09:45:00+00:00,97.42331613471288,stop_loss,12590.963599265862,trend_up,1,bias_up,tradable_strong,long_continuation,1.0,confirmed_long,trend_long,normal,confirmed_long,,2025
2025-10-05 12:00:00+00:00,long,12576.538473366569,2025-10-05 14:43:00+00:00,-121.47273491540729,stop_loss,12465.80785348255,trend_up,1,bias_up,tradable_strong,long_continuation,0.8011789824589252,confirmed_long,trend_long,normal,confirmed_long,protective_exit,2025
2025-10-17 04:00:00+00:00,short,12455.06573845116,2025-10-19 11:10:00+00:00,5.336393756613688,stop_loss,12460.726653015266,trend_down,0,neutral,tradable_strong,short_release,0.6469017963454137,confirmed_short,trend_short,normal,confirmed_short,,2025
2025-10-30 20:00:00+00:00,short,12460.402132207775,2025-10-31 00:52:00+00:00,-79.27983348160706,stop_loss,12382.70549070934,trend_down,-1,bias_down,tradable_strong,short_release,0.8978513636843038,confirmed_short,trend_short,normal,confirmed_short,,2025
2025-11-01 04:00:00+00:00,short,12381.122298726168,2025-11-02 16:00:00+00:00,0.9798964046603942,signal,,trend_down,-1,bias_down,tradable_strong,short_probe,0.6029216111659083,confirmed_short,trend_short,normal,confirmed_short,,2025
2025-11-15 04:01:00+00:00,short,12382.102195130828,2025-11-18 03:02:00+00:00,35.57764660651446,take_profit,12417.95116792505,trend_down,-1,bias_down,tradable_strong,short_release,0.8816425527376026,confirmed_short,trend_short,normal,confirmed_short,,2025
2025-11-20 16:00:00+00:00,short,12417.679841737345,2025-11-21 07:33:00+00:00,5.374135822374228,take_profit,12423.096193708094,trend_down,-1,bias_down,tradable_strong,short_release,0.9356480419811593,confirmed_short,trend_short,normal,confirmed_short,,2025
2025-11-22 00:00:00+00:00,short,12423.053977559715,2025-11-23 04:00:00+00:00,-1.19489934170997,signal,,trend_down,-1,bias_down,tradable_strong,short_release,0.8857356563067368,confirmed_short,trend_short,normal,confirmed_short,,2025
2025-12-01 08:02:00+00:00,short,12421.859078218007,2025-12-02 01:05:00+00:00,-5.620494426679215,stop_loss,12416.803082499246,trend_down,-1,bias_down,tradable_strong,short_release,0.7984305231888266,confirmed_short,trend_short,normal,confirmed_short,,2025
2025-12-07 08:01:00+00:00,short,12416.238583791328,2025-12-07 17:35:00+00:00,-17.577603166942936,stop_loss,12399.116031519896,trend_down,-1,bias_down,tradable_strong,short_release,0.875,confirmed_short,trend_short,normal,confirmed_short,,2025
2025-12-14 16:01:00+00:00,short,12398.660980624383,2025-12-15 02:21:00+00:00,-36.521099322739246,stop_loss,12363.66933217007,trend_down,0,neutral,tradable_strong,short_release,0.536,confirmed_short,trend_short,normal,confirmed_short,,2025
2025-12-17 08:02:00+00:00,short,12362.139881301646,2025-12-17 14:54:00+00:00,-73.40559432278678,stop_loss,12290.291176994597,trend_down,0,neutral,tradable_strong,short_release,0.5231137344929093,confirmed_short,trend_short,normal,confirmed_short,,2025
2025-12-17 20:00:00+00:00,short,12288.73428697886,2025-12-18 08:00:00+00:00,-29.477682890954384,signal,,trend_down,0,neutral,tradable_strong,short_probe,0.3458719797443463,probe_short,trend_short,normal,probe_short,,2025
2026-01-14 08:00:00+00:00,long,12259.256604087905,2026-01-15 19:31:00+00:00,4.294664717459455,stop_loss,12265.076784790306,trend_up,1,bias_up,tradable_strong,long_continuation,1.0,confirmed_long,trend_long,normal,confirmed_long,,2026
2026-01-26 04:00:00+00:00,short,12263.551268805364,2026-01-26 15:15:00+00:00,-20.934123680952325,stop_loss,12243.194418166871,trend_down,0,neutral,tradable_strong,short_release,0.6030000000000001,confirmed_short,trend_short,normal,confirmed_short,,2026
2026-01-27 20:01:00+00:00,short,12242.617145124412,2026-01-28 11:54:00+00:00,-56.311451113670046,stop_loss,12187.835584142182,trend_down,-1,bias_down,tradable_strong,short_probe,0.40653117601414257,probe_short,trend_short,normal,probe_short,,2026
2026-01-29 16:02:00+00:00,short,12186.305694010742,2026-01-30 01:43:00+00:00,46.07726947917763,take_profit,12232.910765584513,trend_down,-1,bias_down,tradable_strong,short_release,0.9176190743488908,confirmed_short,trend_short,normal,confirmed_short,,2026
2026-02-01 12:00:00+00:00,short,12232.38296348992,2026-02-02 15:40:00+00:00,-7.195647492522767,stop_loss,12225.78101584846,trend_down,-1,bias_down,tradable_strong,short_release,0.9,confirmed_short,trend_short,normal,confirmed_short,,2026
2026-02-05 16:00:00+00:00,short,12225.187315997397,2026-02-06 00:09:00+00:00,103.84454870431,take_profit,12329.55307417911,trend_down,-1,bias_down,tradable_strong,short_release,1.0,confirmed_short,trend_short,normal,confirmed_short,,2026
2026-02-07 04:00:00+00:00,short,12329.031864701708,2026-02-08 13:57:00+00:00,-0.6134036503335665,stop_loss,12328.454191157933,trend_down,-1,bias_down,tradable_strong,short_release,0.7703679465477986,confirmed_short,trend_short,normal,confirmed_short,,2026
2026-02-09 20:02:00+00:00,short,12328.418461051371,2026-02-10 00:00:00+00:00,3.7240859431294666,signal,,trend_down,-1,bias_down,tradable_weak,short_probe,0.0,weak_short_quality,trend_short_wait,none,weak_short_quality,,2026
2026-02-23 08:00:00+00:00,short,12332.142546994502,2026-02-24 05:24:00+00:00,37.28989751970767,take_profit,12369.809178391784,trend_down,0,neutral,tradable_strong,short_release,0.4705982577834403,probe_short,trend_short,normal,probe_short,,2026
2026-03-08 16:01:00+00:00,short,12369.43244451421,2026-03-09 05:44:00+00:00,-8.11359775526762,stop_loss,12361.658537436446,trend_down,-1,bias_down,tradable_strong,short_release,0.7571745987472072,confirmed_short,trend_short,normal,confirmed_short,,2026
2026-03-15 20:00:00+00:00,long,12361.318846758944,2026-03-16 21:36:00+00:00,128.03642610040333,take_profit,12490.95767849889,trend_up,0,neutral,tradable_strong,long_continuation,0.9653294027605005,confirmed_long,trend_long,normal,confirmed_long,,2026
2026-03-17 16:00:00+00:00,long,12489.355272859346,2026-03-18 12:00:00+00:00,-186.80411523426665,signal,,trend_up,0,neutral,tradable_strong,long_continuation,0.9095962804614142,confirmed_long,trend_long,normal,confirmed_long,,2026
2026-04-08 16:00:00+00:00,long,12302.55115762508,2026-04-10 20:00:00+00:00,80.61064919817545,signal,,trend_up,0,neutral,tradable_strong,long_continuation,0.9407274309769813,confirmed_long,trend_long,normal,confirmed_long,,2026
2026-05-02 04:01:00+00:00,long,12383.161806823256,2026-05-04 10:06:00+00:00,23.003056187737457,stop_loss,12407.705750836374,trend_up,0,neutral,tradable_strong,long_continuation,0.8143218452845713,confirmed_long,trend_long,normal,confirmed_long,,2026
2026-05-11 20:01:00+00:00,long,12406.164863010992,2026-05-12 10:35:00+00:00,-52.49425510489164,stop_loss,12355.161611065456,trend_up,1,bias_up,tradable_strong,long_continuation,0.8168256473744854,confirmed_long,trend_long,normal,confirmed_long,,2026
2026-05-18 08:00:00+00:00,short,12353.6706079061,2026-05-20 04:00:00+00:00,13.308838669821853,signal,,trend_down,0,neutral,tradable_strong,short_release,0.5069593950931699,confirmed_short,trend_short,normal,confirmed_short,,2026
2026-06-05 04:00:00+00:00,short,12366.979446575922,2026-06-07 08:28:00+00:00,3.864080235111032,stop_loss,12371.593674392096,trend_down,-1,bias_down,tradable_strong,short_release,0.8146018690301877,confirmed_short,trend_short,normal,confirmed_short,,2026
2026-06-08 12:00:00+00:00,short,12370.843526811032,2026-06-09 08:00:00+00:00,0.5004294982409192,signal,,trend_down,-1,bias_down,tradable_strong,short_release,0.7241541671467753,confirmed_short,trend_short,normal,confirmed_short,,2026
2026-06-24 20:00:00+00:00,short,12371.343956309274,2026-06-25 05:02:00+00:00,-26.74055096623306,stop_loss,12345.125915506498,trend_down,-1,bias_down,tradable_strong,short_release,0.8592326726432081,confirmed_short,trend_short,normal,confirmed_short,,2026
2026-06-25 20:00:00+00:00,short,12344.60340534304,2026-06-30 08:00:00+00:00,0.8408936240812181,signal,,trend_down,-1,bias_down,tradable_strong,short_release,0.8455583986347411,confirmed_short,trend_short,normal,confirmed_short,,2026
2026-07-21 20:00:00+00:00,long,12345.444298967122,2026-07-23 07:11:00+00:00,-44.7643625225719,stop_loss,12302.185718620658,trend_up,0,neutral,tradable_strong,long_continuation,0.9547346493074182,confirmed_long,trend_long,normal,confirmed_long,,2026
