entry_time,exit_time,side,entry_price,exit_price,bars,pnl
2020-01-26 16:00:00+00:00,2020-02-02 04:00:00+00:00,long,8565.04,9379.19,39,483.9450923223885
2020-02-02 12:00:00+00:00,2020-02-02 20:00:00+00:00,long,9457.85,9338.2,2,-77.14327020973542
2020-02-03 00:00:00+00:00,2020-02-03 16:00:00+00:00,long,9396.06,9331.11,4,-40.70397010791203
2020-02-06 16:00:00+00:00,2020-02-10 04:00:00+00:00,long,9755.26,9985.67,21,95.23777355034144
2020-02-11 12:00:00+00:00,2020-02-15 12:00:00+00:00,long,10204.39,9982.18,24,-185.4128736983639
2020-02-18 20:00:00+00:00,2020-02-19 20:00:00+00:00,long,10174.32,9593.65,6,-258.01652557775014
2020-02-23 08:00:00+00:00,2020-02-24 00:00:00+00:00,long,9842.16,9759.23,4,-48.970264922481874
2020-04-04 04:00:00+00:00,2020-04-10 00:00:00+00:00,long,6725.67,7172.94,35,192.6266221057267
2020-04-12 12:00:00+00:00,2020-04-13 00:00:00+00:00,long,7014.12,6671.0,3,-194.1672691902404
2020-04-23 20:00:00+00:00,2020-05-04 04:00:00+00:00,long,7483.35,8653.3,62,559.8151929240448
2020-05-04 12:00:00+00:00,2020-05-10 00:00:00+00:00,long,8848.0,8621.65,33,-83.06152627109805
2020-05-13 20:00:00+00:00,2020-05-15 20:00:00+00:00,long,9305.91,9310.73,12,1.4644514195188094
2020-05-16 04:00:00+00:00,2020-05-16 08:00:00+00:00,long,9385.86,9410.0,1,5.209887533255824
2020-05-28 20:00:00+00:00,2020-06-02 12:00:00+00:00,long,9569.59,9467.9,28,-45.49332241658885
2020-06-03 20:00:00+00:00,2020-06-04 04:00:00+00:00,long,9663.59,9644.81,2,-10.525764112924662
2020-06-11 16:00:00+00:00,2020-06-13 12:00:00+00:00,long,9280.99,9433.97,11,47.2370646307445
2020-06-23 12:00:00+00:00,2020-06-24 08:00:00+00:00,long,9695.89,9337.26,5,-276.23399230063114
2020-07-22 04:00:00+00:00,2020-08-02 04:00:00+00:00,long,9301.44,11327.7,66,2199.6910439058956
2020-08-05 12:00:00+00:00,2020-08-06 20:00:00+00:00,long,11672.0,11770.56,8,30.972399170757853
2020-08-15 00:00:00+00:00,2020-08-15 12:00:00+00:00,long,11900.97,11858.01,3,-26.082910717987033
2020-08-15 20:00:00+00:00,2020-08-16 00:00:00+00:00,long,11859.04,11942.2,1,37.79463474489239
2020-08-24 08:00:00+00:00,2020-08-24 12:00:00+00:00,long,11799.0,11768.0,1,-26.097050911910628
2020-10-10 00:00:00+00:00,2020-10-16 04:00:00+00:00,long,11413.28,11309.01,37,-95.02174496320004
2020-10-19 16:00:00+00:00,2020-10-26 16:00:00+00:00,long,11687.69,12997.57,42,948.6611052173503
2020-10-26 20:00:00+00:00,2020-10-28 12:00:00+00:00,long,13047.24,13208.65,10,77.85204631618763
2020-10-29 12:00:00+00:00,2020-11-02 08:00:00+00:00,long,13429.04,13406.01,23,-4.267737329630108
2020-11-03 12:00:00+00:00,2020-11-07 16:00:00+00:00,long,13701.33,14654.74,25,391.66373203459625
2020-11-08 12:00:00+00:00,2020-11-10 20:00:00+00:00,long,15349.33,15294.68,14,-14.095754426849453
2020-11-12 20:00:00+00:00,2020-11-14 08:00:00+00:00,long,16289.02,15916.92,9,-104.31756191348904
2020-11-15 08:00:00+00:00,2020-11-15 12:00:00+00:00,long,15950.0,16022.0,1,21.97556109569632
2020-11-17 12:00:00+00:00,2020-11-22 08:00:00+00:00,long,17322.38,17925.2,29,167.73261226019167
2020-11-22 16:00:00+00:00,2020-11-23 00:00:00+00:00,long,18607.72,18390.41,2,-60.911044152140676
2020-11-24 08:00:00+00:00,2020-11-25 04:00:00+00:00,long,19089.69,18991.05,5,-33.05684105977707
2020-11-26 16:00:00+00:00,2020-11-26 20:00:00+00:00,long,16536.91,17155.34,1,171.44734317776238
2020-11-29 08:00:00+00:00,2020-12-01 12:00:00+00:00,long,18086.25,19276.01,13,253.545784337437
2020-12-02 08:00:00+00:00,2020-12-02 12:00:00+00:00,long,19130.01,18898.97,1,-45.55741155357828
2020-12-12 16:00:00+00:00,2020-12-21 08:00:00+00:00,long,18796.0,22663.0,52,1167.1413118158653
2020-12-22 20:00:00+00:00,2020-12-23 08:00:00+00:00,long,23826.99,23080.0,3,-137.37407514205916
2020-12-23 12:00:00+00:00,2020-12-23 20:00:00+00:00,long,23471.08,23238.27,2,-41.45962626046639
2020-12-24 20:00:00+00:00,2020-12-25 00:00:00+00:00,long,23737.44,23492.62,1,-47.6630289488603
2020-12-26 16:00:00+00:00,2021-01-04 08:00:00+00:00,long,25944.43,30760.39,52,783.4474697472924
2021-01-05 16:00:00+00:00,2021-01-10 16:00:00+00:00,long,33747.0,37531.91,30,267.16476273284934
2021-01-14 00:00:00+00:00,2021-01-15 04:00:00+00:00,long,37103.0,38510.21,7,76.64636389251973
2021-02-04 08:00:00+00:00,2021-02-15 00:00:00+00:00,long,37361.16,47165.18,64,840.08380642663
2021-02-15 16:00:00+00:00,2021-02-15 20:00:00+00:00,long,48722.66,47981.58,1,-70.25247055019645
2021-02-17 20:00:00+00:00,2021-02-22 08:00:00+00:00,long,52194.62,54606.16,27,135.8901245421912
2021-03-03 08:00:00+00:00,2021-03-05 00:00:00+00:00,long,51721.4,47300.23,10,-340.20366291375103
2021-03-09 20:00:00+00:00,2021-03-15 08:00:00+00:00,long,54917.78,56182.03,33,66.0548036717264
2021-03-17 16:00:00+00:00,2021-03-21 04:00:00+00:00,long,57897.1,57011.46,21,-89.00851498439079
2021-03-31 00:00:00+00:00,2021-04-02 16:00:00+00:00,long,58695.91,58944.81,16,-13.069490148820478
2021-04-13 16:00:00+00:00,2021-04-16 04:00:00+00:00,long,63085.22,61513.57,15,-228.8660108785316
2021-05-12 20:00:00+00:00,2021-05-13 00:00:00+00:00,long,49595.76,50477.14,1,39.75298964823742
2021-06-15 16:00:00+00:00,2021-06-17 16:00:00+00:00,long,39950.0,37682.27,12,-250.08580477541727
2021-07-25 08:00:00+00:00,2021-08-02 12:00:00+00:00,long,34366.63,39678.0,49,1071.376160891181
2021-08-04 12:00:00+00:00,2021-08-05 04:00:00+00:00,long,39289.96,38889.08,4,-55.68563325504874
2021-08-05 16:00:00+00:00,2021-08-05 20:00:00+00:00,long,40694.19,40882.4,1,20.195831983517564
2021-08-21 04:00:00+00:00,2021-08-24 12:00:00+00:00,long,48985.51,48370.25,20,-105.32193868012837
2021-08-25 20:00:00+00:00,2021-08-26 00:00:00+00:00,long,48992.65,47945.44,1,-155.0298622562077
2021-08-27 20:00:00+00:00,2021-08-28 12:00:00+00:00,long,49083.98,48840.0,4,-38.92547752044629
2021-09-18 12:00:00+00:00,2021-09-19 08:00:00+00:00,long,48420.21,47344.16,5,-172.21379702227205
2021-09-20 08:00:00+00:00,2021-09-20 12:00:00+00:00,long,43731.44,43836.9,1,7.200306112816179
2021-10-02 12:00:00+00:00,2021-10-12 16:00:00+00:00,long,47812.24,55369.15,61,883.0141683713846
2021-10-13 20:00:00+00:00,2021-10-18 12:00:00+00:00,long,57393.65,62021.07,28,451.34611466383285
2021-10-19 00:00:00+00:00,2021-10-21 20:00:00+00:00,long,62634.99,62260.33,17,-51.54553399208817
2021-10-22 00:00:00+00:00,2021-10-22 08:00:00+00:00,long,63279.94,63420.67,2,8.688750248922588
2021-11-07 16:00:00+00:00,2021-11-10 20:00:00+00:00,long,62304.66,64920.13,19,328.43334427197624
2021-11-14 00:00:00+00:00,2021-11-14 08:00:00+00:00,long,64688.44,64479.06,2,-28.8674231337136
2021-12-04 00:00:00+00:00,2021-12-04 04:00:00+00:00,long,52003.89,47241.93,1,-305.5513716039204
2021-12-27 00:00:00+00:00,2021-12-28 00:00:00+00:00,long,51007.02,49826.48,6,-204.49398735614523
2022-01-06 00:00:00+00:00,2022-01-06 20:00:00+00:00,long,42817.38,43080.01,5,20.857982196233934
2022-02-06 00:00:00+00:00,2022-02-11 00:00:00+00:00,long,41429.06,43310.87,30,312.246181449751
2022-02-11 12:00:00+00:00,2022-02-11 16:00:00+00:00,long,43648.87,42725.35,1,-128.35365811253723
2022-02-15 00:00:00+00:00,2022-02-17 04:00:00+00:00,long,43535.1,43902.4,13,54.05204780595159
2022-03-01 16:00:00+00:00,2022-03-04 16:00:00+00:00,long,43693.7,39785.4,18,-475.78882340161
2022-03-19 12:00:00+00:00,2022-03-21 00:00:00+00:00,long,41909.0,40811.3,9,-196.25786857188723
2022-03-21 08:00:00+00:00,2022-03-21 12:00:00+00:00,long,41218.7,41198.3,1,-7.957875598327519
2022-03-21 20:00:00+00:00,2022-03-31 16:00:00+00:00,long,40982.0,45578.1,59,904.3477766190954
2022-04-01 12:00:00+00:00,2022-04-02 16:00:00+00:00,long,46523.5,46099.0,7,-82.83771226383033
2022-04-03 04:00:00+00:00,2022-04-04 16:00:00+00:00,long,46363.7,45905.6,9,-94.72495159686514
2022-04-06 20:00:00+00:00,2022-04-07 00:00:00+00:00,long,43159.7,43292.0,1,21.437772877365205
2022-06-30 08:00:00+00:00,2022-06-30 16:00:00+00:00,long,19088.7,18921.3,2,-33.16536251415164
2022-07-19 12:00:00+00:00,2022-07-23 08:00:00+00:00,long,23116.2,22226.3,23,-187.57297844136338
2022-07-28 00:00:00+00:00,2022-08-04 08:00:00+00:00,long,23126.7,22872.3,44,-66.01208187208977
2022-08-19 04:00:00+00:00,2022-08-19 20:00:00+00:00,long,21892.8,20824.9,4,-221.97411419455602
2022-09-07 00:00:00+00:00,2022-09-09 00:00:00+00:00,long,18736.3,19936.0,12,301.1214035495359
2022-09-11 12:00:00+00:00,2022-09-13 12:00:00+00:00,long,21633.9,20823.9,12,-308.1854972496403
2022-10-25 20:00:00+00:00,2022-11-07 04:00:00+00:00,long,20068.3,20628.1,74,335.24558058823095
2022-11-21 16:00:00+00:00,2022-11-21 20:00:00+00:00,long,15712.8,15773.0,1,16.879794148164365
2022-12-14 04:00:00+00:00,2022-12-16 08:00:00+00:00,long,17807.1,17018.6,13,-635.1764424653848
2023-01-07 04:00:00+00:00,2023-01-25 00:00:00+00:00,long,16939.8,22641.0,107,8192.473702029001
2023-01-25 20:00:00+00:00,2023-01-30 16:00:00+00:00,long,23060.6,22783.7,29,-149.77197312639692
2023-01-31 12:00:00+00:00,2023-01-31 20:00:00+00:00,long,23113.9,23119.4,2,-4.74124988200856
2023-02-09 20:00:00+00:00,2023-02-10 00:00:00+00:00,long,21793.4,21817.5,1,4.396863626501727
2023-02-16 00:00:00+00:00,2023-02-21 20:00:00+00:00,long,24741.0,24443.4,35,-175.80893243908213
2023-02-23 00:00:00+00:00,2023-02-23 08:00:00+00:00,long,24444.3,23767.6,2,-297.78458600277736
2023-02-27 12:00:00+00:00,2023-02-27 16:00:00+00:00,long,23546.5,23262.5,1,-164.3856481833027
2023-03-01 04:00:00+00:00,2023-03-01 16:00:00+00:00,long,23709.6,23342.9,3,-204.63716181062773
2023-03-14 16:00:00+00:00,2023-03-22 16:00:00+00:00,long,25065.5,26654.1,48,327.0625104884384
2023-03-23 12:00:00+00:00,2023-03-24 08:00:00+00:00,long,28574.5,27558.4,5,-281.3395547524924
2023-04-11 00:00:00+00:00,2023-04-17 00:00:00+00:00,long,30105.8,29966.5,36,-87.64694173014504
2023-04-18 08:00:00+00:00,2023-04-19 08:00:00+00:00,long,30369.7,29299.9,6,-591.6346361830401
2023-04-28 16:00:00+00:00,2023-04-29 20:00:00+00:00,long,29317.6,29212.7,7,-38.67642073525349
2023-05-08 16:00:00+00:00,2023-05-09 08:00:00+00:00,long,27329.1,27663.9,4,103.48258524996709
2023-05-30 04:00:00+00:00,2023-05-31 04:00:00+00:00,long,27721.0,27150.4,6,-356.0856304630579
2023-06-05 12:00:00+00:00,2023-06-06 16:00:00+00:00,long,25991.9,27073.2,7,432.5095831323888
2023-06-20 20:00:00+00:00,2023-06-28 16:00:00+00:00,long,28290.6,30080.4,47,866.084413121258
2023-06-29 04:00:00+00:00,2023-06-30 12:00:00+00:00,long,30333.9,30052.0,8,-142.61144281653833
2023-07-12 08:00:00+00:00,2023-07-14 16:00:00+00:00,long,30765.3,30099.9,14,-424.49103931006175
2023-08-16 20:00:00+00:00,2023-08-17 08:00:00+00:00,long,28714.4,28540.0,3,-126.79740113189109
2023-09-11 12:00:00+00:00,2023-09-11 20:00:00+00:00,long,25102.5,25150.4,2,18.06870227908439
2023-09-16 16:00:00+00:00,2023-09-21 08:00:00+00:00,long,26524.2,26722.7,28,130.70634468483695
2023-09-29 00:00:00+00:00,2023-10-03 20:00:00+00:00,long,26944.6,27412.0,29,319.6472279051195
2023-10-04 08:00:00+00:00,2023-10-09 08:00:00+00:00,long,27559.9,27455.9,30,-71.04931609916821
2023-10-16 16:00:00+00:00,2023-11-03 08:00:00+00:00,long,28457.9,34265.5,106,2520.5786494982312
2023-11-03 12:00:00+00:00,2023-11-04 16:00:00+00:00,long,34759.5,34721.2,7,-26.64940168420435
2023-11-09 12:00:00+00:00,2023-11-13 20:00:00+00:00,long,37141.5,36486.2,26,-273.5238688535974
2023-11-14 16:00:00+00:00,2023-11-15 16:00:00+00:00,long,35305.9,37527.4,6,506.4687639229196
2023-12-01 16:00:00+00:00,2023-12-11 00:00:00+00:00,long,38750.1,42312.8,56,1575.8237243839685
2023-12-13 20:00:00+00:00,2023-12-14 12:00:00+00:00,long,42875.0,42454.1,4,-129.32441759072753
2023-12-18 20:00:00+00:00,2023-12-19 16:00:00+00:00,long,42671.7,42379.0,5,-105.74557611993441
2023-12-20 04:00:00+00:00,2023-12-24 16:00:00+00:00,long,42950.0,43645.3,27,189.1031631036749
2024-01-02 12:00:00+00:00,2024-01-03 08:00:00+00:00,long,45215.0,43728.9,5,-517.4565270671301
2024-01-13 00:00:00+00:00,2024-01-14 20:00:00+00:00,long,42625.6,41734.9,11,-107.49852229014505
2024-01-30 12:00:00+00:00,2024-02-01 00:00:00+00:00,long,43355.5,41998.0,9,-542.996120836131
2024-02-01 12:00:00+00:00,2024-02-03 12:00:00+00:00,long,42500.1,43097.4,12,186.40404283920725
2024-02-08 20:00:00+00:00,2024-02-17 12:00:00+00:00,long,45269.1,51013.4,52,2145.04679151002
2024-02-17 20:00:00+00:00,2024-02-20 00:00:00+00:00,long,51679.4,51608.9,13,-47.2076266865879
2024-02-20 04:00:00+00:00,2024-02-21 08:00:00+00:00,long,51869.2,50988.1,7,-292.19964284500384
2024-02-27 04:00:00+00:00,2024-03-05 16:00:00+00:00,long,56100.0,61510.2,45,1422.4392953461465
2024-03-06 04:00:00+00:00,2024-03-06 12:00:00+00:00,long,66759.4,66541.3,2,-32.85787280623481
2024-03-07 12:00:00+00:00,2024-03-11 00:00:00+00:00,long,67317.1,68657.4,21,134.44403318751574
2024-03-11 04:00:00+00:00,2024-03-13 16:00:00+00:00,long,71223.8,73399.9,15,307.75158240100063
2024-03-20 20:00:00+00:00,2024-03-21 04:00:00+00:00,long,67876.4,67031.8,2,-104.31526766905517
2024-03-21 08:00:00+00:00,2024-03-21 12:00:00+00:00,long,67082.3,66601.6,1,-63.348483260546345
2024-03-26 08:00:00+00:00,2024-04-01 04:00:00+00:00,long,70734.2,69637.0,35,-234.51848254538345
2024-04-07 00:00:00+00:00,2024-04-09 16:00:00+00:00,long,69402.1,69049.7,16,-124.71072907852431
2024-04-10 20:00:00+00:00,2024-04-11 12:00:00+00:00,long,70681.7,70045.9,4,-134.1828984315398
2024-05-16 08:00:00+00:00,2024-05-23 12:00:00+00:00,long,66483.8,68103.0,43,388.2661751398482
2024-05-25 08:00:00+00:00,2024-05-26 04:00:00+00:00,long,69112.5,69359.2,5,46.16482886611993
2024-06-04 20:00:00+00:00,2024-06-07 16:00:00+00:00,long,70580.0,69287.2,17,-395.4978843220197
2024-06-10 12:00:00+00:00,2024-06-11 00:00:00+00:00,long,70090.9,68472.3,3,-648.4143817080112
2024-06-12 12:00:00+00:00,2024-06-12 16:00:00+00:00,long,69738.0,67523.2,1,-631.8975053581344
2024-07-16 00:00:00+00:00,2024-07-23 04:00:00+00:00,long,64725.1,66550.0,43,409.1651326111205
2024-07-24 12:00:00+00:00,2024-07-24 16:00:00+00:00,long,66155.7,65631.8,1,-134.56937039077457
2024-07-25 20:00:00+00:00,2024-07-29 16:00:00+00:00,long,65773.0,67276.6,23,311.11556157465384
2024-08-24 16:00:00+00:00,2024-08-27 08:00:00+00:00,long,64170.0,62392.5,16,-423.78398563231167
2024-09-19 04:00:00+00:00,2024-09-26 00:00:00+00:00,long,62071.0,63482.9,41,318.4316565263107
2024-09-26 04:00:00+00:00,2024-09-30 00:00:00+00:00,long,63823.4,64539.9,23,186.35094286038293
2024-10-07 12:00:00+00:00,2024-10-08 04:00:00+00:00,long,63620.0,62291.4,4,-403.6755706129734
2024-10-08 12:00:00+00:00,2024-10-09 04:00:00+00:00,long,62259.9,62243.0,4,-16.078061414173135
2024-10-14 00:00:00+00:00,2024-10-21 12:00:00+00:00,long,64281.6,67354.3,45,837.9234676761989
2024-10-24 20:00:00+00:00,2024-10-25 04:00:00+00:00,long,68173.8,67503.6,2,-207.76106876339327
2024-10-25 12:00:00+00:00,2024-10-25 16:00:00+00:00,long,67660.6,66825.8,1,-246.86173887149198
2024-10-29 04:00:00+00:00,2024-10-31 20:00:00+00:00,long,71004.2,70321.9,16,-180.00608163741344
2024-11-01 12:00:00+00:00,2024-11-03 00:00:00+00:00,long,69381.0,68367.5,9,-243.43328705863678
2024-11-05 12:00:00+00:00,2024-11-17 20:00:00+00:00,long,69615.3,89899.9,74,4194.6259851054965
2024-11-18 04:00:00+00:00,2024-11-18 12:00:00+00:00,long,91795.9,92407.8,2,82.95781010640349
2024-11-21 08:00:00+00:00,2024-11-24 12:00:00+00:00,long,98014.0,95986.4,19,-361.4967379536174
2024-11-24 20:00:00+00:00,2024-11-25 12:00:00+00:00,long,97960.4,96040.4,4,-364.37700056722315
2024-11-27 12:00:00+00:00,2024-11-28 16:00:00+00:00,long,95610.5,95196.3,7,-73.50325219066872
2024-12-16 08:00:00+00:00,2024-12-18 04:00:00+00:00,long,103717.8,104200.1,11,82.4839363612773
2024-12-18 12:00:00+00:00,2024-12-18 16:00:00+00:00,long,104395.1,102782.1,1,-266.2137724367167
2025-01-05 12:00:00+00:00,2025-01-07 12:00:00+00:00,long,97986.6,97915.3,12,-37.47437716034983
2025-01-16 04:00:00+00:00,2025-01-19 20:00:00+00:00,long,99756.5,101311.5,22,248.55125121038873
2025-01-20 04:00:00+00:00,2025-01-20 16:00:00+00:00,long,107178.8,103674.2,3,-398.0631045705886
2025-01-21 16:00:00+00:00,2025-01-22 08:00:00+00:00,long,106989.9,105083.9,4,-189.08039708836077
2025-01-27 08:00:00+00:00,2025-01-29 16:00:00+00:00,long,98700.0,103550.5,14,496.09560881394646
2025-02-24 20:00:00+00:00,2025-02-25 00:00:00+00:00,long,91514.5,92125.3,1,80.14349720083919
2025-03-25 12:00:00+00:00,2025-03-26 16:00:00+00:00,long,87723.0,86525.3,7,-297.5294117754602
2025-03-27 00:00:00+00:00,2025-03-27 08:00:00+00:00,long,87631.1,86900.7,2,-183.7241357898347
2025-04-07 00:00:00+00:00,2025-04-07 04:00:00+00:00,long,77669.6,75084.1,1,-293.3995656674342
2025-04-15 04:00:00+00:00,2025-04-20 08:00:00+00:00,long,85691.3,84084.6,31,-278.4307109960537
2025-04-20 20:00:00+00:00,2025-04-30 12:00:00+00:00,long,85138.8,93948.4,58,2632.6091391922855
2025-05-01 08:00:00+00:00,2025-05-04 04:00:00+00:00,long,96129.9,95842.1,17,-71.3582064703005
2025-05-07 12:00:00+00:00,2025-05-15 00:00:00+00:00,long,96889.0,102706.1,45,1370.2096704272408
2025-05-15 16:00:00+00:00,2025-05-17 00:00:00+00:00,long,103107.0,103464.7,8,60.20697256582207
2025-05-20 08:00:00+00:00,2025-05-23 20:00:00+00:00,long,105159.2,107271.5,21,567.3003896100709
2025-05-24 08:00:00+00:00,2025-05-24 20:00:00+00:00,long,109152.2,107698.9,3,-257.9559560663911
2025-05-25 20:00:00+00:00,2025-05-27 00:00:00+00:00,long,108955.9,108844.9,7,-36.868078794192115
2025-06-03 00:00:00+00:00,2025-06-03 04:00:00+00:00,long,105448.8,105134.4,1,-85.78760946724651
2025-06-03 12:00:00+00:00,2025-06-04 16:00:00+00:00,long,106556.1,104870.4,7,-403.5275250508639
2025-06-10 12:00:00+00:00,2025-06-12 08:00:00+00:00,long,108975.3,106862.9,11,-492.6177124510723
2025-06-12 16:00:00+00:00,2025-06-12 20:00:00+00:00,long,106749.6,105609.5,1,-287.34121359922574
2025-06-16 12:00:00+00:00,2025-06-17 08:00:00+00:00,long,107374.9,105592.9,5,-458.10405241359695
2025-06-26 08:00:00+00:00,2025-06-28 12:00:00+00:00,long,107272.8,107407.6,13,13.672433299027034
2025-07-10 16:00:00+00:00,2025-07-15 04:00:00+00:00,long,113246.1,116777.1,27,879.6340326387435
2025-07-15 12:00:00+00:00,2025-07-18 20:00:00+00:00,long,116393.0,117896.4,20,244.25957597999513
2025-07-19 00:00:00+00:00,2025-07-19 12:00:00+00:00,long,118295.2,118025.6,3,-61.49876049388695
2025-08-10 04:00:00+00:00,2025-08-14 12:00:00+00:00,long,117770.0,118185.9,26,259.04316394346824
2025-09-12 04:00:00+00:00,2025-09-17 12:00:00+00:00,long,115049.0,115825.1,32,174.53264106839924
2025-09-18 00:00:00+00:00,2025-09-18 20:00:00+00:00,long,117531.2,117017.1,5,-157.46379819558933
2025-09-22 04:00:00+00:00,2025-09-22 08:00:00+00:00,long,112454.4,112814.1,1,63.33602967621118
2025-10-01 16:00:00+00:00,2025-10-07 16:00:00+00:00,long,117374.1,121593.6,36,1047.2500267449723
2025-10-08 08:00:00+00:00,2025-10-09 08:00:00+00:00,long,122825.7,122672.9,6,-46.907742293980846
2025-10-09 12:00:00+00:00,2025-10-09 16:00:00+00:00,long,121079.4,120897.6,1,-46.18871233503887
2025-10-10 20:00:00+00:00,2025-10-11 00:00:00+00:00,long,112714.9,112261.9,1,-39.8475440688926
2025-10-27 20:00:00+00:00,2025-10-29 12:00:00+00:00,long,114064.1,111460.6,10,-601.282749028258
2025-12-01 12:00:00+00:00,2025-12-01 20:00:00+00:00,long,84650.0,86241.6,2,206.56352198413515
2026-01-04 08:00:00+00:00,2026-01-07 08:00:00+00:00,long,91262.7,92041.9,18,239.34220259550784
2026-01-14 08:00:00+00:00,2026-01-18 12:00:00+00:00,long,94763.6,95067.8,25,61.6051862311142
2026-03-15 08:00:00+00:00,2026-03-18 12:00:00+00:00,long,71800.0,71436.4,19,-38.754790381353814
2026-04-08 04:00:00+00:00,2026-04-12 12:00:00+00:00,long,71612.0,70856.2,26,-223.97231718245894
2026-04-13 12:00:00+00:00,2026-04-19 04:00:00+00:00,long,71823.6,75205.6,34,1051.5077524854423
2026-04-19 12:00:00+00:00,2026-04-19 16:00:00+00:00,long,75807.6,74917.9,1,-277.6834551241045
2026-04-20 12:00:00+00:00,2026-04-21 16:00:00+00:00,long,75668.1,74988.6,7,-195.6601325319425
2026-05-03 20:00:00+00:00,2026-05-08 00:00:00+00:00,long,78529.0,79540.0,25,543.5242422835945
2026-05-08 08:00:00+00:00,2026-05-12 08:00:00+00:00,long,80181.9,80742.7,24,156.08122338649264
2026-05-14 16:00:00+00:00,2026-05-15 04:00:00+00:00,long,81373.7,80782.8,3,-196.7186259454029
2026-05-28 00:00:00+00:00,2026-05-28 20:00:00+00:00,long,73224.5,73591.4,5,68.13837606146262
2026-06-24 12:00:00+00:00,2026-06-25 12:00:00+00:00,long,60254.9,59536.2,6,-146.88016684643662
2026-07-07 12:00:00+00:00,2026-07-08 00:00:00+00:00,long,63910.0,62741.0,3,-395.053172152584
2026-07-15 12:00:00+00:00,2026-07-17 04:00:00+00:00,long,65391.6,62792.9,10,-1033.9411181722971
2026-07-17 16:00:00+00:00,2026-07-23 12:00:00+00:00,long,64121.4,64940.4,35,265.8702827222005
2026-07-24 04:00:00+00:00,2026-07-24 08:00:00+00:00,long,65470.0,65045.7,1,-204.66236788559036
2026-07-26 20:00:00+00:00,2026-07-27 12:00:00+00:00,long,65375.1,64517.1,4,-484.13342488864146
2026-07-30 20:00:00+00:00,2026-07-31 00:00:00+00:00,long,64750.0,64344.0,1,-182.53263842967135
