ema_fast,ema_slow,atr_period,adx_period,adx_enter,adx_exit,trend_separation_atr,rsi_period,rsi_entry,rsi_exit,bb_period,bb_std,mr_stop_atr,mr_max_bars,target_vol,max_leverage,trend_scale,rebound_scale,allow_short,rebalance_bars,vol_risk_enabled,realized_vol_period,vol_baseline_period,vol_shock_enter,vol_shock_exit,vol_shock_scale,vol_momentum_period,momentum_factor_enabled,momentum_factor_period,momentum_factor_threshold,momentum_factor_scale,funding_factor_enabled,funding_lookback,funding_high_threshold,funding_factor_scale,downside_allocation_enabled,downside_vol_period,downside_calm_threshold,downside_stress_threshold,downside_calm_boost,downside_stress_scale,drawdown_brake_enabled,price_drawdown_lookback,price_drawdown_enter,price_drawdown_exit,price_drawdown_scale,train_cagr,train_sharpe,train_sortino,train_max_drawdown,train_average_leverage,train_turnover_multiple,validation_cagr,validation_sharpe,validation_sortino,validation_max_drawdown,validation_average_leverage,validation_turnover_multiple,pre_cagr,pre_sharpe,pre_sortino,pre_max_drawdown,pre_average_leverage,pre_turnover_multiple
30,120,20,14,27.0,18.0,0.15,14,27.0,52.0,24,2.0,2.2,18,1.05,6.0,1.25,0.65,False,72,True,12,90,1.25,1.1,0.25,36,False,24,0.0,0.5,True,6,0.0002,0.5,True,24,0.4,0.6,1.25,0.35,False,360,0.2,0.1,0.5,0.845022414394671,1.7486755757323356,3.1508171029951297,-0.24460393326758412,0.26608440958782725,337.2387617236543,1.4881023565318698,1.8993559864178566,3.5911362559998166,-0.31793817519753087,0.5359888853448228,346.4305121658281,1.079366896870972,1.7942618031941313,3.3178211802368325,-0.3179381751975301,0.37407574608392125,683.6692738894825
30,120,20,14,27.0,18.0,0.15,14,27.0,52.0,24,2.0,2.2,18,1.05,6.0,1.25,0.65,False,72,True,12,90,1.25,1.1,0.25,36,False,24,0.0,0.5,True,6,0.0002,0.5,True,24,0.4,0.6,1.25,0.4,False,360,0.2,0.1,0.5,0.850028780628042,1.7493402708416916,3.1473891567084813,-0.24958389248503343,0.2698756487398551,337.7592512076823,1.4985433913115305,1.9014494658121324,3.5903942458449394,-0.32163142538761635,0.5446046500654942,345.800460408378,1.0862416806897897,1.7956685742921148,3.315710802913681,-0.32163142538761613,0.3797973235997578,683.5597116160603
30,120,20,14,27.0,18.0,0.15,14,27.0,52.0,24,2.0,2.2,18,1.05,6.0,1.25,0.65,False,72,True,12,90,1.25,1.1,0.25,36,False,24,0.0,0.5,True,6,0.0002,0.5,True,24,0.4,0.6,1.25,0.45,False,360,0.2,0.1,0.5,0.8548743073072964,1.7489839147780453,3.1413756877378756,-0.2545746470927057,0.2736668878918829,338.2797406917103,1.5086160049960746,1.9025535610419857,3.586871540069916,-0.3253313134997048,0.5532204147861656,345.17040865092787,1.0928835540813795,1.7960920273101408,3.3109668286776657,-0.3253313134997051,0.3855189011155942,683.4501493426383
30,120,20,14,27.0,18.0,0.15,14,27.0,52.0,24,2.0,2.2,18,1.05,6.0,1.25,0.65,False,72,True,12,90,1.25,1.1,0.25,36,False,24,0.0,0.5,True,6,0.0002,0.5,True,24,0.4,0.6,1.25,0.5,False,360,0.2,0.1,0.5,0.8593412498506872,1.7473662098050433,3.132380058322475,-0.25957564329854754,0.27745450997669774,338.7825328194,1.5183160633272892,1.9026927916862837,3.5806737496190633,-0.32903755247658806,0.561836179506837,344.5403568934778,1.099143819193829,1.7954197442388156,3.3034306712581514,-0.3290375524765886,0.39123830878705995,683.3228897128778
30,120,20,14,27.0,18.0,0.15,14,27.0,52.0,24,2.0,2.2,18,1.05,6.0,1.25,0.65,False,72,True,12,90,1.25,1.1,0.25,36,False,24,0.0,0.5,True,6,0.0002,0.5,True,24,0.4,0.625,1.25,0.35,False,360,0.2,0.1,0.5,0.8544791048236653,1.7218783890310592,3.086944895416549,-0.27242934891286685,0.27651137543918,332.5366769960315,1.6902253022701812,2.0073447199838412,3.7959818951697675,-0.3007272163606546,0.5616937081992671,329.7148448908363,1.1519540875374474,1.8331022130577956,3.3817313473144073,-0.30072721636065347,0.3906155271893845,662.2515218868677
30,120,20,14,27.0,18.0,0.15,14,27.0,52.0,24,2.0,2.2,18,1.05,6.0,1.25,0.65,False,72,True,12,90,1.25,1.1,0.25,36,False,24,0.0,0.5,True,6,0.0002,0.5,True,24,0.4,0.625,1.25,0.4,False,360,0.2,0.1,0.5,0.8564536347209821,1.7207016450974923,3.080625985235256,-0.2749031411010072,0.27946387337226847,333.9880500464441,1.6891975343853098,2.0026285273808173,3.7832878011631283,-0.30573753142265825,0.568003498037017,330.178671944158,1.152999073788433,1.8302600821460957,3.372474744607055,-0.30573753142265814,0.3949113094039768,664.1667219906021
30,120,20,14,27.0,18.0,0.15,14,27.0,52.0,24,2.0,2.2,18,1.05,6.0,1.25,0.65,False,72,True,12,90,1.25,1.1,0.25,36,False,24,0.0,0.5,True,6,0.0002,0.5,True,24,0.4,0.625,1.25,0.45,False,360,0.2,0.1,0.5,0.8583115320867927,1.718888324576623,3.072494586022049,-0.2774030491678007,0.28241637130535696,335.4394230968567,1.6878480492184855,1.9972158237486102,3.7685383349576145,-0.3107373594471601,0.5743132878747669,330.6424989974797,1.1538587563103118,1.8267631913923499,3.3613212842224494,-0.3107373594471593,0.3992070916185691,666.0819220943365
30,120,20,14,27.0,18.0,0.15,14,27.0,52.0,24,2.0,2.2,18,1.05,6.0,1.25,0.65,False,72,True,12,90,1.25,1.1,0.25,36,False,24,0.0,0.5,True,6,0.0002,0.5,True,24,0.4,0.625,1.25,0.5,False,360,0.2,0.1,0.5,0.8601176968260862,1.7165380962050025,3.062771979009484,-0.27992883088492737,0.2853733676656802,336.89079614726927,1.6861551816487137,1.9911110734716337,3.7517862587034263,-0.3157264531871231,0.5806218662142957,331.1063260508014,1.1545711449186626,1.82266432907208,3.348411044817421,-0.31572645318712333,0.40350508766515353,667.9971221980707
30,120,20,14,27.0,18.0,0.15,14,27.0,52.0,24,2.0,2.2,18,1.05,6.0,1.25,0.65,False,72,True,12,90,1.25,1.1,0.25,36,False,24,0.0,0.5,True,6,0.0002,0.5,True,24,0.4,0.65,1.25,0.35,False,360,0.2,0.1,0.5,0.8649616691911832,1.7162818208755337,3.065181779798899,-0.282973090739706,0.28466419737904847,349.1312324311309,1.5313179340739604,1.8871603654562,3.505566666684724,-0.32535979318228425,0.5802973563376602,325.0544426844724,1.10728459955254,1.773379647904755,3.2336347279559816,-0.32535979318228614,0.4029498236509397,674.1856751156033
30,120,20,14,27.0,18.0,0.15,14,27.0,52.0,24,2.0,2.2,18,1.05,6.0,1.25,0.65,False,72,True,12,90,1.25,1.1,0.25,36,False,24,0.0,0.5,True,6,0.0002,0.5,True,24,0.4,0.65,1.25,0.4,False,360,0.2,0.1,0.5,0.8658110819114329,1.7146565280764554,3.058391027045306,-0.2846156597589147,0.28698501849405295,349.33102317290104,1.5393011062934692,1.8897706956406288,3.5098182172887027,-0.32420004002386393,0.5850548835096252,326.0294257777963,1.1105172027923582,1.773789230794761,3.232185671605993,-0.3242000400238634,0.40624559393268644,675.3604489506974
30,120,20,14,27.0,18.0,0.15,14,27.0,52.0,24,2.0,2.2,18,1.05,6.0,1.25,0.65,False,72,True,12,90,1.25,1.1,0.25,36,False,24,0.0,0.5,True,6,0.0002,0.5,True,24,0.4,0.65,1.25,0.45,False,360,0.2,0.1,0.5,0.8665710609760224,1.712568316681672,3.050167295574744,-0.28628735441309117,0.28930583960905754,349.5308139146713,1.5470718998021349,1.8918372312006353,3.51276872696898,-0.3236173374508259,0.58981241068159,327.00440887112023,1.1136148928710088,1.7737032910531312,3.229393514564823,-0.3236173374508251,0.40954136421443316,676.5352227857916
30,120,20,14,27.0,18.0,0.15,14,27.0,52.0,24,2.0,2.2,18,1.05,6.0,1.25,0.65,False,72,True,12,90,1.25,1.1,0.25,36,False,24,0.0,0.5,True,6,0.0002,0.5,True,24,0.4,0.65,1.25,0.5,False,360,0.2,0.1,0.5,0.8673069582378878,1.7101096888830607,3.0407070185610694,-0.28798803607284174,0.29163115915129695,349.7306046564414,1.5546073429753182,1.8933514153135982,3.5144081805365364,-0.32743782588047043,0.5945687263553336,327.9793919644442,1.1166146542367184,1.7731649592667809,3.2253535135435007,-0.32743782588047,0.4128393483281721,677.7099966208856
30,120,20,14,27.0,18.0,0.15,14,27.0,52.0,24,2.0,2.2,18,1.05,6.0,1.25,0.65,False,72,True,12,90,1.25,1.1,0.25,36,False,24,0.0,0.5,True,6,0.0002,0.5,True,24,0.4,0.675,1.25,0.35,False,360,0.2,0.1,0.5,0.8692774151001841,1.705205086782546,3.023271501174277,-0.28774094857834653,0.29139824910748224,342.4834197485494,1.471582239532991,1.8346094566671975,3.368000215254603,-0.32769480507352,0.5971289238361672,333.03782220767755,1.0901436549651708,1.74314551595585,3.1472564664707594,-0.32769480507352056,0.4137239870531137,675.521241956227
30,120,20,14,27.0,18.0,0.15,14,27.0,52.0,24,2.0,2.2,18,1.05,6.0,1.25,0.65,False,72,True,12,90,1.25,1.1,0.25,36,False,24,0.0,0.5,True,6,0.0002,0.5,True,24,0.4,0.675,1.25,0.4,False,360,0.2,0.1,0.5,0.869259169100985,1.7033065217549483,3.0169449641981605,-0.2892139182834005,0.293185669894146,342.97075577890837,1.4807857972279446,1.8390414742883743,3.3766523444372414,-0.32640164194343246,0.6004692477491503,333.64056216592184,1.0932416235518074,1.7442751224652484,3.1481478634999336,-0.32640164194343235,0.416132739085174,676.6113179448301
30,120,20,14,27.0,18.0,0.15,14,27.0,52.0,24,2.0,2.2,18,1.05,6.0,1.25,0.65,False,72,True,12,90,1.25,1.1,0.25,36,False,24,0.0,0.5,True,6,0.0002,0.5,True,24,0.4,0.675,1.25,0.45,False,360,0.2,0.1,0.5,0.8691763145077485,1.7010852526228473,3.0095758640392063,-0.29070889475387396,0.2949730906808098,343.4580918092674,1.4898559701592378,1.8430881619921946,3.3845221619950223,-0.32726438353686405,0.6038095716621334,334.24330212416606,1.0962442515889483,1.7450560330813838,3.1481430312544845,-0.32726438353686416,0.4185414911172343,677.7013939334335
30,120,20,14,27.0,18.0,0.15,14,27.0,52.0,24,2.0,2.2,18,1.05,6.0,1.25,0.65,False,72,True,12,90,1.25,1.1,0.25,36,False,24,0.0,0.5,True,6,0.0002,0.5,True,24,0.4,0.675,1.25,0.5,False,360,0.2,0.1,0.5,0.8688892412793845,1.6983691245169372,3.0008708253960084,-0.2922258000604119,0.296753948870602,343.94542783962635,1.4987917476812131,1.8467510071591022,3.391612150175124,-0.3307993082858268,0.6071498955751168,334.84604208241035,1.0990572873738764,1.7454010052989348,3.147087781959597,-0.33079930828582704,0.4209463063095732,678.7914699220368
30,120,20,14,27.0,18.0,0.15,14,27.0,52.0,24,2.0,2.2,18,1.05,6.0,1.25,0.65,False,72,True,12,90,1.25,1.1,0.25,36,False,24,0.0,0.5,True,6,0.0002,0.5,True,24,0.4,0.7,1.25,0.35,False,360,0.2,0.1,0.5,0.9554690209469534,1.8043792131177294,3.205061951383082,-0.29859000405682234,0.29689463620382145,340.1871688590647,1.5203101231329095,1.8599968692777535,3.4089057688352193,-0.34639888375905536,0.60647999770969,325.0178688181022,1.1642708919812081,1.805863706245025,3.260038409953475,-0.34639888375905503,0.42076267082932217,665.205037677167
30,120,20,14,27.0,18.0,0.15,14,27.0,52.0,24,2.0,2.2,18,1.05,6.0,1.25,0.65,False,72,True,12,90,1.25,1.1,0.25,36,False,24,0.0,0.5,True,6,0.0002,0.5,True,24,0.4,0.7,1.25,0.4,False,360,0.2,0.1,0.5,0.9486493065605281,1.7945215310889004,3.1841783271067463,-0.2989474938543042,0.29823227241921657,341.04862073399613,1.5255449436992312,1.8619001495130951,3.413116487666175,-0.34811086403676417,0.6091194437309344,326.2917776269118,1.1615335693125233,1.8017150790332506,3.2513760236821345,-0.34811086403676417,0.42262117347497236,667.3403983609079
30,120,20,14,27.0,18.0,0.15,14,27.0,52.0,24,2.0,2.2,18,1.05,6.0,1.25,0.65,False,72,True,12,90,1.25,1.1,0.25,36,False,24,0.0,0.5,True,6,0.0002,0.5,True,24,0.4,0.7,1.25,0.45,False,360,0.2,0.1,0.5,0.9418017733995552,1.784425928554525,3.162395499016545,-0.2993273230112996,0.2995699086346117,341.91007260892763,1.5306496136132886,1.863487656520798,3.416725081671598,-0.34983363922441846,0.611758889752179,327.56568643572143,1.1587171716451823,1.7972930647018583,3.2419751134426726,-0.3498336392244179,0.42447967612062243,669.4757590446491
30,120,20,14,27.0,18.0,0.15,14,27.0,52.0,24,2.0,2.2,18,1.05,6.0,1.25,0.65,False,72,True,12,90,1.25,1.1,0.25,36,False,24,0.0,0.5,True,6,0.0002,0.5,True,24,0.4,0.7,1.25,0.5,False,360,0.2,0.1,0.5,0.9348845678982063,1.7740462339145378,3.1396539245638686,-0.2997295205309828,0.30090919180600145,342.77152448385914,1.5356240076604601,1.864761283670844,3.419734458777936,-0.3515671158705471,0.6143983357734235,328.839595244531,1.155793977365565,1.7925753053880378,3.2318020798958655,-0.351567115870548,0.42633916675957867,671.6111197283901
30,120,20,14,27.0,18.0,0.15,14,27.0,52.0,24,2.0,2.2,18,1.05,6.0,1.25,0.65,False,72,True,12,90,1.25,1.1,0.25,36,False,24,0.0,0.5,True,6,0.0002,0.5,True,24,0.4,0.6,1.275,0.35,False,360,0.2,0.1,0.5,0.8524749234505506,1.7454359088368654,3.148668830350775,-0.24600453886548812,0.2677168209497804,340.95785933049825,1.5218649993893596,1.9055033023825796,3.6133918246828163,-0.3215577810305733,0.5393311023401337,349.89198858212933,1.095670702611725,1.7952045890131143,3.3269644941751704,-0.321557781030575,0.37639226687005856,690.8498479126276
30,120,20,14,27.0,18.0,0.15,14,27.0,52.0,24,2.0,2.2,18,1.05,6.0,1.25,0.65,False,72,True,12,90,1.25,1.1,0.25,36,False,24,0.0,0.5,True,6,0.0002,0.5,True,24,0.4,0.6,1.275,0.4,False,360,0.2,0.1,0.5,0.8575015143846572,1.7461855215245738,3.1454573670962658,-0.2509752632968135,0.2715080601018082,341.47834881452627,1.532447729685074,1.907642063068325,3.6127500744184884,-0.3252314299225272,0.5479468670608051,349.26193682467925,1.1025993965859087,1.7966777066746407,3.32501195559951,-0.32523142992252774,0.3821138443858952,690.7402856392056
30,120,20,14,27.0,18.0,0.15,14,27.0,52.0,24,2.0,2.2,18,1.05,6.0,1.25,0.65,False,72,True,12,90,1.25,1.1,0.25,36,False,24,0.0,0.5,True,6,0.0002,0.5,True,24,0.4,0.6,1.275,0.45,False,360,0.2,0.1,0.5,0.8623666161073393,1.7459338454869229,3.1397002826703937,-0.2559567631193378,0.27529929925383606,341.99883829855423,1.5426570396607442,1.9088119857340682,3.609360759971744,-0.32891168152912653,0.5565626317814765,348.6318850672292,1.1092933539810734,1.7971877852760914,3.320462109889417,-0.3289116815291273,0.3878354219017316,690.6307233657834
30,120,20,14,27.0,18.0,0.15,14,27.0,52.0,24,2.0,2.2,18,1.05,6.0,1.25,0.65,False,72,True,12,90,1.25,1.1,0.25,36,False,24,0.0,0.5,True,6,0.0002,0.5,True,24,0.4,0.6,1.275,0.5,False,360,0.2,0.1,0.5,0.8668516045100931,1.7444415008290557,3.131000729518515,-0.26094848556786465,0.2790869213386509,342.5016304262439,1.5524887389512805,1.909036345429515,3.6033258583551024,-0.3325982503165821,0.5651783965021477,348.001833309779,1.1156027110382616,1.796622542905793,3.313154805701045,-0.33259825031658263,0.39355482957319726,690.5034637360229
30,120,20,14,27.0,18.0,0.15,14,27.0,52.0,24,2.0,2.2,18,1.05,6.0,1.25,0.65,False,72,True,12,90,1.25,1.1,0.25,36,False,24,0.0,0.5,True,6,0.0002,0.5,True,24,0.4,0.625,1.275,0.35,False,360,0.2,0.1,0.5,0.8619698324430549,1.7194541627433793,3.086301627663822,-0.2737783464116901,0.27814378680113316,336.25577460287536,1.7267307594907786,2.012544090082254,3.816617750034428,-0.3044381583229646,0.5650359251945781,333.1763213071375,1.1688270713660214,1.8340883953586684,3.39091673786874,-0.3044381583229643,0.3929320479755219,669.4320959100129
30,120,20,14,27.0,18.0,0.15,14,27.0,52.0,24,2.0,2.2,18,1.05,6.0,1.25,0.65,False,72,True,12,90,1.25,1.1,0.25,36,False,24,0.0,0.5,True,6,0.0002,0.5,True,24,0.4,0.625,1.275,0.4,False,360,0.2,0.1,0.5,0.8639523389575459,1.7183402429542733,3.080148924410199,-0.27624755191197026,0.2810962847342216,337.707147653288,1.725689055409903,2.0079394709307854,3.804119137197702,-0.30942188256867886,0.571345715032328,333.6401483604592,1.1698802550673992,1.8313308647761128,3.3818357898186377,-0.30942188256867886,0.39722783019011415,671.3472960137473
30,120,20,14,27.0,18.0,0.15,14,27.0,52.0,24,2.0,2.2,18,1.05,6.0,1.25,0.65,False,72,True,12,90,1.25,1.1,0.25,36,False,24,0.0,0.5,True,6,0.0002,0.5,True,24,0.4,0.625,1.275,0.45,False,360,0.2,0.1,0.5,0.8658177418330131,1.7166015099774508,3.0722099713175095,-0.27874282486913615,0.2840487826673101,339.15852070370056,1.7243212684397569,2.002652214467049,3.7895886837103094,-0.31439517545595086,0.5776555048700778,334.103975413781,1.1707466821179082,1.827931470870414,3.370882646826218,-0.31439517545595086,0.4015236124047064,673.2624961174815
30,120,20,14,27.0,18.0,0.15,14,27.0,52.0,24,2.0,2.2,18,1.05,6.0,1.25,0.65,False,72,True,12,90,1.25,1.1,0.25,36,False,24,0.0,0.5,True,6,0.0002,0.5,True,24,0.4,0.625,1.275,0.5,False,360,0.2,0.1,0.5,0.8676312031220941,1.7143363016000963,3.062702660548308,-0.2812639235039893,0.28700577902763336,340.60989375411316,1.7226054394669754,1.996686105373092,3.7730768927461296,-0.3193577910497638,0.5839640832096067,334.5678024671027,1.1714646603586512,1.8239419114053184,3.358194501414709,-0.3193577910497639,0.405821608451291,675.1776962212159
30,120,20,14,27.0,18.0,0.15,14,27.0,52.0,24,2.0,2.2,18,1.05,6.0,1.25,0.65,False,72,True,12,90,1.25,1.1,0.25,36,False,24,0.0,0.5,True,6,0.0002,0.5,True,24,0.4,0.65,1.275,0.35,False,360,0.2,0.1,0.5,0.8724947509578374,1.714170206016688,3.0651875707593215,-0.2843025389599405,0.28629660874100155,352.8503300379748,1.5656670552147927,1.8939976437071342,3.5292524741655673,-0.3274571021467899,0.5836395733329712,328.51591910077366,1.1238073430554945,1.7752315895684423,3.2445666550217984,-0.32745710214679,0.405266344437077,681.3662491387486
30,120,20,14,27.0,18.0,0.15,14,27.0,52.0,24,2.0,2.2,18,1.05,6.0,1.25,0.65,False,72,True,12,90,1.25,1.1,0.25,36,False,24,0.0,0.5,True,6,0.0002,0.5,True,24,0.4,0.65,1.275,0.4,False,360,0.2,0.1,0.5,0.8733475946845186,1.7125955586995643,3.058534813410854,-0.2859420624721658,0.2886174298560061,353.05012077974504,1.5737585660567563,1.8966108051590884,3.5334960617179605,-0.326300950856225,0.5883971005049361,329.49090219409754,1.127065295614921,1.7756729321646803,3.2431836902350204,-0.32630095085622435,0.4085621147188238,682.5410229738425
30,120,20,14,27.0,18.0,0.15,14,27.0,52.0,24,2.0,2.2,18,1.05,6.0,1.25,0.65,False,72,True,12,90,1.25,1.1,0.25,36,False,24,0.0,0.5,True,6,0.0002,0.5,True,24,0.4,0.65,1.275,0.45,False,360,0.2,0.1,0.5,0.8741106435089456,1.7105663629463352,3.0504691476717536,-0.28761065761716886,0.29093825097101067,353.24991152151523,1.5816348163394833,1.8986909494428361,3.5364526954493307,-0.327206801300421,0.5931546276769009,330.46588528742154,1.1301872771985502,1.7756283759915126,3.2404743786432912,-0.32720680130042,0.41185788500057047,683.7157968089367
30,120,20,14,27.0,18.0,0.15,14,27.0,52.0,24,2.0,2.2,18,1.05,6.0,1.25,0.65,False,72,True,12,90,1.25,1.1,0.25,36,False,24,0.0,0.5,True,6,0.0002,0.5,True,24,0.4,0.65,1.275,0.5,False,360,0.2,0.1,0.5,0.8748495132577727,1.7081740751012426,3.0411844763855145,-0.2893081860225897,0.2932635705132501,353.4497022632853,1.5892725227185003,1.9002293864461166,3.5381120488219007,-0.3310070132314007,0.5979109433506447,331.4408683807454,1.1332105622408872,1.7751403561271413,3.2365325148017847,-0.3310070132313998,0.41515586911430946,684.8905706440308
30,120,20,14,27.0,18.0,0.15,14,27.0,52.0,24,2.0,2.2,18,1.05,6.0,1.25,0.65,False,72,True,12,90,1.25,1.1,0.25,36,False,24,0.0,0.5,True,6,0.0002,0.5,True,24,0.4,0.675,1.275,0.35,False,360,0.2,0.1,0.5,0.876827927606536,1.7034085412548976,3.0240713039639577,-0.2890615566559914,0.2930306604694354,346.20251735539335,1.5051207780798057,1.8422063416265022,3.393052705329221,-0.32978485499635823,0.600471140831478,336.4992986239788,1.106532002530424,1.7454921068893636,3.159230718140809,-0.32978485499635746,0.416040507839251,682.7018159793721
30,120,20,14,27.0,18.0,0.15,14,27.0,52.0,24,2.0,2.2,18,1.05,6.0,1.25,0.65,False,72,True,12,90,1.25,1.1,0.25,36,False,24,0.0,0.5,True,6,0.0002,0.5,True,24,0.4,0.675,1.275,0.4,False,360,0.2,0.1,0.5,0.8768096079068559,1.7015505238427577,3.0178485570363236,-0.290531795310192,0.29481808125609915,346.6898533857524,1.5144492328547314,1.846607940290028,3.4016441020995183,-0.3284957084881419,0.6038114647444613,337.10203858222303,1.1096542642461196,1.7466337009944464,3.1601457336971674,-0.328495708488142,0.4184492598713113,683.7918919679754
30,120,20,14,27.0,18.0,0.15,14,27.0,52.0,24,2.0,2.2,18,1.05,6.0,1.25,0.65,False,72,True,12,90,1.25,1.1,0.25,36,False,24,0.0,0.5,True,6,0.0002,0.5,True,24,0.4,0.675,1.275,0.45,False,360,0.2,0.1,0.5,0.8767264186417041,1.6993755177372156,3.010597322401768,-0.2920239999268026,0.2966055020427629,347.17718941611133,1.5236424929365358,1.8506316974544292,3.409461015317754,-0.3308344930463678,0.6071517886574445,337.7047785404674,1.112680437875753,1.7474332383545488,3.160175116204741,-0.3308344930463669,0.4208580119033717,684.8819679565786
30,120,20,14,27.0,18.0,0.15,14,27.0,52.0,24,2.0,2.2,18,1.05,6.0,1.25,0.65,False,72,True,12,90,1.25,1.1,0.25,36,False,24,0.0,0.5,True,6,0.0002,0.5,True,24,0.4,0.675,1.275,0.5,False,360,0.2,0.1,0.5,0.8764381858476269,1.6967127115964749,3.0020258313036807,-0.29353809272096065,0.29838636023255516,347.6645254464703,1.5326995339641551,1.8542790043800572,3.4165058425253183,-0.33435065674996944,0.6104921125704277,338.3075184987116,1.1155155327094364,1.7478042623614154,3.159165645767902,-0.33435065674996955,0.42326282709571056,685.9720439451819
30,120,20,14,27.0,18.0,0.15,14,27.0,52.0,24,2.0,2.2,18,1.05,6.0,1.25,0.65,False,72,True,12,90,1.25,1.1,0.25,36,False,24,0.0,0.5,True,6,0.0002,0.5,True,24,0.4,0.7,1.275,0.35,False,360,0.2,0.1,0.5,0.9633676840783818,1.8018357871878605,3.2046337176928423,-0.2998904967701609,0.2985270475657746,343.90626646590863,1.5545099272833922,1.8673862569864035,3.433663678406545,-0.34986745262891483,0.6098222147050009,328.47934523440347,1.1812404695832877,1.807662882233357,3.2712164525773093,-0.34986745262891505,0.42307919161545954,672.385611700312
30,120,20,14,27.0,18.0,0.15,14,27.0,52.0,24,2.0,2.2,18,1.05,6.0,1.25,0.65,False,72,True,12,90,1.25,1.1,0.25,36,False,24,0.0,0.5,True,6,0.0002,0.5,True,24,0.4,0.7,1.275,0.4,False,360,0.2,0.1,0.5,0.9565204230389424,1.7920825873781208,3.1839586441193033,-0.3002473237415091,0.2998646837811696,344.7677183408401,1.559815787295352,1.8692856368788546,3.4378495565905065,-0.35157034599621206,0.6124616607262454,329.753254043213,1.1784816857290217,1.8035771327782544,3.2626504620177426,-0.35157034599621084,0.42493769426110967,674.5209723840532
30,120,20,14,27.0,18.0,0.15,14,27.0,52.0,24,2.0,2.2,18,1.05,6.0,1.25,0.65,False,72,True,12,90,1.25,1.1,0.25,36,False,24,0.0,0.5,True,6,0.0002,0.5,True,24,0.4,0.7,1.275,0.45,False,360,0.2,0.1,0.5,0.9496452308574801,1.7820955930156523,3.162396212521057,-0.3006264486526936,0.30120231999656477,345.6291702157716,1.5649897305703648,1.8708752603991639,3.441439125178887,-0.35328397699539527,0.6151011067474899,331.0271628520226,1.1756432068619898,1.7992230905792783,3.253354427674356,-0.35328397699539527,0.4267961969067598,676.6563330677942
30,120,20,14,27.0,18.0,0.15,14,27.0,52.0,24,2.0,2.2,18,1.05,6.0,1.25,0.65,False,72,True,12,90,1.25,1.1,0.25,36,False,24,0.0,0.5,True,6,0.0002,0.5,True,24,0.4,0.7,1.275,0.5,False,360,0.2,0.1,0.5,0.9427000849103959,1.7718289031532457,3.139886696765028,-0.30102790045311634,0.30254160316795464,346.4906220907031,1.5700316301939785,1.8721569258818818,3.4444352103575833,-0.35500825267101155,0.6177405527687345,332.3010716608323,1.1726970940091928,1.7945785128648215,3.243294737050504,-0.3550082526710102,0.4286556875457159,678.7916937515354
30,120,20,14,27.0,18.0,0.15,14,27.0,52.0,24,2.0,2.2,18,1.05,6.0,1.25,0.65,False,72,True,12,90,1.25,1.1,0.25,36,False,24,0.0,0.5,True,6,0.0002,0.5,True,24,0.4,0.6,1.3,0.35,False,360,0.2,0.1,0.5,0.8599056410328076,1.7420927025207456,3.146249301060602,-0.24740779973177618,0.2693492323117335,344.6769569373422,1.5559079131672386,1.9113309619428605,3.634847177125996,-0.3251683579209589,0.5426733193354447,353.35346499843064,1.1120081934225619,1.7959603189544031,3.3356077015367718,-0.3251683579209592,0.37870878765619603,698.0304219357729
30,120,20,14,27.0,18.0,0.15,14,27.0,52.0,24,2.0,2.2,18,1.05,6.0,1.25,0.65,False,72,True,12,90,1.25,1.1,0.25,36,False,24,0.0,0.5,True,6,0.0002,0.5,True,24,0.4,0.6,1.3,0.4,False,360,0.2,0.1,0.5,0.8649523975597408,1.7429249689138795,3.143251164689988,-0.25236927187674396,0.27314047146376136,345.1974464213702,1.566633515495298,1.9135137352815106,3.634308211624186,-0.32882245442341895,0.551289084056116,352.7234132409805,1.1189909090256274,1.7974977271162227,3.3338124041407076,-0.32882245442342073,0.38443036517203244,697.9208596623507
30,120,20,14,27.0,18.0,0.15,14,27.0,52.0,24,2.0,2.2,18,1.05,6.0,1.25,0.65,False,72,True,12,90,1.25,1.1,0.25,36,False,24,0.0,0.5,True,6,0.0002,0.5,True,24,0.4,0.6,1.3,0.45,False,360,0.2,0.1,0.5,0.8698370171177199,1.7427754291927908,3.137747132589008,-0.25734149937587736,0.2769317106157892,345.71793590539824,1.5769806567809046,1.9147478575678432,3.631055199705218,-0.33248311852083856,0.5599048487767874,352.0933614835304,1.125737058125464,1.7980920275139287,3.3294561500378426,-0.3324831185208399,0.39015194268786896,697.8112973889287
30,120,20,14,27.0,18.0,0.15,14,27.0,52.0,24,2.0,2.2,18,1.05,6.0,1.25,0.65,False,72,True,12,90,1.25,1.1,0.25,36,False,24,0.0,0.5,True,6,0.0002,0.5,True,24,0.4,0.6,1.3,0.5,False,360,0.2,0.1,0.5,0.8743399986432445,1.7414056584413555,3.1293402511146438,-0.26232393049278213,0.280719332700604,346.2207280330879,1.5869450900862256,1.915055420695456,3.625186565568789,-0.33615006619904086,0.5685206134974587,351.4633097260803,1.132095608647154,1.79763111548433,3.322377309394511,-0.3361500661990411,0.3958713503593347,697.6840377591682
30,120,20,14,27.0,18.0,0.15,14,27.0,52.0,24,2.0,2.2,18,1.05,6.0,1.25,0.65,False,72,True,12,90,1.25,1.1,0.25,36,False,24,0.0,0.5,True,6,0.0002,0.5,True,24,0.4,0.625,1.3,0.35,False,360,0.2,0.1,0.5,0.8694386570628154,1.716910838100477,3.085371594951007,-0.27512990142937377,0.27977619816308624,339.97487220971936,1.7635392578134859,2.017438063995739,3.836481846033844,-0.3081398435087829,0.568378142189889,336.63779772343884,1.185734916775444,1.8348809870315346,3.3996060267325197,-0.3081398435087822,0.3952485687616592,676.6126699331583
30,120,20,14,27.0,18.0,0.15,14,27.0,52.0,24,2.0,2.2,18,1.05,6.0,1.25,0.65,False,72,True,12,90,1.25,1.1,0.25,36,False,24,0.0,0.5,True,6,0.0002,0.5,True,24,0.4,0.625,1.3,0.4,False,360,0.2,0.1,0.5,0.8714291168814368,1.715858549129352,3.079383620542268,-0.27759451154604253,0.28272869609617474,341.42624526013196,1.7624835020413334,2.0129427387578835,3.824179327042673,-0.3130970432822128,0.5746879320276389,337.10162477676056,1.186796314917777,1.8322063332746985,3.390700234370583,-0.31309704328221233,0.39954435097625146,678.5278700368925
30,120,20,14,27.0,18.0,0.15,14,27.0,52.0,24,2.0,2.2,18,1.05,6.0,1.25,0.65,False,72,True,12,90,1.25,1.1,0.25,36,False,24,0.0,0.5,True,6,0.0002,0.5,True,24,0.4,0.625,1.3,0.45,False,360,0.2,0.1,0.5,0.8733020033310588,1.7141930634164173,3.071635574828482,-0.2800851406060336,0.2856811940292632,342.87761831054456,1.7610972615323623,2.0077784370747143,3.809868821806514,-0.3180438672371634,0.5809977218653887,337.5654518300822,1.187669500485606,1.8289025176136189,3.379947010801158,-0.31804386723716327,0.4038401331908437,680.4430701406268
30,120,20,14,27.0,18.0,0.15,14,27.0,52.0,24,2.0,2.2,18,1.05,6.0,1.25,0.65,False,72,True,12,90,1.25,1.1,0.25,36,False,24,0.0,0.5,True,6,0.0002,0.5,True,24,0.4,0.625,1.3,0.5,False,360,0.2,0.1,0.5,0.8751227398454571,1.7120114132688642,3.0623420182704564,-0.28260154728011455,0.2886381903895865,344.32899136095716,1.7593582807402597,2.0019482997533116,3.7935986278493075,-0.322980070747364,0.5873063002049176,338.029278883404,1.1883930799613154,1.825020181224261,3.3674807196294423,-0.3229800707473637,0.40813812923742837,682.3582702443612
30,120,20,14,27.0,18.0,0.15,14,27.0,52.0,24,2.0,2.2,18,1.05,6.0,1.25,0.65,False,72,True,12,90,1.25,1.1,0.25,36,False,24,0.0,0.5,True,6,0.0002,0.5,True,24,0.4,0.65,1.3,0.35,False,360,0.2,0.1,0.5,0.8800058060162212,1.7119337509807273,3.0649015516647986,-0.2856345076362147,0.2879290201029547,356.5694276448188,1.6003013168575824,1.9005013519366558,3.552164321319697,-0.3295657663299576,0.5869817903282822,331.9773955170749,1.1403642245420431,1.7768765738940981,3.254998240800106,-0.3295657663299584,0.40758286522321435,688.5468231618937
30,120,20,14,27.0,18.0,0.15,14,27.0,52.0,24,2.0,2.2,18,1.05,6.0,1.25,0.65,False,72,True,12,90,1.25,1.1,0.25,36,False,24,0.0,0.5,True,6,0.0002,0.5,True,24,0.4,0.65,1.3,0.4,False,360,0.2,0.1,0.5,0.8808620707170756,1.7104089451684652,3.0583859041701795,-0.28727097986758166,0.29024984121795927,356.76921838658893,1.6085020658494478,1.9031172806200023,3.556401818314144,-0.32841323644968934,0.5917393175002471,332.9523786103988,1.1436475788393872,1.77734897146237,3.253681790786738,-0.32841323644968945,0.41087863550496107,689.7215969969878
30,120,20,14,27.0,18.0,0.15,14,27.0,52.0,24,2.0,2.2,18,1.05,6.0,1.25,0.65,False,72,True,12,90,1.25,1.1,0.25,36,False,24,0.0,0.5,True,6,0.0002,0.5,True,24,0.4,0.65,1.3,0.45,False,360,0.2,0.1,0.5,0.8816281803253774,1.708437863147475,3.0504773939505894,-0.2889364696271577,0.29257066233296386,356.9690091283592,1.616484648511837,1.9052108046449978,3.5593666756116957,-0.330787311423266,0.5964968446722119,333.9273617037228,1.1467939021608649,1.7773449535553274,3.2510558413135597,-0.3307873114232659,0.41417440578670783,690.896370832082
30,120,20,14,27.0,18.0,0.15,14,27.0,52.0,24,2.0,2.2,18,1.05,6.0,1.25,0.65,False,72,True,12,90,1.25,1.1,0.25,36,False,24,0.0,0.5,True,6,0.0002,0.5,True,24,0.4,0.65,1.3,0.5,False,360,0.2,0.1,0.5,0.8823700138696247,1.7061109306461382,3.041367427578216,-0.2906308388001,0.2948959818752032,357.1687998701293,1.624225467192744,1.9067731119534914,3.561048262028193,-0.33456729744819413,0.6012531603459556,334.90234479704674,1.149840759526385,1.7769062773927344,3.2472127462445988,-0.3345672974481939,0.41747238990044677,692.071144667176
30,120,20,14,27.0,18.0,0.15,14,27.0,52.0,24,2.0,2.2,18,1.05,6.0,1.25,0.65,False,72,True,12,90,1.25,1.1,0.25,36,False,24,0.0,0.5,True,6,0.0002,0.5,True,24,0.4,0.675,1.3,0.35,False,360,0.2,0.1,0.5,0.8843563624182931,1.7014824389497278,3.0245754364160655,-0.29038466842994826,0.29466307183138846,349.9216149622373,1.538937728478098,1.8494576478131401,3.417341095729236,-0.3318862208360659,0.603813357826789,339.96077504028005,1.122954210432804,1.7476243816581807,3.170706814042409,-0.3318862208360652,0.41835702862538837,689.8823900025174
30,120,20,14,27.0,18.0,0.15,14,27.0,52.0,24,2.0,2.2,18,1.05,6.0,1.25,0.65,False,72,True,12,90,1.25,1.1,0.25,36,False,24,0.0,0.5,True,6,0.0002,0.5,True,24,0.4,0.675,1.3,0.4,False,360,0.2,0.1,0.5,0.8843379692336311,1.6996644385881645,3.018456071601511,-0.29185217085558735,0.2964504926180523,350.40895099259626,1.54839211728333,1.8538293920409594,3.4258733045598833,-0.3308977700196968,0.6071536817397724,340.56351499852434,1.1261008155061831,1.7487776675114057,3.1716459937045576,-0.3308977700196979,0.42076578065744863,690.9724659911207
30,120,20,14,27.0,18.0,0.15,14,27.0,52.0,24,2.0,2.2,18,1.05,6.0,1.25,0.65,False,72,True,12,90,1.25,1.1,0.25,36,False,24,0.0,0.5,True,6,0.0002,0.5,True,24,0.4,0.675,1.3,0.45,False,360,0.2,0.1,0.5,0.8842544462751514,1.6975351025563221,3.0113222945991662,-0.2933415983632719,0.298237913404716,350.8962870229553,1.5577094864423775,1.857830675566296,3.4336390183640213,-0.33439569710749184,0.6104940056527555,341.1662549567686,1.1291505834125388,1.7495954444639368,3.171710219839692,-0.3343956971074924,0.423174532689509,692.0625419797238
30,120,20,14,27.0,18.0,0.15,14,27.0,52.0,24,2.0,2.2,18,1.05,6.0,1.25,0.65,False,72,True,12,90,1.25,1.1,0.25,36,False,24,0.0,0.5,True,6,0.0002,0.5,True,24,0.4,0.675,1.3,0.5,False,360,0.2,0.1,0.5,0.883965057305929,1.6949249586271469,3.0028839537668266,-0.2948528733129002,0.30001877159450824,351.38362305331424,1.5668887977648756,1.8614627980889924,3.440640549526276,-0.33789314657806035,0.6138343295657387,341.7689949150129,1.1320077829079072,1.7499920368738027,3.1707472418392273,-0.33789314657806013,0.4255793478818478,693.1526179683271
30,120,20,14,27.0,18.0,0.15,14,27.0,52.0,24,2.0,2.2,18,1.05,6.0,1.25,0.65,False,72,True,12,90,1.25,1.1,0.25,36,False,24,0.0,0.5,True,6,0.0002,0.5,True,24,0.4,0.7,1.3,0.35,False,360,0.2,0.1,0.5,0.9712432515188754,1.7991663417128314,3.203911978165947,-0.3011934550437724,0.3001594589277277,347.6253640727525,1.588993633455635,1.8744336496838157,3.457666383139044,-0.35332736931097297,0.613164431700312,331.9408216507047,1.1982451086191217,1.809253364682698,3.281901762264354,-0.3533273693109735,0.42539571240159685,679.5661857234572
30,120,20,14,27.0,18.0,0.15,14,27.0,52.0,24,2.0,2.2,18,1.05,6.0,1.25,0.65,False,72,True,12,90,1.25,1.1,0.25,36,False,24,0.0,0.5,True,6,0.0002,0.5,True,24,0.4,0.7,1.3,0.4,False,360,0.2,0.1,0.5,0.9643685243728433,1.7895167349760757,3.1834447784439384,-0.3015496179323529,0.3014970951431228,348.486815947684,1.5943711227175434,1.8763292539526322,3.4618284552125953,-0.35502119844828406,0.6158038777215564,333.2147304595143,1.1954648192588442,1.8052296235445564,3.2734322926957686,-0.35502119844828417,0.427254215047247,681.7015464071983
30,120,20,14,27.0,18.0,0.15,14,27.0,52.0,24,2.0,2.2,18,1.05,6.0,1.25,0.65,False,72,True,12,90,1.25,1.1,0.25,36,False,24,0.0,0.5,True,6,0.0002,0.5,True,24,0.4,0.7,1.3,0.45,False,360,0.2,0.1,0.5,0.9574657540458613,1.7796374180483903,3.162102078711722,-0.3019280372625721,0.30283473135851796,349.3482678226155,1.5996149144974252,1.877921038583092,3.4654001645433703,-0.35672570808222703,0.618443323742801,334.48863926832394,1.1926042135906,1.8009426191722846,3.264241338481363,-0.3567257080822269,0.4291127176928972,683.8369070909395
30,120,20,14,27.0,18.0,0.15,14,27.0,52.0,24,2.0,2.2,18,1.05,6.0,1.25,0.65,False,72,True,12,90,1.25,1.1,0.25,36,False,24,0.0,0.5,True,6,0.0002,0.5,True,24,0.4,0.7,1.3,0.5,False,360,0.2,0.1,0.5,0.9504927493509066,1.769482762729129,3.1398239844731473,-0.3023287419299494,0.3041740145299077,350.20971969754703,1.6047248801668568,1.8792107110242953,3.4683842558726927,-0.35844080575212645,0.6210827697640454,335.76254807713354,1.189635134832911,1.7963702266039354,3.2542952798382574,-0.35844080575212534,0.4309722083318534,685.9722677746806
30,120,20,14,27.0,18.0,0.15,14,27.0,52.0,24,2.0,2.2,18,1.05,6.0,1.25,0.65,False,72,True,12,90,1.25,1.1,0.25,36,False,24,0.0,0.5,True,6,0.0002,0.5,True,24,0.4,0.6,1.325,0.35,False,360,0.2,0.1,0.5,0.867280057414684,1.7386089858272429,3.143489349436623,-0.24881369487684557,0.2709816436736866,348.5055567069705,1.5902305037152709,1.9168556474726108,3.655530066181461,-0.32876988951930364,0.5460155363307556,356.81494141473183,1.1283550475445048,1.7965177801943701,3.343727635869691,-0.3287698895193041,0.3810253084423333,705.3204981217023
30,120,20,14,27.0,18.0,0.15,14,27.0,52.0,24,2.0,2.2,18,1.05,6.0,1.25,0.65,False,72,True,12,90,1.25,1.1,0.25,36,False,24,0.0,0.5,True,6,0.0002,0.5,True,24,0.4,0.6,1.325,0.4,False,360,0.2,0.1,0.5,0.8723468267860521,1.7395218185814052,3.140701725548301,-0.25376589737360655,0.27477288282571444,349.0260461909985,1.601100152103542,1.9190811035347977,3.655095943219253,-0.3324044826293727,0.554631301051427,356.18488965728176,1.1353918158376928,1.7981174947988015,3.342088937149463,-0.3324044826293726,0.3867468859581698,705.2109358482803
30,120,20,14,27.0,18.0,0.15,14,27.0,52.0,24,2.0,2.2,18,1.05,6.0,1.25,0.65,False,72,True,12,90,1.25,1.1,0.25,36,False,24,0.0,0.5,True,6,0.0002,0.5,True,24,0.4,0.6,1.325,0.45,False,360,0.2,0.1,0.5,0.8772508163390935,1.7394720619594288,3.135447781342531,-0.2587288351497923,0.27856412197774233,349.54653567502646,1.6115862573174806,1.9203777264073676,3.6519816051221388,-0.3360456083025396,0.5632470657720984,355.5548378998317,1.142190186655304,1.7987936879225805,3.3379256725329816,-0.3360456083025398,0.3924684634740063,705.1013735748581
30,120,20,14,27.0,18.0,0.15,14,27.0,52.0,24,2.0,2.2,18,1.05,6.0,1.25,0.65,False,72,True,12,90,1.25,1.1,0.25,36,False,24,0.0,0.5,True,6,0.0002,0.5,True,24,0.4,0.6,1.325,0.5,False,360,0.2,0.1,0.5,0.8817716546998222,1.7382222796888596,3.127330554945684,-0.263701957499743,0.2823517440625571,350.0493278027161,1.621684515381637,1.9207664837710623,3.646282007577917,-0.33969298404043813,0.5718628304927698,354.92478614238155,1.1485979589368291,1.7984344705886548,3.3310748187759165,-0.3396929840404379,0.39818787114547205,704.9741139450977
30,120,20,14,27.0,18.0,0.15,14,27.0,52.0,24,2.0,2.2,18,1.05,6.0,1.25,0.65,False,72,True,12,90,1.25,1.1,0.25,36,False,24,0.0,0.5,True,6,0.0002,0.5,True,24,0.4,0.625,1.325,0.35,False,360,0.2,0.1,0.5,0.876850892074198,1.7142124295083039,3.084087295953075,-0.27648399374964383,0.2814086095250393,343.8034719793476,1.8006501548484946,2.0220428143305833,3.8556007555247276,-0.3118322551561704,0.5717203591852,340.09927413974003,1.2026524529757472,1.8354691632300262,3.407776003083519,-0.31183225515617097,0.39756508954779657,683.9027461190876
30,120,20,14,27.0,18.0,0.15,14,27.0,52.0,24,2.0,2.2,18,1.05,6.0,1.25,0.65,False,72,True,12,90,1.25,1.1,0.25,36,False,24,0.0,0.5,True,6,0.0002,0.5,True,24,0.4,0.625,1.325,0.4,False,360,0.2,0.1,0.5,0.8788492449517453,1.7132206690715,3.0782627747836093,-0.27894399985569374,0.28436110745812787,345.2548450297602,1.7995802321386445,2.017654469323975,3.843494582399724,-0.3167629969213529,0.5780301490229498,340.56310119306175,1.2037220703267484,1.8328756933425079,3.3990448033303866,-0.3167629969213541,0.4018608717623888,685.817946222822
30,120,20,14,27.0,18.0,0.15,14,27.0,52.0,24,2.0,2.2,18,1.05,6.0,1.25,0.65,False,72,True,12,90,1.25,1.1,0.25,36,False,24,0.0,0.5,True,6,0.0002,0.5,True,24,0.4,0.625,1.325,0.45,False,360,0.2,0.1,0.5,0.8807295582893877,1.711627189975883,3.0707043198187955,-0.2814299763004243,0.2873136053912163,346.7062180801728,1.798175386681017,2.0126105869186275,3.8294045462475883,-0.3216834182686704,0.5843399388606997,341.0269282463835,1.2046020183451924,1.8296655684002958,3.388491022461155,-0.3216834182686702,0.4061566539769811,687.7331463265564
30,120,20,14,27.0,18.0,0.15,14,27.0,52.0,24,2.0,2.2,18,1.05,6.0,1.25,0.65,False,72,True,12,90,1.25,1.1,0.25,36,False,24,0.0,0.5,True,6,0.0002,0.5,True,24,0.4,0.625,1.325,0.5,False,360,0.2,0.1,0.5,0.8825575149216092,1.7095277439914611,3.061623215984341,-0.2839416822054184,0.29027060175153957,348.1575911305854,1.7964130640609337,2.0069136984790554,3.8133767938756407,-0.3265932758773191,0.5906485172002286,341.4907552997052,1.2053312023258789,1.8258884059079987,3.376246252572522,-0.32659327587731946,0.4104546500235657,689.6483464302905
30,120,20,14,27.0,18.0,0.15,14,27.0,52.0,24,2.0,2.2,18,1.05,6.0,1.25,0.65,False,72,True,12,90,1.25,1.1,0.25,36,False,24,0.0,0.5,True,6,0.0002,0.5,True,24,0.4,0.65,1.325,0.35,False,360,0.2,0.1,0.5,0.8874599516881432,1.70953692404522,3.0642570818899744,-0.2869689768452284,0.28956143146490776,360.39802741444703,1.63522011455201,1.90668759457698,3.5743254092016317,-0.3316856708401059,0.5903240073235932,335.4388719333761,1.1569305957084515,1.7783038241605043,3.264905540154813,-0.3316856708401068,0.40989938600935183,695.8368993478232
30,120,20,14,27.0,18.0,0.15,14,27.0,52.0,24,2.0,2.2,18,1.05,6.0,1.25,0.65,False,72,True,12,90,1.25,1.1,0.25,36,False,24,0.0,0.5,True,6,0.0002,0.5,True,24,0.4,0.65,1.325,0.4,False,360,0.2,0.1,0.5,0.8883196114433063,1.7080612150544219,3.0578778048184736,-0.28860239206750615,0.2918822525799124,360.5978181562173,1.6435309993181928,1.9093061744550435,3.5785585063920355,-0.330598114842124,0.595081534495558,336.4138550267001,1.1602393663512443,1.7788065882695179,3.2636559933655938,-0.3305981148421241,0.4131951562910985,697.0116731829173
30,120,20,14,27.0,18.0,0.15,14,27.0,52.0,24,2.0,2.2,18,1.05,6.0,1.25,0.65,False,72,True,12,90,1.25,1.1,0.25,36,False,24,0.0,0.5,True,6,0.0002,0.5,True,24,0.4,0.65,1.325,0.45,False,360,0.2,0.1,0.5,0.8890887586446861,1.7061474102767473,3.0501257018295957,-0.2902647706118461,0.2942030736949169,360.7976088979874,1.651620788113545,1.9114127904295484,3.581533471668733,-0.3343588516059738,0.5998390616675228,337.38883812002405,1.1634100454106884,1.7788422798767496,3.2611138780820865,-0.3343588516059737,0.4164909265728451,698.1864470180114
30,120,20,14,27.0,18.0,0.15,14,27.0,52.0,24,2.0,2.2,18,1.05,6.0,1.25,0.65,False,72,True,12,90,1.25,1.1,0.25,36,False,24,0.0,0.5,True,6,0.0002,0.5,True,24,0.4,0.65,1.325,0.5,False,360,0.2,0.1,0.5,0.8898335335284111,1.703884919933637,3.041189716831752,-0.2919559746214193,0.2965283932371563,360.9973996397576,1.6594655663963178,1.912998519406006,3.5832393766829322,-0.3381186624089775,0.6045953773412666,338.36382121334793,1.166480488658645,1.7784519955886657,3.25737012931926,-0.33811866240897803,0.41978891068658414,699.3612208531056
30,120,20,14,27.0,18.0,0.15,14,27.0,52.0,24,2.0,2.2,18,1.05,6.0,1.25,0.65,False,72,True,12,90,1.25,1.1,0.25,36,False,24,0.0,0.5,True,6,0.0002,0.5,True,24,0.4,0.675,1.325,0.35,False,360,0.2,0.1,0.5,0.8918277561347039,1.6993915983776655,3.0247180824839197,-0.29171026410939505,0.2962954831933416,353.7502147318655,1.573032500545244,1.8563792801071888,3.4408863658386517,-0.3339987880986104,0.6071555748220999,343.4222514565813,1.139385830861333,1.7495315827468703,3.1816602805364593,-0.33399878809861094,0.4206735494115258,697.1724661884468
30,120,20,14,27.0,18.0,0.15,14,27.0,52.0,24,2.0,2.2,18,1.05,6.0,1.25,0.65,False,72,True,12,90,1.25,1.1,0.25,36,False,24,0.0,0.5,True,6,0.0002,0.5,True,24,0.4,0.675,1.325,0.4,False,360,0.2,0.1,0.5,0.8918092900218402,1.69761312097092,3.0187017883073897,-0.29317502516969407,0.29808290398000536,354.23755076222454,1.5826138581360776,1.8607216905994453,3.4493608481044395,-0.3344687224096451,0.6104958987350833,344.0249914148256,1.1425567932850118,1.7506962734560056,3.182624152202792,-0.33446872240964487,0.4230823014435861,698.2625421770501
30,120,20,14,27.0,18.0,0.15,14,27.0,52.0,24,2.0,2.2,18,1.05,6.0,1.25,0.65,False,72,True,12,90,1.25,1.1,0.25,36,False,24,0.0,0.5,True,6,0.0002,0.5,True,24,0.4,0.675,1.325,0.45,False,360,0.2,0.1,0.5,0.8917254358983406,1.695528902728305,3.011685169249551,-0.29466167035492685,0.29987032476666914,354.72488679258356,1.5920563561359256,1.8647009083137973,3.457076964226658,-0.33794797959427436,0.6138362226480664,344.6277313730699,1.1456301690314685,1.7515319117388035,3.1827238267184534,-0.337947979594276,0.42549105347564636,699.3526181656534
30,120,20,14,27.0,18.0,0.15,14,27.0,52.0,24,2.0,2.2,18,1.05,6.0,1.25,0.65,False,72,True,12,90,1.25,1.1,0.25,36,False,24,0.0,0.5,True,6,0.0002,0.5,True,24,0.4,0.675,1.325,0.5,False,360,0.2,0.1,0.5,0.8914348995140293,1.692970805419082,3.003379700131623,-0.29617012217002825,0.3016511829564614,355.2122228229425,1.6013589424114723,1.8683181458402385,3.4640369413469014,-0.34142676172880426,0.6171765465610497,345.2304713313141,1.1485094858982188,1.7519535976316456,3.1818080237213406,-0.3414267617288045,0.4278958686679852,700.4426941542567
30,120,20,14,27.0,18.0,0.15,14,27.0,52.0,24,2.0,2.2,18,1.05,6.0,1.25,0.65,False,72,True,12,90,1.25,1.1,0.25,36,False,24,0.0,0.5,True,6,0.0002,0.5,True,24,0.4,0.7,1.325,0.35,False,360,0.2,0.1,0.5,0.9790591477198192,1.7963361634613961,3.2028316350573687,-0.3024988593882839,0.3017918702896808,351.45396384238074,1.6237606398464037,1.8811547721685067,3.4809343685199923,-0.3567786181380672,0.6165066486956229,335.402298067006,1.2152594942329218,1.8106245389627678,3.292070173760602,-0.3567786181380679,0.4277122331877342,686.8562619093868
30,120,20,14,27.0,18.0,0.15,14,27.0,52.0,24,2.0,2.2,18,1.05,6.0,1.25,0.65,False,72,True,12,90,1.25,1.1,0.25,36,False,24,0.0,0.5,True,6,0.0002,0.5,True,24,0.4,0.7,1.325,0.4,False,360,0.2,0.1,0.5,0.9721571625711312,1.7867892641067977,3.182571674782775,-0.30285435694740437,0.3031295065050759,352.31541571731225,1.6292103469141574,1.883046690474911,3.485073598135668,-0.3584634057667888,0.6191460947168674,336.67620687581564,1.2124576870638997,1.8066619351607818,3.283697304256564,-0.3584634057667895,0.42957073583338445,688.9916225931279
30,120,20,14,27.0,18.0,0.15,14,27.0,52.0,24,2.0,2.2,18,1.05,6.0,1.25,0.65,False,72,True,12,90,1.25,1.1,0.25,36,False,24,0.0,0.5,True,6,0.0002,0.5,True,24,0.4,0.7,1.325,0.45,False,360,0.2,0.1,0.5,0.965227023051467,1.7770167004221666,3.1614480949517034,-0.3032320693720547,0.3044671427204711,353.17686759224375,1.6345245611254584,1.8846406410500023,3.4886285279804405,-0.3601588168999542,0.6217855407381119,337.9501156846252,1.2095749419355357,1.8024410324806266,3.2746115828042974,-0.3601588168999542,0.4314292384790346,691.1269832768689
30,120,20,14,27.0,18.0,0.15,14,27.0,52.0,24,2.0,2.2,18,1.05,6.0,1.25,0.65,False,72,True,12,90,1.25,1.1,0.25,36,False,24,0.0,0.5,True,6,0.0002,0.5,True,24,0.4,0.7,1.325,0.5,False,360,0.2,0.1,0.5,0.9582263706875314,1.7669731188046176,3.1394008474820816,-0.3036320255037783,0.30580642589186086,354.03831946717526,1.6397031521238281,1.885938244503688,3.491601821869178,-0.3618647595704214,0.6244249867593564,339.2240244934348,1.2065828841330388,1.797939826269915,3.2647793881478266,-0.36186475957042163,0.43328872911799066,693.26234396061
30,120,20,14,27.0,18.0,0.15,14,27.0,52.0,24,2.0,2.2,18,1.05,6.0,1.25,0.65,False,72,True,12,90,1.25,1.1,0.25,36,False,24,0.0,0.5,True,6,0.0002,0.5,True,24,0.4,0.6,1.35,0.35,False,360,0.2,0.1,0.5,0.8746226263745422,1.7350277867042816,3.1404679991383415,-0.25022220330594136,0.27261405503563974,352.3627087061323,1.6248321199312112,1.9220931654874638,3.6754675372219467,-0.33236235968687744,0.5493577533260666,360.27641783103314,1.1447270491198571,1.7969055996395318,3.351377145261558,-0.3323623596868779,0.3833418292284707,712.6391265371653
30,120,20,14,27.0,18.0,0.15,14,27.0,52.0,24,2.0,2.2,18,1.05,6.0,1.25,0.65,False,72,True,12,90,1.25,1.1,0.25,36,False,24,0.0,0.5,True,6,0.0002,0.5,True,24,0.4,0.6,1.35,0.4,False,360,0.2,0.1,0.5,0.8797093221958212,1.7360189240984234,3.1378874946656548,-0.2551651189310705,0.27640529418766757,352.88319819016033,1.6358469856801041,1.924359927100925,3.6751398838554272,-0.3359774984889764,0.557973518046738,359.64636607358307,1.1518179533500872,1.798565552513139,3.3498939318553687,-0.33597749848897607,0.3890634067443071,712.5295642637434
30,120,20,14,27.0,18.0,0.15,14,27.0,52.0,24,2.0,2.2,18,1.05,6.0,1.25,0.65,False,72,True,12,90,1.25,1.1,0.25,36,False,24,0.0,0.5,True,6,0.0002,0.5,True,24,0.4,0.6,1.35,0.45,False,360,0.2,0.1,0.5,0.8846325981258063,1.7360663952101667,3.1328800071812273,-0.2601187497234769,0.28019653333969546,353.4036876741883,1.6464731848097922,1.9257172965650589,3.6721660919662757,-0.3395991349102968,0.5665892827674094,359.01631431613293,1.1586686263162793,1.7993212094800881,3.345922509392851,-0.3395991349102956,0.39478498426014375,712.4200019903212
30,120,20,14,27.0,18.0,0.15,14,27.0,52.0,24,2.0,2.2,18,1.05,6.0,1.25,0.65,False,72,True,12,90,1.25,1.1,0.25,36,False,24,0.0,0.5,True,6,0.0002,0.5,True,24,0.4,0.6,1.35,0.5,False,360,0.2,0.1,0.5,0.8891712162385621,1.7349337854999343,3.125048666052347,-0.26508254601014414,0.2839841554245102,353.90647980187794,1.6567063558433737,1.9261851738533682,3.666637735531874,-0.3432269879644684,0.5752050474880807,358.3862625586828,1.1651256961739471,1.799060934034475,3.33929854795059,-0.34322698796446993,0.4005043919316093,712.2927423605607
30,120,20,14,27.0,18.0,0.15,14,27.0,52.0,24,2.0,2.2,18,1.05,6.0,1.25,0.65,False,72,True,12,90,1.25,1.1,0.25,36,False,24,0.0,0.5,True,6,0.0002,0.5,True,24,0.4,0.625,1.35,0.35,False,360,0.2,0.1,0.5,0.8842311165929904,1.7114007030266776,3.0825242605031518,-0.2778406031512788,0.28304102088699246,347.6606239785094,1.838062746627347,2.0263736843100215,3.874000407961993,-0.31551537671915664,0.575062576180511,343.5607505560413,1.219596015108797,1.835881032223799,3.4154775089541736,-0.31551537671915797,0.39988161033393393,691.2213745345507
30,120,20,14,27.0,18.0,0.15,14,27.0,52.0,24,2.0,2.2,18,1.05,6.0,1.25,0.65,False,72,True,12,90,1.25,1.1,0.25,36,False,24,0.0,0.5,True,6,0.0002,0.5,True,24,0.4,0.625,1.35,0.4,False,360,0.2,0.1,0.5,0.8862373284544864,1.710468243189939,3.076861485925761,-0.2802959966884535,0.28599351882008095,349.111997028922,1.8369785420057592,2.0220899833222226,3.8620905006873505,-0.32041972705861155,0.5813723660182609,344.02457760936306,1.2206738643686892,1.833366981643798,3.406919973241027,-0.32041972705861155,0.40417739254852625,693.1365746382851
30,120,20,14,27.0,18.0,0.15,14,27.0,52.0,24,2.0,2.2,18,1.05,6.0,1.25,0.65,False,72,True,12,90,1.25,1.1,0.25,36,False,24,0.0,0.5,True,6,0.0002,0.5,True,24,0.4,0.625,1.35,0.45,False,360,0.2,0.1,0.5,0.888125036618401,1.7089453859856982,3.0694908110763333,-0.28277731186931687,0.28894601675316944,350.5633700793346,1.8355549405462002,2.0171639547917355,3.848221071689126,-0.32531381224121847,0.5876821558560106,344.48840466268473,1.221560585296924,1.8302485762904894,3.396564738597857,-0.32531381224121814,0.40847317476311845,695.0517747420195
30,120,20,14,27.0,18.0,0.15,14,27.0,52.0,24,2.0,2.2,18,1.05,6.0,1.25,0.65,False,72,True,12,90,1.25,1.1,0.25,36,False,24,0.0,0.5,True,6,0.0002,0.5,True,24,0.4,0.625,1.35,0.5,False,360,0.2,0.1,0.5,0.8899601821996717,1.70692662786464,3.0606203043574225,-0.28528430826710427,0.2919030131134927,352.0147431297472,1.8337690865358884,2.0115975536724844,3.8324361732246857,-0.33019739024836037,0.5939907341955395,344.9522317160065,1.2222953824604113,1.8265744422699128,3.384540684875394,-0.3301973902483586,0.41277117080970305,696.9669748457537
30,120,20,14,27.0,18.0,0.15,14,27.0,52.0,24,2.0,2.2,18,1.05,6.0,1.25,0.65,False,72,True,12,90,1.25,1.1,0.25,36,False,24,0.0,0.5,True,6,0.0002,0.5,True,24,0.4,0.65,1.35,0.35,False,360,0.2,0.1,0.5,0.8948819060239854,1.7070208392073603,3.0633278352801256,-0.2883059266587926,0.29119384282686095,364.25517941360886,1.6704227859065073,1.9125717236475048,3.595758550601117,-0.33381670045304457,0.5936662243189041,338.9003483496774,1.1735224526177306,1.7795410562758043,3.2743368814471454,-0.33381670045304446,0.4122159067954891,703.1555277632864
30,120,20,14,27.0,18.0,0.15,14,27.0,52.0,24,2.0,2.2,18,1.05,6.0,1.25,0.65,False,72,True,12,90,1.25,1.1,0.25,36,False,24,0.0,0.5,True,6,0.0002,0.5,True,24,0.4,0.65,1.35,0.4,False,360,0.2,0.1,0.5,0.8957449461716391,1.7055933859569303,3.057083841061357,-0.28993627918939835,0.2935146639418655,364.45497015537904,1.6788447019856227,1.9151927940073101,3.599988768008103,-0.3341807985029386,0.598423751490869,339.8753314430014,1.1768566787518249,1.780073439387033,3.2731543880463816,-0.3341807985029387,0.41551167707723574,704.3303015983804
30,120,20,14,27.0,18.0,0.15,14,27.0,52.0,24,2.0,2.2,18,1.05,6.0,1.25,0.65,False,72,True,12,90,1.25,1.1,0.25,36,False,24,0.0,0.5,True,6,0.0002,0.5,True,24,0.4,0.65,1.35,0.45,False,360,0.2,0.1,0.5,0.8965171178479994,1.7037359118658617,3.049486999015087,-0.29159554073516314,0.29583548505687,364.65476089714923,1.6870425686370583,1.9173121638676718,3.6029755235188774,-0.3379214058440576,0.6031812786628338,340.8503145363253,1.180051751063567,1.7801479433717815,3.270696302571917,-0.33792140584405694,0.41880744735898245,705.5050754334745
30,120,20,14,27.0,18.0,0.15,14,27.0,52.0,24,2.0,2.2,18,1.05,6.0,1.25,0.65,False,72,True,12,90,1.25,1.1,0.25,36,False,24,0.0,0.5,True,6,0.0002,0.5,True,24,0.4,0.65,1.35,0.5,False,360,0.2,0.1,0.5,0.8972648213687955,1.7015368270652778,3.040723826155518,-0.29328357369773694,0.29816080459910943,364.85455163891936,1.6949921518530697,1.918920809559405,3.604707599765999,-0.3416610921995964,0.6079375943365776,341.82529762964924,1.1831458165240774,1.7798050212614236,3.2670521642313184,-0.3416610921995965,0.4221054314727215,706.6798492685687
30,120,20,14,27.0,18.0,0.15,14,27.0,52.0,24,2.0,2.2,18,1.05,6.0,1.25,0.65,False,72,True,12,90,1.25,1.1,0.25,36,False,24,0.0,0.5,True,6,0.0002,0.5,True,24,0.4,0.675,1.35,0.35,False,360,0.2,0.1,0.5,0.8992668840067601,1.6971765333211088,3.0245708465235794,-0.29303832389866047,0.2979278945552947,357.60736673102735,1.6074044475246816,1.8629864428735319,3.4637092458884693,-0.33612244195861296,0.6104977918174109,346.88372787288256,1.1558427297649239,1.7512410687391367,3.1921374392168196,-0.3361224419586133,0.42299007019766316,704.4910946039099
30,120,20,14,27.0,18.0,0.15,14,27.0,52.0,24,2.0,2.2,18,1.05,6.0,1.25,0.65,False,72,True,12,90,1.25,1.1,0.25,36,False,24,0.0,0.5,True,6,0.0002,0.5,True,24,0.4,0.675,1.35,0.4,False,360,0.2,0.1,0.5,0.8992483452806395,1.6954370137167993,3.018657055298023,-0.29450033849777635,0.2997153153419585,358.0947027613864,1.6171138062507087,1.8673000009195657,3.472127383741648,-0.3380306903198814,0.6138381157303943,347.4864678311269,1.1590380870478278,1.7524168335970773,3.1931263805467203,-0.3380306903198814,0.4253988222297235,705.5811705925132
30,120,20,14,27.0,18.0,0.15,14,27.0,52.0,24,2.0,2.2,18,1.05,6.0,1.25,0.65,False,72,True,12,90,1.25,1.1,0.25,36,False,24,0.0,0.5,True,6,0.0002,0.5,True,24,0.4,0.675,1.35,0.45,False,360,0.2,0.1,0.5,0.89916416142229,1.6933972801986292,3.0117570019259627,-0.2959841961885826,0.3015027361286222,358.5820387917454,1.626682450484103,1.8712575168576644,3.4797954056800386,-0.34149132458852405,0.6171784396433775,348.08920778937113,1.1621351069903638,1.7532699042923363,3.193261932366428,-0.3414913245885234,0.4278075742617838,706.6712465811165
30,120,20,14,27.0,18.0,0.15,14,27.0,52.0,24,2.0,2.2,18,1.05,6.0,1.25,0.65,False,72,True,12,90,1.25,1.1,0.25,36,False,24,0.0,0.5,True,6,0.0002,0.5,True,24,0.4,0.675,1.35,0.5,False,360,0.2,0.1,0.5,0.898872482578096,1.690890522906338,3.003583796498277,-0.2974898196213168,0.30328359431841445,359.06937482210435,1.6361093140352638,1.8748601204968085,3.4867154538429834,-0.34495148636758477,0.6205187635563606,348.69194774761536,1.1650365752916212,1.7537161510125838,3.192393785332446,-0.34495148636758455,0.4302123894541226,707.7613225697198
30,120,20,14,27.0,18.0,0.15,14,27.0,52.0,24,2.0,2.2,18,1.05,6.0,1.25,0.65,False,72,True,12,90,1.25,1.1,0.25,36,False,24,0.0,0.5,True,6,0.0002,0.5,True,24,0.4,0.7,1.35,0.35,False,360,0.2,0.1,0.5,0.9868412903087618,1.793385818032713,3.201464621254029,-0.3038066903095482,0.30342428165163393,355.3111158415426,1.658810286963107,1.8875646642980948,3.5034878929497415,-0.3602211836448945,0.6198488656909338,338.8637744833072,1.232300055062387,1.8118036836088123,3.3017679065046086,-0.3602211836448934,0.43002875397387164,694.1748903248499
30,120,20,14,27.0,18.0,0.15,14,27.0,52.0,24,2.0,2.2,18,1.05,6.0,1.25,0.65,False,72,True,12,90,1.25,1.1,0.25,36,False,24,0.0,0.5,True,6,0.0002,0.5,True,24,0.4,0.7,1.35,0.4,False,360,0.2,0.1,0.5,0.9799121648734226,1.7839406576122834,3.1814109737287057,-0.30416152130244545,0.30476191786702905,356.17256771647413,1.6643327990243244,1.889452955410728,3.507605176421285,-0.3618969525268676,0.6224883117121783,340.13768329211683,1.229476697003376,1.8079013025858135,3.2934915557036497,-0.36189695252686815,0.4318872566195217,696.310251008591
30,120,20,14,27.0,18.0,0.15,14,27.0,52.0,24,2.0,2.2,18,1.05,6.0,1.25,0.65,False,72,True,12,90,1.25,1.1,0.25,36,False,24,0.0,0.5,True,6,0.0002,0.5,True,24,0.4,0.7,1.35,0.45,False,360,0.2,0.1,0.5,0.9729547743572637,1.7742738328262624,3.160505577740158,-0.30453852550748306,0.3060995540824242,357.0340195914056,1.669718008259398,1.8910490418886263,3.5111443245181473,-0.36358328806441453,0.6251277577334229,341.41159210092644,1.2265717783772292,1.8037455162059284,3.2845110379265385,-0.3635832880644144,0.4337457592651719,698.445611692332
30,120,20,14,27.0,18.0,0.15,14,27.0,52.0,24,2.0,2.2,18,1.05,6.0,1.25,0.65,False,72,True,12,90,1.25,1.1,0.25,36,False,24,0.0,0.5,True,6,0.0002,0.5,True,24,0.4,0.7,1.35,0.5,False,360,0.2,0.1,0.5,0.965926593723146,1.7643402663351258,3.138688246724759,-0.30493773171212335,0.307438837253814,357.8954714663371,1.6749657825697257,1.892354461436024,3.5141079208453214,-0.3652800987826865,0.6277672037546673,342.6855009097361,1.2235567062005575,1.7993144424641074,3.2747927364074623,-0.3652800987826871,0.4356052499041281,700.5809723760732
