ema_fast,ema_slow,atr_period,adx_period,adx_enter,adx_exit,trend_separation_atr,rsi_period,rsi_entry,rsi_exit,bb_period,bb_std,mr_stop_atr,mr_max_bars,target_vol,max_leverage,trend_scale,rebound_scale,total_return,cagr,annualized_volatility,sharpe,sortino,max_drawdown,trade_count,win_rate,final_equity
30,120,20,14,27.0,22.0,0.15,14,27.0,52.0,24,1.8,2.2,18,0.35,3.0,1.0,0.65,0.7855236077690759,0.21293904564976152,0.17442946364414505,1.1929577349095586,1.993943818647817,-0.15844922627313895,3580.0,0.4980446927374302,17855.23607769076
30,120,20,14,27.0,22.0,0.15,14,30.0,52.0,24,1.8,2.2,18,0.35,3.0,1.0,0.65,0.7764299294440931,0.21087840781732448,0.17507867347998365,1.1794760846885433,1.9714110968592518,-0.15844922627313962,3625.0,0.4979310344827586,17764.29929444093
30,120,20,14,27.0,22.0,0.15,14,27.0,52.0,24,2.0,2.2,18,0.35,3.0,1.0,0.65,0.7707743624927403,0.20959329910277136,0.17436301012457597,1.1775137601508214,1.9677243818386865,-0.15844922627313895,3573.0,0.49762104673943464,17707.743624927403
30,120,20,14,27.0,22.0,0.15,14,27.0,52.0,24,2.2,2.2,18,0.35,3.0,1.0,0.65,0.7707743624927403,0.20959329910277136,0.17436301012457597,1.1775137601508214,1.9677243818386865,-0.15844922627313895,3573.0,0.49762104673943464,17707.743624927403
30,120,20,14,27.0,22.0,0.15,14,30.0,52.0,24,2.0,2.2,18,0.35,3.0,1.0,0.65,0.7566243232121603,0.20636596179182076,0.17503011602628726,1.158436610417382,1.9356842796290135,-0.15844922627313895,3621.0,0.49765258215962443,17566.243232121604
30,120,20,14,27.0,22.0,0.15,14,30.0,52.0,24,2.2,2.2,18,0.35,3.0,1.0,0.65,0.7491187987049619,0.2046470614928384,0.17493047092461692,1.1508505267422315,1.9229038420316598,-0.15844922627313895,3611.0,0.49709221822209915,17491.18798704962
30,72,20,14,27.0,22.0,0.15,14,27.0,52.0,24,1.8,2.2,18,0.35,3.0,1.0,0.65,0.7168813498569777,0.19720763359860038,0.1753541467235058,1.1132219447342429,1.8321465246385917,-0.15152870244710115,3567.0,0.5004205214465938,17168.813498569776
24,72,20,14,27.0,22.0,0.15,14,27.0,52.0,24,1.8,2.2,18,0.35,3.0,1.0,0.65,0.7143348468643704,0.19661602031501246,0.17614282808177695,1.106212521018108,1.8250677396822084,-0.14485832931706588,3595.0,0.5004172461752434,17143.348468643704
30,72,20,14,27.0,22.0,0.15,14,30.0,52.0,24,1.8,2.2,18,0.35,3.0,1.0,0.65,0.7081373489677134,0.19517374069079385,0.17599982458028196,1.100127339127259,1.8108225770044761,-0.1515287024471007,3612.0,0.5002768549280178,17081.373489677135
30,72,20,14,27.0,22.0,0.15,14,27.0,52.0,24,2.0,2.2,18,0.35,3.0,1.0,0.65,0.7026991211655018,0.19390528026064047,0.17528795074421727,1.0978275988071549,1.8064292490798561,-0.15152870244710115,3560.0,0.5,17026.99121165502
30,72,20,14,27.0,22.0,0.15,14,27.0,52.0,24,2.2,2.2,18,0.35,3.0,1.0,0.65,0.7026991211655018,0.19390528026064047,0.17528795074421727,1.0978275988071549,1.8064292490798561,-0.15152870244710115,3560.0,0.5,17026.99121165502
24,72,20,14,27.0,22.0,0.15,14,30.0,52.0,24,1.8,2.2,18,0.35,3.0,1.0,0.65,0.7056038152023725,0.19458313247769254,0.17678562398326866,1.0932197541102602,1.8038516640615863,-0.14485832931706766,3640.0,0.5002747252747253,17056.038152023724
24,72,20,14,27.0,22.0,0.15,14,27.0,52.0,24,2.0,2.2,18,0.35,3.0,1.0,0.65,0.7001736534574823,0.19331529887117505,0.1760769260422844,1.0908826730543293,1.7993989692554104,-0.14485832931706588,3588.0,0.5,17001.736534574822
24,72,20,14,27.0,22.0,0.15,14,27.0,52.0,24,2.2,2.2,18,0.35,3.0,1.0,0.65,0.7001736534574823,0.19331529887117505,0.1760769260422844,1.0908826730543293,1.7993989692554104,-0.14485832931706588,3588.0,0.5,17001.736534574822
30,72,20,14,27.0,22.0,0.15,14,30.0,52.0,24,2.0,2.2,18,0.35,3.0,1.0,0.65,0.689093143979393,0.19071981950337302,0.17595139632377776,1.0791753216597106,1.7758253416956744,-0.15152870244710115,3608.0,0.5,16890.93143979393
24,72,20,14,27.0,22.0,0.15,14,30.0,52.0,24,2.0,2.2,18,0.35,3.0,1.0,0.65,0.6865878568514854,0.19013141224428032,0.17673740759886886,1.0723577140680391,1.768924686066828,-0.14485832931706588,3636.0,0.5,16865.878568514854
30,72,20,14,27.0,22.0,0.15,14,30.0,52.0,24,2.2,2.2,18,0.35,3.0,1.0,0.65,0.6818761597787648,0.18902321273679457,0.17585222501228603,1.071581181230049,1.763202523593743,-0.15152870244710115,3598.0,0.49944413563090606,16818.76159778765
24,120,20,14,27.0,22.0,0.15,14,27.0,52.0,24,1.8,2.2,18,0.35,3.0,1.0,0.65,0.6688125718658049,0.18593976372310195,0.17408004941021474,1.0657832871146964,1.7684965633283642,-0.1554469903682113,3587.0,0.4976303317535545,16688.125718658048
24,72,20,14,27.0,22.0,0.15,14,30.0,52.0,24,2.2,2.2,18,0.35,3.0,1.0,0.65,0.6793815769851259,0.18843564387454537,0.17663867625272706,1.0647908865119908,1.7563178127408363,-0.14485832931706588,3626.0,0.4994484280198566,16793.81576985126
24,120,20,14,27.0,22.0,0.15,14,30.0,52.0,24,1.8,2.2,18,0.35,3.0,1.0,0.65,0.6603133359619573,0.18392500219069197,0.1747317219663047,1.0527336466845276,1.7469796036911507,-0.15544699036821052,3632.0,0.49752202643171806,16603.133359619573
24,120,20,14,27.0,22.0,0.15,14,27.0,52.0,24,2.0,2.2,18,0.35,3.0,1.0,0.65,0.6550274133635103,0.1826684914496548,0.17401329835580046,1.050261530819443,1.7423716308571195,-0.1554469903682113,3580.0,0.4972067039106145,16550.274133635103
24,120,20,14,27.0,22.0,0.15,14,27.0,52.0,24,2.2,2.2,18,0.35,3.0,1.0,0.65,0.6550274133635103,0.1826684914496548,0.17401329835580046,1.050261530819443,1.7423716308571195,-0.1554469903682113,3580.0,0.4972067039106145,16550.274133635103
24,120,20,14,27.0,22.0,0.15,14,30.0,52.0,24,2.0,2.2,18,0.35,3.0,1.0,0.65,0.6418023259814087,0.17951300042722895,0.1746828475392864,1.0316190250925648,1.7114406019966923,-0.1554469903682113,3628.0,0.4972436604189636,16418.023259814086
18,96,20,14,27.0,22.0,0.15,14,27.0,52.0,24,1.8,2.2,18,0.35,3.0,1.0,0.65,0.6447759513101825,0.18022397743211505,0.1762330450555386,1.0275166062944912,1.6943566237179306,-0.16462015848036227,3628.0,0.49834619625137816,16447.759513101824
24,120,20,14,27.0,22.0,0.15,14,30.0,52.0,24,2.2,2.2,18,0.35,3.0,1.0,0.65,0.6347874011447201,0.17783236178746065,0.1745829191221679,1.0239471309915853,1.6986027827548413,-0.1554469903682113,3618.0,0.4966832504145937,16347.874011447202
18,96,20,14,27.0,22.0,0.15,14,30.0,52.0,24,1.8,2.2,18,0.35,3.0,1.0,0.65,0.6363991013190637,0.17821891857333028,0.1768755245183439,1.0148182532288201,1.67364555297292,-0.1646201584803626,3673.0,0.49823032943098283,16363.991013190638
18,96,20,14,27.0,22.0,0.15,14,27.0,52.0,24,2.0,2.2,18,0.35,3.0,1.0,0.65,0.6311893463361951,0.17696847146804373,0.17616707781547652,1.012165544300941,1.668690810033367,-0.16462015848036227,3621.0,0.4979287489643745,16311.89346336195
18,96,20,14,27.0,22.0,0.15,14,27.0,52.0,24,2.2,2.2,18,0.35,3.0,1.0,0.65,0.6311893463361951,0.17696847146804373,0.17616707781547652,1.012165544300941,1.668690810033367,-0.16462015848036227,3621.0,0.4979287489643745,16311.89346336195
30,96,20,14,27.0,22.0,0.15,14,27.0,52.0,24,1.8,2.2,18,0.35,3.0,1.0,0.65,0.6210355265902354,0.1745236719385519,0.17506938820504248,1.0055474509430384,1.6535126916774474,-0.14329639408271433,3570.0,0.4997198879551821,16210.355265902353
18,96,20,14,27.0,22.0,0.15,14,30.0,52.0,24,2.0,2.2,18,0.35,3.0,1.0,0.65,0.618154713684169,0.1738281810376996,0.17682719965546623,0.9939460512573977,1.6387552503274196,-0.16462015848036227,3669.0,0.49795584627964024,16181.54713684169
30,96,20,14,27.0,22.0,0.15,14,30.0,52.0,24,1.8,2.2,18,0.35,3.0,1.0,0.65,0.6127797938980919,0.17252834738482847,0.17571715914579092,0.9928167189449155,1.6328465151561675,-0.14329639408271355,3615.0,0.4995850622406639,16127.797938980919
30,96,20,14,27.0,22.0,0.15,14,27.0,52.0,24,2.0,2.2,18,0.35,3.0,1.0,0.65,0.6076450284308677,0.17128388958193508,0.17500294585254067,0.990088721285472,1.6277450055960565,-0.14329639408271433,3563.0,0.49929834409205726,16076.450284308676
30,96,20,14,27.0,22.0,0.15,14,27.0,52.0,24,2.2,2.2,18,0.35,3.0,1.0,0.65,0.6076450284308677,0.17128388958193508,0.17500294585254067,0.990088721285472,1.6277450055960565,-0.14329639408271433,3563.0,0.49929834409205726,16076.450284308676
18,96,20,14,27.0,22.0,0.15,14,30.0,52.0,24,2.2,2.2,18,0.35,3.0,1.0,0.65,0.6112408279434887,0.17215564245882442,0.17672846714810106,0.9863392691726706,1.6260936115034679,-0.16462015848036227,3659.0,0.49740366220278764,16112.408279434887
30,96,20,14,27.0,22.0,0.15,14,30.0,52.0,24,2.0,2.2,18,0.35,3.0,1.0,0.65,0.5947987404338893,0.1681588162685861,0.17566846661033764,0.9718028666233951,1.5978237359185372,-0.14329639408271433,3611.0,0.4993076710052617,15947.987404338892
30,96,20,14,27.0,22.0,0.15,14,30.0,52.0,24,2.2,2.2,18,0.35,3.0,1.0,0.65,0.5879846477037554,0.16649435572996096,0.17556906356573934,0.964137110865717,1.5851016352267064,-0.14329639408271433,3601.0,0.4987503471257984,15879.846477037554
24,96,20,14,27.0,22.0,0.15,14,27.0,52.0,24,1.8,2.2,18,0.35,3.0,1.0,0.65,0.5671675897786934,0.161379731815241,0.17578169907110258,0.9381939016890372,1.5460280750064417,-0.1748443382871997,3619.0,0.49682232660956066,15671.675897786934
24,96,20,14,27.0,22.0,0.15,14,30.0,52.0,24,1.8,2.2,18,0.35,3.0,1.0,0.65,0.5591860058414873,0.1594066886479788,0.17642651168501422,0.9257768612798652,1.5257945334865903,-0.17484433828719959,3664.0,0.49672489082969434,15591.860058414872
24,96,20,14,27.0,22.0,0.15,14,27.0,52.0,24,2.0,2.2,18,0.35,3.0,1.0,0.65,0.5542220655245149,0.15817620543738764,0.17571544591940216,0.9227713766495733,1.5202894734611416,-0.1748443382871997,3612.0,0.49640088593576964,15542.22065524515
24,96,20,14,27.0,22.0,0.15,14,27.0,52.0,24,2.2,2.2,18,0.35,3.0,1.0,0.65,0.5542220655245149,0.15817620543738764,0.17571544591940216,0.9227713766495733,1.5202894734611416,-0.1748443382871997,3612.0,0.49640088593576964,15542.22065524515
18,120,20,14,27.0,22.0,0.15,14,27.0,52.0,24,1.8,2.2,18,0.35,3.0,1.0,0.65,0.5491374052765507,0.15691307695208656,0.17526112482728665,0.9184914329599625,1.5115769440295013,-0.15160551029689018,3612.0,0.4958471760797342,15491.374052765508
18,120,20,14,27.0,22.0,0.15,14,30.0,52.0,24,1.8,2.2,18,0.35,3.0,1.0,0.65,0.5412477363145478,0.1549476438620927,0.17590694631066106,0.906103893318087,1.4914391629988326,-0.1516055102968903,3657.0,0.49576155318567133,15412.47736314548
24,96,20,14,27.0,22.0,0.15,14,30.0,52.0,24,2.0,2.2,18,0.35,3.0,1.0,0.65,0.5418024752207802,0.15508605655944252,0.17637790726826702,0.904828562306209,1.4908401443423938,-0.1748443382871997,3660.0,0.496448087431694,15418.024752207803
18,72,20,14,27.0,22.0,0.15,14,27.0,52.0,24,1.8,2.2,18,0.35,3.0,1.0,0.65,0.5354425024844023,0.1534971847668336,0.17456298518798025,0.9045498355220333,1.4821026915592053,-0.14811378386594964,3616.0,0.5,15354.425024844022
18,120,20,14,27.0,22.0,0.15,14,27.0,52.0,24,2.0,2.2,18,0.35,3.0,1.0,0.65,0.5363408186294969,0.15372187130472637,0.17519464632854076,0.9030167920811166,1.4857906558240648,-0.15160551029689018,3605.0,0.4954230235783634,15363.40818629497
18,120,20,14,27.0,22.0,0.15,14,27.0,52.0,24,2.2,2.2,18,0.35,3.0,1.0,0.65,0.5363408186294969,0.15372187130472637,0.17519464632854076,0.9030167920811166,1.4857906558240648,-0.15160551029689018,3605.0,0.4954230235783634,15363.40818629497
24,96,20,14,27.0,22.0,0.15,14,30.0,52.0,24,2.2,2.2,18,0.35,3.0,1.0,0.65,0.5352148195051498,0.15344022284823544,0.17627886270671508,0.8971540665976265,1.4780834859482992,-0.1748443382871997,3650.0,0.4958904109589041,15352.148195051497
30,120,20,14,24.0,19.0,0.15,14,27.0,52.0,24,1.8,2.2,18,0.35,3.0,1.0,0.65,0.5883104251888112,0.16657404085927507,0.19293157110780837,0.894233233585902,1.506782743808679,-0.1622224484905238,4335.0,0.4925028835063437,15883.104251888111
30,120,20,14,24.0,19.0,0.15,14,27.0,52.0,24,2.0,2.2,18,0.35,3.0,1.0,0.65,0.5883104251888112,0.16657404085927507,0.19293157110780837,0.894233233585902,1.506782743808679,-0.1622224484905238,4335.0,0.4925028835063437,15883.104251888111
30,120,20,14,24.0,19.0,0.15,14,27.0,52.0,24,2.2,2.2,18,0.35,3.0,1.0,0.65,0.5883104251888112,0.16657404085927507,0.19293157110780837,0.894233233585902,1.506782743808679,-0.1622224484905238,4335.0,0.4925028835063437,15883.104251888111
18,72,20,14,27.0,22.0,0.15,14,30.0,52.0,24,1.8,2.2,18,0.35,3.0,1.0,0.65,0.527622522695357,0.1515375401916048,0.17521093722088754,0.8921529809507732,1.4620637250044575,-0.14811378386594898,3661.0,0.49986342529363564,15276.22522695357
18,72,20,14,27.0,22.0,0.15,14,27.0,52.0,24,2.0,2.2,18,0.35,3.0,1.0,0.65,0.5227590420259012,0.1503154014474335,0.17449621840730375,0.8890094397949733,1.456322276112838,-0.14811378386594964,3609.0,0.4995843724023275,15227.590420259012
18,72,20,14,27.0,22.0,0.15,14,27.0,52.0,24,2.2,2.2,18,0.35,3.0,1.0,0.65,0.5227590420259012,0.1503154014474335,0.17449621840730375,0.8890094397949733,1.456322276112838,-0.14811378386594964,3609.0,0.4995843724023275,15227.590420259012
18,120,20,14,27.0,22.0,0.15,14,30.0,52.0,24,2.0,2.2,18,0.35,3.0,1.0,0.65,0.524064201368782,0.15064362880032856,0.17585816001333915,0.8850891816666134,1.4564272949721075,-0.15160551029689018,3653.0,0.49548316452231045,15240.64201368782
18,120,20,14,27.0,22.0,0.15,14,30.0,52.0,24,2.2,2.2,18,0.35,3.0,1.0,0.65,0.5175523359330363,0.14900412491824855,0.17575880778767808,0.8773824034941136,1.4436342647183618,-0.15160551029689018,3643.0,0.4949217677738128,15175.523359330362
18,72,20,14,27.0,22.0,0.15,14,30.0,52.0,24,2.0,2.2,18,0.35,3.0,1.0,0.65,0.5105908967054846,0.14724623318430807,0.1751619270872329,0.8710519945503246,1.4270666766304552,-0.14811378386594964,3657.0,0.4995898277276456,15105.908967054846
18,72,20,14,27.0,22.0,0.15,14,30.0,52.0,24,2.2,2.2,18,0.35,3.0,1.0,0.65,0.5041365986260657,0.14561157010885362,0.17506216816086587,0.863308605295841,1.4142650389889209,-0.14811378386594964,3647.0,0.4990403071017274,15041.365986260656
30,120,20,14,21.0,16.0,0.15,14,27.0,52.0,24,1.8,2.2,18,0.35,3.0,1.0,0.65,0.5703478962684221,0.16216403444478278,0.20945338127420138,0.8214779551835502,1.3909844796034363,-0.19697440683836676,5146.0,0.49378157792460164,15703.478962684221
30,120,20,14,21.0,16.0,0.15,14,27.0,52.0,24,2.0,2.2,18,0.35,3.0,1.0,0.65,0.5703478962684221,0.16216403444478278,0.20945338127420138,0.8214779551835502,1.3909844796034363,-0.19697440683836676,5146.0,0.49378157792460164,15703.478962684221
30,120,20,14,21.0,16.0,0.15,14,27.0,52.0,24,2.2,2.2,18,0.35,3.0,1.0,0.65,0.5703478962684221,0.16216403444478278,0.20945338127420138,0.8214779551835502,1.3909844796034363,-0.19697440683836676,5146.0,0.49378157792460164,15703.478962684221
30,120,20,14,24.0,19.0,0.15,14,30.0,52.0,24,2.0,2.2,18,0.35,3.0,1.0,0.65,0.5212717554746371,0.1499411430972779,0.1932220691852577,0.8189045101359771,1.3783792739720533,-0.1622224484905238,4356.0,0.49173553719008267,15212.71755474637
30,120,20,14,24.0,19.0,0.15,14,30.0,52.0,24,2.2,2.2,18,0.35,3.0,1.0,0.65,0.5212717554746371,0.1499411430972779,0.1932220691852577,0.8189045101359771,1.3783792739720533,-0.1622224484905238,4356.0,0.49173553719008267,15212.71755474637
30,120,20,14,24.0,19.0,0.15,14,30.0,52.0,24,1.8,2.2,18,0.35,3.0,1.0,0.65,0.5203110269172553,0.1496992571790996,0.19322303693641757,0.8178133123295326,1.3765555062014425,-0.16222244849052325,4357.0,0.4916226761533165,15203.110269172552
30,120,20,14,21.0,16.0,0.15,14,30.0,52.0,24,1.8,2.2,18,0.35,3.0,1.0,0.65,0.5478263341311485,0.1565869330583165,0.20958086954665503,0.7981678317457594,1.3507761519357442,-0.19697440683836676,5154.0,0.4935972060535506,15478.263341311484
30,120,20,14,21.0,16.0,0.15,14,30.0,52.0,24,2.0,2.2,18,0.35,3.0,1.0,0.65,0.5478263341311485,0.1565869330583165,0.20958086954665503,0.7981678317457594,1.3507761519357442,-0.19697440683836676,5154.0,0.4935972060535506,15478.263341311484
30,120,20,14,21.0,16.0,0.15,14,30.0,52.0,24,2.2,2.2,18,0.35,3.0,1.0,0.65,0.5478263341311485,0.1565869330583165,0.20958086954665503,0.7981678317457594,1.3507761519357442,-0.19697440683836676,5154.0,0.4935972060535506,15478.263341311484
24,72,20,14,24.0,19.0,0.15,14,27.0,52.0,24,1.8,2.2,18,0.35,3.0,1.0,0.65,0.48145030146424217,0.13982846950137895,0.19373888382189908,0.7716878568645856,1.2892365000224468,-0.14731130924435476,4299.0,0.4926727145847872,14814.503014642421
24,72,20,14,24.0,19.0,0.15,14,27.0,52.0,24,2.0,2.2,18,0.35,3.0,1.0,0.65,0.48145030146424217,0.13982846950137895,0.19373888382189908,0.7716878568645856,1.2892365000224468,-0.14731130924435476,4299.0,0.4926727145847872,14814.503014642421
24,72,20,14,24.0,19.0,0.15,14,27.0,52.0,24,2.2,2.2,18,0.35,3.0,1.0,0.65,0.48145030146424217,0.13982846950137895,0.19373888382189908,0.7716878568645856,1.2892365000224468,-0.14731130924435476,4299.0,0.4926727145847872,14814.503014642421
30,72,20,14,24.0,19.0,0.15,14,27.0,52.0,24,1.8,2.2,18,0.35,3.0,1.0,0.65,0.45733486897667563,0.13361592085508356,0.1920168620062176,0.7484419658800412,1.2475188094331473,-0.15858032764062535,4260.0,0.49178403755868544,14573.348689766757
30,72,20,14,24.0,19.0,0.15,14,27.0,52.0,24,2.0,2.2,18,0.35,3.0,1.0,0.65,0.45733486897667563,0.13361592085508356,0.1920168620062176,0.7484419658800412,1.2475188094331473,-0.15858032764062535,4260.0,0.49178403755868544,14573.348689766757
30,72,20,14,24.0,19.0,0.15,14,27.0,52.0,24,2.2,2.2,18,0.35,3.0,1.0,0.65,0.45733486897667563,0.13361592085508356,0.1920168620062176,0.7484419658800412,1.2475188094331473,-0.15858032764062535,4260.0,0.49178403755868544,14573.348689766757
24,120,20,14,24.0,19.0,0.15,14,27.0,52.0,24,1.8,2.2,18,0.35,3.0,1.0,0.65,0.45343741360238665,0.13260544703615262,0.19242115564624523,0.7426277314968717,1.2461344240349648,-0.16042167086941395,4348.0,0.49149034038638456,14534.374136023867
24,120,20,14,24.0,19.0,0.15,14,27.0,52.0,24,2.0,2.2,18,0.35,3.0,1.0,0.65,0.45343741360238665,0.13260544703615262,0.19242115564624523,0.7426277314968717,1.2461344240349648,-0.16042167086941395,4348.0,0.49149034038638456,14534.374136023867
24,120,20,14,24.0,19.0,0.15,14,27.0,52.0,24,2.2,2.2,18,0.35,3.0,1.0,0.65,0.45343741360238665,0.13260544703615262,0.19242115564624523,0.7426277314968717,1.2461344240349648,-0.16042167086941395,4348.0,0.49149034038638456,14534.374136023867
24,72,20,14,24.0,19.0,0.15,14,30.0,52.0,24,2.0,2.2,18,0.35,3.0,1.0,0.65,0.41892199716064304,0.12357692404043719,0.1940261491580805,0.6968664642819716,1.1630661305605987,-0.1558421286817051,4320.0,0.49189814814814814,14189.219971606431
24,72,20,14,24.0,19.0,0.15,14,30.0,52.0,24,2.2,2.2,18,0.35,3.0,1.0,0.65,0.41892199716064304,0.12357692404043719,0.1940261491580805,0.6968664642819716,1.1630661305605987,-0.1558421286817051,4320.0,0.49189814814814814,14189.219971606431
24,72,20,14,24.0,19.0,0.15,14,30.0,52.0,24,1.8,2.2,18,0.35,3.0,1.0,0.65,0.41802590553305685,0.1233405837394177,0.19402710151737237,0.6957804524626264,1.1612643313184798,-0.15584212868170555,4321.0,0.49178430918768806,14180.259055330569
24,120,20,14,21.0,16.0,0.15,14,27.0,52.0,24,1.8,2.2,18,0.35,3.0,1.0,0.65,0.4433902063958426,0.1299921957719692,0.20905065905203501,0.6884621248227302,1.162060431655932,-0.19114212452903956,5162.0,0.49302595893064705,14433.902063958425
24,120,20,14,21.0,16.0,0.15,14,27.0,52.0,24,2.0,2.2,18,0.35,3.0,1.0,0.65,0.4433902063958426,0.1299921957719692,0.20905065905203501,0.6884621248227302,1.162060431655932,-0.19114212452903956,5162.0,0.49302595893064705,14433.902063958425
24,120,20,14,21.0,16.0,0.15,14,27.0,52.0,24,2.2,2.2,18,0.35,3.0,1.0,0.65,0.4433902063958426,0.1299921957719692,0.20905065905203501,0.6884621248227302,1.162060431655932,-0.19114212452903956,5162.0,0.49302595893064705,14433.902063958425
30,96,20,14,24.0,19.0,0.15,14,27.0,52.0,24,1.8,2.2,18,0.35,3.0,1.0,0.65,0.4063023896596869,0.12023933896371819,0.19285294032901223,0.6845191221187432,1.1417230269768013,-0.14709701527512287,4315.0,0.4917728852838934,14063.02389659687
30,96,20,14,24.0,19.0,0.15,14,27.0,52.0,24,2.0,2.2,18,0.35,3.0,1.0,0.65,0.4063023896596869,0.12023933896371819,0.19285294032901223,0.6845191221187432,1.1417230269768013,-0.14709701527512287,4315.0,0.4917728852838934,14063.02389659687
30,96,20,14,24.0,19.0,0.15,14,27.0,52.0,24,2.2,2.2,18,0.35,3.0,1.0,0.65,0.4063023896596869,0.12023933896371819,0.19285294032901223,0.6845191221187432,1.1417230269768013,-0.14709701527512287,4315.0,0.4917728852838934,14063.02389659687
30,72,20,14,24.0,19.0,0.15,14,30.0,52.0,24,2.0,2.2,18,0.35,3.0,1.0,0.65,0.3958243393389236,0.11745293260292611,0.19230587611545877,0.6729784580827336,1.1205716441438325,-0.15858032764062535,4281.0,0.4910067741181967,13958.243393389235
30,72,20,14,24.0,19.0,0.15,14,30.0,52.0,24,2.2,2.2,18,0.35,3.0,1.0,0.65,0.3958243393389236,0.11745293260292611,0.19230587611545877,0.6729784580827336,1.1205716441438325,-0.15858032764062535,4281.0,0.4910067741181967,13958.243393389235
30,72,20,14,24.0,19.0,0.15,14,30.0,52.0,24,1.8,2.2,18,0.35,3.0,1.0,0.65,0.394942834572231,0.11721788046113168,0.19230683410450716,0.6718828300191517,1.11875760076798,-0.15858032764062724,4282.0,0.4908921064922933,13949.42834572231
24,120,20,14,24.0,19.0,0.15,14,30.0,52.0,24,2.0,2.2,18,0.35,3.0,1.0,0.65,0.39209133484108416,0.11645685236230774,0.1927103346469332,0.6673314305408944,1.1186044393476442,-0.16042167086941395,4369.0,0.4907301441977569,13920.91334841084
24,120,20,14,24.0,19.0,0.15,14,30.0,52.0,24,2.2,2.2,18,0.35,3.0,1.0,0.65,0.39209133484108416,0.11645685236230774,0.1927103346469332,0.6673314305408944,1.1186044393476442,-0.16042167086941395,4369.0,0.4907301441977569,13920.91334841084
24,120,20,14,24.0,19.0,0.15,14,30.0,52.0,24,1.8,2.2,18,0.35,3.0,1.0,0.65,0.3912121875782433,0.1162220097423523,0.19271129021915717,0.6662381383865598,1.1167824175200034,-0.16042167086941472,4370.0,0.49061784897025174,13912.121875782434
24,120,20,14,21.0,16.0,0.15,14,30.0,52.0,24,1.8,2.2,18,0.35,3.0,1.0,0.65,0.4226894417443081,0.12456948361176323,0.2091780990875192,0.6651883461966531,1.122172096479693,-0.19114212452903956,5170.0,0.49284332688588006,14226.894417443082
24,120,20,14,21.0,16.0,0.15,14,30.0,52.0,24,2.0,2.2,18,0.35,3.0,1.0,0.65,0.4226894417443081,0.12456948361176323,0.2091780990875192,0.6651883461966531,1.122172096479693,-0.19114212452903956,5170.0,0.49284332688588006,14226.894417443082
24,120,20,14,21.0,16.0,0.15,14,30.0,52.0,24,2.2,2.2,18,0.35,3.0,1.0,0.65,0.4226894417443081,0.12456948361176323,0.2091780990875192,0.6651883461966531,1.122172096479693,-0.19114212452903956,5170.0,0.49284332688588006,14226.894417443082
18,96,20,14,24.0,19.0,0.15,14,27.0,52.0,24,1.8,2.2,18,0.35,3.0,1.0,0.65,0.3765606582579504,0.1122935584059197,0.19423192186259555,0.6444027911269878,1.0761426595026087,-0.1677199898426326,4379.0,0.49052295044530714,13765.606582579503
18,96,20,14,24.0,19.0,0.15,14,27.0,52.0,24,2.0,2.2,18,0.35,3.0,1.0,0.65,0.3765606582579504,0.1122935584059197,0.19423192186259555,0.6444027911269878,1.0761426595026087,-0.1677199898426326,4379.0,0.49052295044530714,13765.606582579503
18,96,20,14,24.0,19.0,0.15,14,27.0,52.0,24,2.2,2.2,18,0.35,3.0,1.0,0.65,0.3765606582579504,0.1122935584059197,0.19423192186259555,0.6444027911269878,1.0761426595026087,-0.1677199898426326,4379.0,0.49052295044530714,13765.606582579503
24,72,20,14,21.0,16.0,0.15,14,27.0,52.0,24,1.8,2.2,18,0.35,3.0,1.0,0.65,0.3794059570834729,0.11305863057980137,0.2097075347670822,0.6150168209453535,1.03092120565318,-0.21726696316721816,5077.0,0.4935985818396691,13794.05957083473
24,72,20,14,21.0,16.0,0.15,14,27.0,52.0,24,2.0,2.2,18,0.35,3.0,1.0,0.65,0.3794059570834729,0.11305863057980137,0.2097075347670822,0.6150168209453535,1.03092120565318,-0.21726696316721816,5077.0,0.4935985818396691,13794.05957083473
24,72,20,14,21.0,16.0,0.15,14,27.0,52.0,24,2.2,2.2,18,0.35,3.0,1.0,0.65,0.3794059570834729,0.11305863057980137,0.2097075347670822,0.6150168209453535,1.03092120565318,-0.21726696316721816,5077.0,0.4935985818396691,13794.05957083473
30,96,20,14,24.0,19.0,0.15,14,30.0,52.0,24,2.0,2.2,18,0.35,3.0,1.0,0.65,0.3469458581220102,0.10426708430695375,0.19314231235544801,0.6094788662859796,1.015536819913178,-0.14709701527512287,4336.0,0.49100553505535055,13469.458581220102
30,96,20,14,24.0,19.0,0.15,14,30.0,52.0,24,2.2,2.2,18,0.35,3.0,1.0,0.65,0.3469458581220102,0.10426708430695375,0.19314231235544801,0.6094788662859796,1.015536819913178,-0.14709701527512287,4336.0,0.49100553505535055,13469.458581220102
30,96,20,14,24.0,19.0,0.15,14,30.0,52.0,24,1.8,2.2,18,0.35,3.0,1.0,0.65,0.34609522157630135,0.10403480576017032,0.19314326038395063,0.6083883293384793,1.013729223501101,-0.14709701527512176,4337.0,0.4908923218814849,13460.952215763014
18,72,20,14,24.0,19.0,0.15,14,27.0,52.0,24,1.8,2.2,18,0.35,3.0,1.0,0.65,0.3334701965151319,0.10057579257853444,0.192167013473227,0.594185251041739,0.9904209677791068,-0.16252020107790743,4331.0,0.4918032786885246,13334.701965151318
18,72,20,14,24.0,19.0,0.15,14,27.0,52.0,24,2.0,2.2,18,0.35,3.0,1.0,0.65,0.3334701965151319,0.10057579257853444,0.192167013473227,0.594185251041739,0.9904209677791068,-0.16252020107790743,4331.0,0.4918032786885246,13334.701965151318
18,72,20,14,24.0,19.0,0.15,14,27.0,52.0,24,2.2,2.2,18,0.35,3.0,1.0,0.65,0.3334701965151319,0.10057579257853444,0.192167013473227,0.594185251041739,0.9904209677791068,-0.16252020107790743,4331.0,0.4918032786885246,13334.701965151318
24,72,20,14,21.0,16.0,0.15,14,30.0,52.0,24,1.8,2.2,18,0.35,3.0,1.0,0.65,0.3596228395661356,0.1077171807948829,0.20983442031056573,0.5918620693543026,0.9915891968485833,-0.2273676111669165,5085.0,0.4934119960668633,13596.228395661356
24,72,20,14,21.0,16.0,0.15,14,30.0,52.0,24,2.0,2.2,18,0.35,3.0,1.0,0.65,0.3596228395661356,0.1077171807948829,0.20983442031056573,0.5918620693543026,0.9915891968485833,-0.2273676111669165,5085.0,0.4934119960668633,13596.228395661356
24,72,20,14,21.0,16.0,0.15,14,30.0,52.0,24,2.2,2.2,18,0.35,3.0,1.0,0.65,0.3596228395661356,0.1077171807948829,0.20983442031056573,0.5918620693543026,0.9915891968485833,-0.2273676111669165,5085.0,0.4934119960668633,13596.228395661356
24,96,20,14,24.0,19.0,0.15,14,27.0,52.0,24,1.8,2.2,18,0.35,3.0,1.0,0.65,0.32952600957969214,0.09949068545919038,0.1938535307843912,0.5856027709620306,0.9764028974867012,-0.17898630771114643,4368.0,0.4896978021978022,13295.26009579692
24,96,20,14,24.0,19.0,0.15,14,27.0,52.0,24,2.0,2.2,18,0.35,3.0,1.0,0.65,0.32952600957969214,0.09949068545919038,0.1938535307843912,0.5856027709620306,0.9764028974867012,-0.17898630771114643,4368.0,0.4896978021978022,13295.26009579692
24,96,20,14,24.0,19.0,0.15,14,27.0,52.0,24,2.2,2.2,18,0.35,3.0,1.0,0.65,0.32952600957969214,0.09949068545919038,0.1938535307843912,0.5856027709620306,0.9764028974867012,-0.17898630771114643,4368.0,0.4896978021978022,13295.26009579692
30,72,20,14,21.0,16.0,0.15,14,27.0,52.0,24,1.8,2.2,18,0.35,3.0,1.0,0.65,0.3493548942308038,0.10492437581201308,0.2077052530852205,0.5836495749337391,0.9761776654396803,-0.19350941731756133,5023.0,0.4925343420266773,13493.548942308038
30,72,20,14,21.0,16.0,0.15,14,27.0,52.0,24,2.0,2.2,18,0.35,3.0,1.0,0.65,0.3493548942308038,0.10492437581201308,0.2077052530852205,0.5836495749337391,0.9761776654396803,-0.19350941731756133,5023.0,0.4925343420266773,13493.548942308038
30,72,20,14,21.0,16.0,0.15,14,27.0,52.0,24,2.2,2.2,18,0.35,3.0,1.0,0.65,0.3493548942308038,0.10492437581201308,0.2077052530852205,0.5836495749337391,0.9761776654396803,-0.19350941731756133,5023.0,0.4925343420266773,13493.548942308038
30,96,20,14,21.0,16.0,0.15,14,27.0,52.0,24,1.8,2.2,18,0.35,3.0,1.0,0.65,0.35108227944886927,0.1053952011514887,0.20905198431047833,0.5832637640615269,0.9786913715455293,-0.18841315669858105,5120.0,0.49296875,13510.822794488693
30,96,20,14,21.0,16.0,0.15,14,27.0,52.0,24,2.0,2.2,18,0.35,3.0,1.0,0.65,0.35108227944886927,0.1053952011514887,0.20905198431047833,0.5832637640615269,0.9786913715455293,-0.18841315669858105,5120.0,0.49296875,13510.822794488693
30,96,20,14,21.0,16.0,0.15,14,27.0,52.0,24,2.2,2.2,18,0.35,3.0,1.0,0.65,0.35108227944886927,0.1053952011514887,0.20905198431047833,0.5832637640615269,0.9786913715455293,-0.18841315669858105,5120.0,0.49296875,13510.822794488693
18,120,20,14,24.0,19.0,0.15,14,27.0,52.0,24,1.8,2.2,18,0.35,3.0,1.0,0.65,0.3207187509632612,0.09705989804466064,0.19390064563871837,0.5741093481580625,0.9546807604789961,-0.16394950732355074,4380.0,0.4899543378995434,13207.187509632611
18,120,20,14,24.0,19.0,0.15,14,27.0,52.0,24,2.0,2.2,18,0.35,3.0,1.0,0.65,0.3207187509632612,0.09705989804466064,0.19390064563871837,0.5741093481580625,0.9546807604789961,-0.16394950732355074,4380.0,0.4899543378995434,13207.187509632611
18,120,20,14,24.0,19.0,0.15,14,27.0,52.0,24,2.2,2.2,18,0.35,3.0,1.0,0.65,0.3207187509632612,0.09705989804466064,0.19390064563871837,0.5741093481580625,0.9546807604789961,-0.16394950732355074,4380.0,0.4899543378995434,13207.187509632611
18,96,20,14,24.0,19.0,0.15,14,30.0,52.0,24,2.0,2.2,18,0.35,3.0,1.0,0.65,0.31845936144883225,0.09643456895815894,0.1945178137213426,0.5699630663308631,0.9508788353125438,-0.1677199898426326,4400.0,0.48977272727272725,13184.593614488322
18,96,20,14,24.0,19.0,0.15,14,30.0,52.0,24,2.2,2.2,18,0.35,3.0,1.0,0.65,0.31845936144883225,0.09643456895815894,0.1945178137213426,0.5699630663308631,0.9508788353125438,-0.1677199898426326,4400.0,0.48977272727272725,13184.593614488322
18,96,20,14,24.0,19.0,0.15,14,30.0,52.0,24,1.8,2.2,18,0.35,3.0,1.0,0.65,0.3176267149767551,0.0962039379523707,0.19451875166879842,0.5688804629732513,0.9490816577130808,-0.16771998984263148,4401.0,0.489661440581686,13176.267149767551
30,72,20,14,21.0,16.0,0.15,14,30.0,52.0,24,1.8,2.2,18,0.35,3.0,1.0,0.65,0.33000278926313853,0.09962196894800979,0.20783374763718387,0.5602870596995123,0.936606576471737,-0.2034674031565079,5031.0,0.4923474458358179,13300.027892631386
30,72,20,14,21.0,16.0,0.15,14,30.0,52.0,24,2.0,2.2,18,0.35,3.0,1.0,0.65,0.33000278926313853,0.09962196894800979,0.20783374763718387,0.5602870596995123,0.936606576471737,-0.2034674031565079,5031.0,0.4923474458358179,13300.027892631386
30,72,20,14,21.0,16.0,0.15,14,30.0,52.0,24,2.2,2.2,18,0.35,3.0,1.0,0.65,0.33000278926313853,0.09962196894800979,0.20783374763718387,0.5602870596995123,0.936606576471737,-0.2034674031565079,5031.0,0.4923474458358179,13300.027892631386
30,96,20,14,21.0,16.0,0.15,14,30.0,52.0,24,1.8,2.2,18,0.35,3.0,1.0,0.65,0.3317053734896973,0.10009052734794888,0.20917919401182958,0.5600548404104992,0.939253596606453,-0.19888614383420333,5128.0,0.49278471138845553,13317.053734896974
30,96,20,14,21.0,16.0,0.15,14,30.0,52.0,24,2.0,2.2,18,0.35,3.0,1.0,0.65,0.3317053734896973,0.10009052734794888,0.20917919401182958,0.5600548404104992,0.939253596606453,-0.19888614383420333,5128.0,0.49278471138845553,13317.053734896974
30,96,20,14,21.0,16.0,0.15,14,30.0,52.0,24,2.2,2.2,18,0.35,3.0,1.0,0.65,0.3317053734896973,0.10009052734794888,0.20917919401182958,0.5600548404104992,0.939253596606453,-0.19888614383420333,5128.0,0.49278471138845553,13317.053734896974
18,72,20,14,24.0,19.0,0.15,14,30.0,52.0,24,2.0,2.2,18,0.35,3.0,1.0,0.65,0.27718770496928324,0.08488389133941188,0.19245668646273348,0.5190123980594512,0.8642382074189258,-0.1804330333149844,4352.0,0.49103860294117646,12771.877049692832
18,72,20,14,24.0,19.0,0.15,14,30.0,52.0,24,2.2,2.2,18,0.35,3.0,1.0,0.65,0.27718770496928324,0.08488389133941188,0.19245668646273348,0.5190123980594512,0.8642382074189258,-0.1804330333149844,4352.0,0.49103860294117646,12771.877049692832
18,72,20,14,24.0,19.0,0.15,14,30.0,52.0,24,1.8,2.2,18,0.35,3.0,1.0,0.65,0.2763811227811366,0.084655689976457,0.1924576289819868,0.5179184365544702,0.8624246946496233,-0.18043303331498484,4353.0,0.490925798300023,12763.811227811366
24,96,20,14,24.0,19.0,0.15,14,30.0,52.0,24,2.0,2.2,18,0.35,3.0,1.0,0.65,0.2734100392390506,0.08381426883258714,0.19413987212453676,0.5111037842939083,0.8513577313626581,-0.17898630771114643,4389.0,0.4889496468443837,12734.100392390506
24,96,20,14,24.0,19.0,0.15,14,30.0,52.0,24,2.2,2.2,18,0.35,3.0,1.0,0.65,0.2734100392390506,0.08381426883258714,0.19413987212453676,0.5111037842939083,0.8513577313626581,-0.17898630771114643,4389.0,0.4889496468443837,12734.100392390506
24,96,20,14,24.0,19.0,0.15,14,30.0,52.0,24,1.8,2.2,18,0.35,3.0,1.0,0.65,0.2726058427596689,0.0835862924608215,0.1941408061452219,0.5100193680706918,0.8495594123304495,-0.17898630771114454,4390.0,0.4888382687927107,12726.05842759669
18,120,20,14,24.0,19.0,0.15,14,30.0,52.0,24,2.0,2.2,18,0.35,3.0,1.0,0.65,0.26497445251570517,0.08141812209762289,0.19418576698119439,0.4996473690620527,0.8300568623846077,-0.18183175476896696,4401.0,0.4892069984094524,12649.744525157052
18,120,20,14,24.0,19.0,0.15,14,30.0,52.0,24,2.2,2.2,18,0.35,3.0,1.0,0.65,0.26497445251570517,0.08141812209762289,0.19418576698119439,0.4996473690620527,0.8300568623846077,-0.18183175476896696,4401.0,0.4892069984094524,12649.744525157052
18,120,20,14,24.0,19.0,0.15,14,30.0,52.0,24,1.8,2.2,18,0.35,3.0,1.0,0.65,0.26417558336132796,0.0811906497465682,0.19418669969372274,0.4985632675970239,0.8282637016540678,-0.18183175476896463,4402.0,0.4890958655156747,12641.75583361328
24,96,20,14,21.0,16.0,0.15,14,27.0,52.0,24,1.8,2.2,18,0.35,3.0,1.0,0.65,0.23065227612068573,0.07155741142609107,0.20971485772634893,0.43393669057316947,0.7256020196532635,-0.2073767770318501,5168.0,0.49129256965944273,12306.522761206857
24,96,20,14,21.0,16.0,0.15,14,27.0,52.0,24,2.0,2.2,18,0.35,3.0,1.0,0.65,0.23065227612068573,0.07155741142609107,0.20971485772634893,0.43393669057316947,0.7256020196532635,-0.2073767770318501,5168.0,0.49129256965944273,12306.522761206857
24,96,20,14,21.0,16.0,0.15,14,27.0,52.0,24,2.2,2.2,18,0.35,3.0,1.0,0.65,0.23065227612068573,0.07155741142609107,0.20971485772634893,0.43393669057316947,0.7256020196532635,-0.2073767770318501,5168.0,0.49129256965944273,12306.522761206857
18,96,20,14,21.0,16.0,0.15,14,27.0,52.0,24,1.8,2.2,18,0.35,3.0,1.0,0.65,0.22179446154720184,0.06898285943421634,0.21008781126308115,0.42209429059482784,0.7056166230755101,-0.2268323063022213,5168.0,0.49109907120743035,12217.944615472019
18,96,20,14,21.0,16.0,0.15,14,27.0,52.0,24,2.0,2.2,18,0.35,3.0,1.0,0.65,0.22179446154720184,0.06898285943421634,0.21008781126308115,0.42209429059482784,0.7056166230755101,-0.2268323063022213,5168.0,0.49109907120743035,12217.944615472019
18,96,20,14,21.0,16.0,0.15,14,27.0,52.0,24,2.2,2.2,18,0.35,3.0,1.0,0.65,0.22179446154720184,0.06898285943421634,0.21008781126308115,0.42209429059482784,0.7056166230755101,-0.2268323063022213,5168.0,0.49109907120743035,12217.944615472019
18,120,20,14,21.0,16.0,0.15,14,27.0,52.0,24,1.8,2.2,18,0.35,3.0,1.0,0.65,0.21712611217301814,0.06762097657758148,0.2099054221900821,0.41622139626584326,0.6940510057907497,-0.226510291772948,5193.0,0.4908530714423262,12171.261121730182
18,120,20,14,21.0,16.0,0.15,14,27.0,52.0,24,2.0,2.2,18,0.35,3.0,1.0,0.65,0.21712611217301814,0.06762097657758148,0.2099054221900821,0.41622139626584326,0.6940510057907497,-0.226510291772948,5193.0,0.4908530714423262,12171.261121730182
18,120,20,14,21.0,16.0,0.15,14,27.0,52.0,24,2.2,2.2,18,0.35,3.0,1.0,0.65,0.21712611217301814,0.06762097657758148,0.2099054221900821,0.41622139626584326,0.6940510057907497,-0.226510291772948,5193.0,0.4908530714423262,12171.261121730182
24,96,20,14,21.0,16.0,0.15,14,30.0,52.0,24,1.8,2.2,18,0.35,3.0,1.0,0.65,0.21300257393483046,0.06641512884286205,0.20984180726725918,0.41089261069530936,0.6867221067995513,-0.2176050512899348,5176.0,0.491112828438949,12130.025739348304
24,96,20,14,21.0,16.0,0.15,14,30.0,52.0,24,2.0,2.2,18,0.35,3.0,1.0,0.65,0.21300257393483046,0.06641512884286205,0.20984180726725918,0.41089261069530936,0.6867221067995513,-0.2176050512899348,5176.0,0.491112828438949,12130.025739348304
24,96,20,14,21.0,16.0,0.15,14,30.0,52.0,24,2.2,2.2,18,0.35,3.0,1.0,0.65,0.21300257393483046,0.06641512884286205,0.20984180726725918,0.41089261069530936,0.6867221067995513,-0.2176050512899348,5176.0,0.491112828438949,12130.025739348304
18,72,20,14,21.0,16.0,0.15,14,27.0,52.0,24,1.8,2.2,18,0.35,3.0,1.0,0.65,0.20757817856753968,0.06482469973706295,0.20870321292573574,0.4048484478557822,0.6768922936579974,-0.24393431190344594,5125.0,0.49229268292682926,12075.781785675397
18,72,20,14,21.0,16.0,0.15,14,27.0,52.0,24,2.0,2.2,18,0.35,3.0,1.0,0.65,0.20757817856753968,0.06482469973706295,0.20870321292573574,0.4048484478557822,0.6768922936579974,-0.24393431190344594,5125.0,0.49229268292682926,12075.781785675397
18,72,20,14,21.0,16.0,0.15,14,27.0,52.0,24,2.2,2.2,18,0.35,3.0,1.0,0.65,0.20757817856753968,0.06482469973706295,0.20870321292573574,0.4048484478557822,0.6768922936579974,-0.24393431190344594,5125.0,0.49229268292682926,12075.781785675397
18,96,20,14,21.0,16.0,0.15,14,30.0,52.0,24,1.8,2.2,18,0.35,3.0,1.0,0.65,0.20427177122481743,0.06385292457927205,0.21021404875270966,0.3990991040871622,0.6668365010776931,-0.2401071750288707,5176.0,0.490919629057187,12042.717712248173
18,96,20,14,21.0,16.0,0.15,14,30.0,52.0,24,2.0,2.2,18,0.35,3.0,1.0,0.65,0.20427177122481743,0.06385292457927205,0.21021404875270966,0.3990991040871622,0.6668365010776931,-0.2401071750288707,5176.0,0.490919629057187,12042.717712248173
18,96,20,14,21.0,16.0,0.15,14,30.0,52.0,24,2.2,2.2,18,0.35,3.0,1.0,0.65,0.20427177122481743,0.06385292457927205,0.21021404875270966,0.3990991040871622,0.6668365010776931,-0.2401071750288707,5176.0,0.490919629057187,12042.717712248173
18,120,20,14,21.0,16.0,0.15,14,30.0,52.0,24,1.8,2.2,18,0.35,3.0,1.0,0.65,0.19967045556295937,0.06249760124214099,0.21003330852048888,0.3932083389009368,0.6553580182309436,-0.2360608057237522,5201.0,0.4906748702172659,11996.704555629594
18,120,20,14,21.0,16.0,0.15,14,30.0,52.0,24,2.0,2.2,18,0.35,3.0,1.0,0.65,0.19967045556295937,0.06249760124214099,0.21003330852048888,0.3932083389009368,0.6553580182309436,-0.2360608057237522,5201.0,0.4906748702172659,11996.704555629594
18,120,20,14,21.0,16.0,0.15,14,30.0,52.0,24,2.2,2.2,18,0.35,3.0,1.0,0.65,0.19967045556295937,0.06249760124214099,0.21003330852048888,0.3932083389009368,0.6553580182309436,-0.2360608057237522,5201.0,0.4906748702172659,11996.704555629594
18,72,20,14,21.0,16.0,0.15,14,30.0,52.0,24,1.8,2.2,18,0.35,3.0,1.0,0.65,0.1902593748496757,0.059714719447502285,0.20883024366451844,0.38170977193125716,0.6378739988954615,-0.256496218836204,5133.0,0.49210987726475747,11902.593748496758
18,72,20,14,21.0,16.0,0.15,14,30.0,52.0,24,2.0,2.2,18,0.35,3.0,1.0,0.65,0.1902593748496757,0.059714719447502285,0.20883024366451844,0.38170977193125716,0.6378739988954615,-0.256496218836204,5133.0,0.49210987726475747,11902.593748496758
18,72,20,14,21.0,16.0,0.15,14,30.0,52.0,24,2.2,2.2,18,0.35,3.0,1.0,0.65,0.1902593748496757,0.059714719447502285,0.20883024366451844,0.38170977193125716,0.6378739988954615,-0.256496218836204,5133.0,0.49210987726475747,11902.593748496758
