stop_atr,take_profit_atr,trailing_atr,downside_return_threshold,downside_vol_ratio,exit_cooldown_bars,drawdown_brake_enabled,price_drawdown_enter,price_drawdown_exit,price_drawdown_scale,train_cagr,train_sharpe,train_max_drawdown,train_total_return,validation_cagr,validation_sharpe,validation_max_drawdown,validation_total_return,robust_score,train_trade_count,validation_trade_count,downside_trigger_count,fast_downside_exit_count,drawdown_profile
2.5,12.0,3.0,-0.06,1.3,0,True,0.15,0.075,0.3,0.8634953383028641,1.9390171023897587,-0.21726037804063714,5.472120709115271,1.4297483645339666,1.9009370507375671,-0.29873791039384034,4.908462271909451,1.9650059293778213,108.0,82.0,783,31,current
3.0,12.0,3.0,-0.06,1.3,0,True,0.15,0.075,0.3,0.8634953383028641,1.9390171023897587,-0.21726037804063714,5.472120709115271,1.4297483645339666,1.9009370507375671,-0.29873791039384034,4.908462271909451,1.9650059293778213,108.0,82.0,783,31,current
2.5,12.0,3.0,-0.06,1.1,0,True,0.15,0.075,0.3,0.8613896587340009,1.9359776455874618,-0.21669105311944992,5.450204068889999,1.4248145825362957,1.8972386274475281,-0.2983990954888667,4.884480587305143,1.9611710326346032,111.0,85.0,1275,55,current
3.0,12.0,3.0,-0.06,1.1,0,True,0.15,0.075,0.3,0.8613896587340009,1.9359776455874618,-0.21669105311944992,5.450204068889999,1.4248145825362957,1.8972386274475281,-0.2983990954888667,4.884480587305143,1.9611710326346032,111.0,85.0,1275,55,current
2.5,12.0,3.0,-0.06,1.2,0,True,0.15,0.075,0.3,0.8612835973458819,1.9356994039385482,-0.21768441833093854,5.449101456170591,1.4229619401603566,1.8958222632985042,-0.2983990954888667,4.875488029785093,1.9592367736022112,111.0,84.0,1000,45,current
3.0,12.0,3.0,-0.06,1.2,0,True,0.15,0.075,0.3,0.8612835973458819,1.9356994039385482,-0.21768441833093854,5.449101456170591,1.4229619401603566,1.8958222632985042,-0.2983990954888667,4.875488029785093,1.9592367736022112,111.0,84.0,1000,45,current
2.5,12.0,2.5,-0.06,1.3,0,True,0.15,0.075,0.3,0.8588936700008929,1.9319114193589022,-0.21916639308021135,5.42428911103783,1.4093974245121288,1.8854458207674076,-0.31372308755876366,4.809856686609973,1.9476413582274805,111.0,86.0,783,31,current
3.5,12.0,2.5,-0.06,1.3,0,True,0.15,0.075,0.3,0.8588936700008929,1.9319114193589022,-0.21916639308021135,5.42428911103783,1.4093974245121288,1.8854458207674076,-0.31372308755876366,4.809856686609973,1.9476413582274805,111.0,86.0,783,31,current
3.0,12.0,2.5,-0.06,1.3,0,True,0.15,0.075,0.3,0.8588936700008929,1.9319114193589022,-0.21916639308021135,5.42428911103783,1.4093974245121288,1.8854458207674076,-0.31372308755876366,4.809856686609973,1.9476413582274805,111.0,86.0,783,31,current
3.0,12.0,2.5,-0.06,1.1,0,True,0.15,0.075,0.3,0.856793190143951,1.9288713633913694,-0.2185984544972528,5.402534443676413,1.4045049665885774,1.8817467690419236,-0.3133915127448368,4.78627522933013,1.9438061798220876,114.0,89.0,1275,55,current
3.5,12.0,2.5,-0.06,1.1,0,True,0.15,0.075,0.3,0.856793190143951,1.9288713633913694,-0.2185984544972528,5.402534443676413,1.4045049665885774,1.8817467690419236,-0.3133915127448368,4.78627522933013,1.9438061798220876,114.0,89.0,1275,55,current
2.5,12.0,2.5,-0.06,1.1,0,True,0.15,0.075,0.3,0.856793190143951,1.9288713633913694,-0.2185984544972528,5.402534443676413,1.4045049665885774,1.8817467690419236,-0.3133915127448368,4.78627522933013,1.9438061798220876,114.0,89.0,1275,55,current
2.5,12.0,2.5,-0.06,1.2,0,True,0.15,0.075,0.3,0.8566873906611441,1.9285936670264543,-0.21958940080853595,5.401439979712383,1.4026678414630767,1.8803304570134534,-0.3133915127448368,4.777432747473899,1.9418732347414145,114.0,88.0,1000,45,current
3.5,12.0,2.5,-0.06,1.2,0,True,0.15,0.075,0.3,0.8566873906611441,1.9285936670264543,-0.21958940080853595,5.401439979712383,1.4026678414630767,1.8803304570134534,-0.3133915127448368,4.777432747473899,1.9418732347414145,114.0,88.0,1000,45,current
3.0,12.0,2.5,-0.06,1.2,0,True,0.15,0.075,0.3,0.8566873906611441,1.9285936670264543,-0.21958940080853595,5.401439979712383,1.4026678414630767,1.8803304570134534,-0.3133915127448368,4.777432747473899,1.9418732347414145,114.0,88.0,1000,45,current
2.5,12.0,2.5,-0.05,1.3,0,True,0.15,0.075,0.3,0.8358320104352752,1.8992211828251964,-0.2207859134271385,5.188124019683091,1.3951133506103761,1.8746489848575676,-0.31372308755876366,4.741142446631402,1.9314224302310534,115.0,87.0,920,51,current
3.5,12.0,2.5,-0.05,1.3,0,True,0.15,0.075,0.3,0.8358320104352752,1.8992211828251964,-0.2207859134271385,5.188124019683091,1.3951133506103761,1.8746489848575676,-0.31372308755876366,4.741142446631402,1.9314224302310534,115.0,87.0,920,51,current
3.0,12.0,2.5,-0.05,1.3,0,True,0.15,0.075,0.3,0.8358320104352752,1.8992211828251964,-0.2207859134271385,5.188124019683091,1.3951133506103761,1.8746489848575676,-0.31372308755876366,4.741142446631402,1.9314224302310534,115.0,87.0,920,51,current
3.5,12.0,2.5,-0.05,1.1,0,True,0.15,0.075,0.3,0.8311960846232729,1.8921484319227664,-0.22045223981292394,5.141359169886629,1.3902498975449848,1.870949075026049,-0.3133915127448368,4.717839891569303,1.9269621720442416,118.0,90.0,1385,70,current
2.5,12.0,2.5,-0.05,1.1,0,True,0.15,0.075,0.3,0.8311960846232729,1.8921484319227664,-0.22045223981292394,5.141359169886629,1.3902498975449848,1.870949075026049,-0.3133915127448368,4.717839891569303,1.9269621720442416,118.0,90.0,1385,70,current
3.0,12.0,2.5,-0.05,1.1,0,True,0.15,0.075,0.3,0.8311960846232729,1.8921484319227664,-0.22045223981292394,5.141359169886629,1.3902498975449848,1.870949075026049,-0.3133915127448368,4.717839891569303,1.9269621720442416,118.0,90.0,1385,70,current
2.5,12.0,2.5,-0.05,1.2,0,True,0.15,0.075,0.3,0.833457427165025,1.8955924510468802,-0.22144083521802815,5.164140891580265,1.3884236637862606,1.869532634387849,-0.3133915127448368,4.709101991366814,1.9255037022118398,118.0,89.0,1123,62,current
3.0,12.0,2.5,-0.05,1.2,0,True,0.15,0.075,0.3,0.833457427165025,1.8955924510468802,-0.22144083521802815,5.164140891580265,1.3884236637862606,1.869532634387849,-0.3133915127448368,4.709101991366814,1.9255037022118398,118.0,89.0,1123,62,current
3.5,12.0,2.5,-0.05,1.2,0,True,0.15,0.075,0.3,0.833457427165025,1.8955924510468802,-0.22144083521802815,5.164140891580265,1.3884236637862606,1.869532634387849,-0.3133915127448368,4.709101991366814,1.9255037022118398,118.0,89.0,1123,62,current
3.5,12.0,2.5,-0.06,1.1,3,True,0.15,0.075,0.3,0.8184468166278263,1.9264587751487388,-0.23582098786425998,5.013967317415352,1.3994725149816674,1.875334333021564,-0.29146186506544614,4.762069063012699,1.921113202414999,104.0,80.0,1275,38,current
3.0,12.0,2.5,-0.06,1.1,3,True,0.15,0.075,0.3,0.8184468166278263,1.9264587751487388,-0.23582098786425998,5.013967317415352,1.3994725149816674,1.875334333021564,-0.29146186506544614,4.762069063012699,1.921113202414999,104.0,80.0,1275,38,current
2.5,12.0,2.5,-0.06,1.1,3,True,0.15,0.075,0.3,0.8184468166278263,1.9264587751487388,-0.23582098786425998,5.013967317415352,1.3994725149816674,1.875334333021564,-0.29146186506544614,4.762069063012699,1.921113202414999,104.0,80.0,1275,38,current
2.5,12.0,2.5,-0.06,1.2,3,True,0.15,0.075,0.3,0.8346364685638379,1.954175312375405,-0.2358209878642601,5.176041367963985,1.3947216158280606,1.871660827203412,-0.29146186506544614,4.739263748693959,1.9206776269840495,103.0,79.0,1000,33,current
3.5,12.0,2.5,-0.06,1.2,3,True,0.15,0.075,0.3,0.8346364685638379,1.954175312375405,-0.2358209878642601,5.176041367963985,1.3947216158280606,1.871660827203412,-0.29146186506544614,4.739263748693959,1.9206776269840495,103.0,79.0,1000,33,current
3.5,12.0,2.5,-0.06,1.2,3,True,0.15,0.075,0.3,0.8346364685638379,1.954175312375405,-0.2358209878642601,5.176041367963985,1.3947216158280606,1.871660827203412,-0.29146186506544614,4.739263748693959,1.9206776269840495,103.0,79.0,1000,33,
2.5,12.0,2.5,-0.06,1.2,3,True,0.15,0.075,0.3,0.8346364685638379,1.954175312375405,-0.2358209878642601,5.176041367963985,1.3947216158280606,1.871660827203412,-0.29146186506544614,4.739263748693959,1.9206776269840495,103.0,79.0,1000,33,
3.0,12.0,2.5,-0.06,1.2,3,True,0.15,0.075,0.3,0.8346364685638379,1.954175312375405,-0.2358209878642601,5.176041367963985,1.3947216158280606,1.871660827203412,-0.29146186506544614,4.739263748693959,1.9206776269840495,103.0,79.0,1000,33,
3.0,12.0,2.5,-0.06,1.2,3,True,0.15,0.075,0.3,0.8346364685638379,1.954175312375405,-0.2358209878642601,5.176041367963985,1.3947216158280606,1.871660827203412,-0.29146186506544614,4.739263748693959,1.9206776269840495,103.0,79.0,1000,33,current
2.5,12.0,2.5,-0.05,1.2,3,True,0.15,0.075,0.3,0.8093940580721817,1.9173492845789886,-0.23700011225501283,4.9245891194318885,1.3896153500344393,1.8686664045181989,-0.29146186506544614,4.714803042234225,1.912045160005129,103.0,78.0,1123,48,current
3.0,12.0,2.5,-0.05,1.2,3,True,0.15,0.075,0.3,0.8093940580721817,1.9173492845789886,-0.23700011225501283,4.9245891194318885,1.3896153500344393,1.8686664045181989,-0.29146186506544614,4.714803042234225,1.912045160005129,103.0,78.0,1123,48,current
2.5,12.0,2.5,-0.05,1.2,3,True,0.15,0.075,0.3,0.8093940580721817,1.9173492845789886,-0.23700011225501283,4.9245891194318885,1.3896153500344393,1.8686664045181989,-0.29146186506544614,4.714803042234225,1.912045160005129,103.0,78.0,1123,48,
3.0,12.0,2.5,-0.05,1.2,3,True,0.15,0.075,0.3,0.8093940580721817,1.9173492845789886,-0.23700011225501283,4.9245891194318885,1.3896153500344393,1.8686664045181989,-0.29146186506544614,4.714803042234225,1.912045160005129,103.0,78.0,1123,48,
3.5,12.0,2.5,-0.05,1.2,3,True,0.15,0.075,0.3,0.8093940580721817,1.9173492845789886,-0.23700011225501283,4.9245891194318885,1.3896153500344393,1.8686664045181989,-0.29146186506544614,4.714803042234225,1.912045160005129,103.0,78.0,1123,48,
3.5,12.0,2.5,-0.05,1.2,3,True,0.15,0.075,0.3,0.8093940580721817,1.9173492845789886,-0.23700011225501283,4.9245891194318885,1.3896153500344393,1.8686664045181989,-0.29146186506544614,4.714803042234225,1.912045160005129,103.0,78.0,1123,48,current
3.0,12.0,2.5,-0.05,1.1,3,True,0.15,0.075,0.3,0.7907678781037932,1.8851639535371314,-0.23700011225501216,4.743486688584386,1.3943561188440108,1.872342474675128,-0.29146186506544614,4.737511160444946,1.9119959941683808,104.0,79.0,1385,52,current
3.5,12.0,2.5,-0.05,1.1,3,True,0.15,0.075,0.3,0.7907678781037932,1.8851639535371314,-0.23700011225501216,4.743486688584386,1.3943561188440108,1.872342474675128,-0.29146186506544614,4.737511160444946,1.9119959941683808,104.0,79.0,1385,52,current
2.5,12.0,2.5,-0.05,1.1,3,True,0.15,0.075,0.3,0.7907678781037932,1.8851639535371314,-0.23700011225501216,4.743486688584386,1.3943561188440108,1.872342474675128,-0.29146186506544614,4.737511160444946,1.9119959941683808,104.0,79.0,1385,52,current
2.5,12.0,3.0,-0.06,1.3,0,False,0.15,0.075,0.3,1.059185694215115,1.9486605581488046,-0.25994748216399743,7.732892379858983,1.3801043289256212,1.8223549774946988,-0.31087458142170366,4.6693814234781055,1.904218375255723,108.0,82.0,783,31,disabled
3.0,12.0,3.0,-0.06,1.3,0,False,0.15,0.075,0.3,1.059185694215115,1.9486605581488046,-0.25994748216399743,7.732892379858983,1.3801043289256212,1.8223549774946988,-0.31087458142170366,4.6693814234781055,1.904218375255723,108.0,82.0,783,31,disabled
2.5,12.0,3.0,-0.06,1.1,3,True,0.15,0.075,0.3,0.8303747242425155,1.9449177396087995,-0.2162805025818263,5.133098355871287,1.358569293332911,1.8430945111129493,-0.309691404642897,4.567206949477567,1.9010292046705395,102.0,79.0,1275,38,current
3.0,12.0,3.0,-0.06,1.1,3,True,0.15,0.075,0.3,0.8303747242425155,1.9449177396087995,-0.2162805025818263,5.133098355871287,1.358569293332911,1.8430945111129493,-0.309691404642897,4.567206949477567,1.9010292046705395,102.0,79.0,1275,38,current
3.0,12.0,3.0,-0.06,1.2,3,True,0.15,0.075,0.3,0.8466705704707342,1.972638513504781,-0.21628050258182618,5.298382940985474,1.353899381596288,1.8394229526559842,-0.309691404642897,4.54517286710683,1.9006168154592178,101.0,78.0,1000,33,current
2.5,12.0,3.0,-0.06,1.2,3,True,0.15,0.075,0.3,0.8466705704707342,1.972638513504781,-0.21628050258182618,5.298382940985474,1.353899381596288,1.8394229526559842,-0.309691404642897,4.54517286710683,1.9006168154592178,101.0,78.0,1000,33,
3.0,12.0,3.0,-0.06,1.2,3,True,0.15,0.075,0.3,0.8466705704707342,1.972638513504781,-0.21628050258182618,5.298382940985474,1.353899381596288,1.8394229526559842,-0.309691404642897,4.54517286710683,1.9006168154592178,101.0,78.0,1000,33,
2.5,12.0,3.0,-0.06,1.2,3,True,0.15,0.075,0.3,0.8466705704707342,1.972638513504781,-0.21628050258182618,5.298382940985474,1.353899381596288,1.8394229526559842,-0.309691404642897,4.54517286710683,1.9006168154592178,101.0,78.0,1000,33,current
3.5,12.0,3.0,-0.06,1.2,3,True,0.15,0.075,0.3,0.8466705704707342,1.972638513504781,-0.21628050258182618,5.298382940985474,1.353899381596288,1.8394229526559842,-0.309691404642897,4.54517286710683,1.9006168154592178,101.0,78.0,1000,33,
2.5,12.0,3.0,-0.06,1.1,0,False,0.15,0.075,0.3,1.0623072011735792,1.9527627326528136,-0.26109656192532205,7.772670058830288,1.3747934238986734,1.8184057731333982,-0.31087458142170366,4.644097114419193,1.900318932405453,111.0,85.0,1275,55,disabled
3.0,12.0,3.0,-0.06,1.1,0,False,0.15,0.075,0.3,1.0623072011735792,1.9527627326528136,-0.26109656192532205,7.772670058830288,1.3747934238986734,1.8184057731333982,-0.31087458142170366,4.644097114419193,1.900318932405453,111.0,85.0,1275,55,disabled
3.0,12.0,3.0,-0.06,1.2,0,False,0.15,0.075,0.3,1.0553986893053957,1.9442521466058484,-0.2617964860599006,7.6847958538775085,1.3729789994214783,1.8170336856291303,-0.31087458142170366,4.635471906603972,1.897215180460259,111.0,84.0,1000,45,disabled
2.5,12.0,3.0,-0.06,1.2,0,False,0.15,0.075,0.3,1.0553986893053957,1.9442521466058484,-0.2617964860599006,7.6847958538775085,1.3729789994214783,1.8170336856291303,-0.31087458142170366,4.635471906603972,1.897215180460259,111.0,84.0,1000,45,disabled
2.5,12.0,3.5,-0.06,1.2,3,True,0.15,0.075,0.3,0.8351708959913042,1.9540757238213413,-0.22191301891132853,5.181440571663476,1.3491530128394689,1.8356522059984826,-0.3138220252576527,4.522822826276456,1.8917298757410794,101.0,78.0,1000,33,
3.5,12.0,3.0,-0.05,1.2,3,True,0.15,0.075,0.3,0.8194235900480593,1.932916144297896,-0.21748977784356283,5.023664417114405,1.3488801610679224,1.8364065236000764,-0.309691404642897,4.521539374779213,1.8915463526879066,102.0,77.0,1123,48,
3.0,12.0,3.0,-0.05,1.2,3,True,0.15,0.075,0.3,0.8194235900480593,1.932916144297896,-0.21748977784356283,5.023664417114405,1.3488801610679224,1.8364065236000764,-0.309691404642897,4.521539374779213,1.8915463526879066,102.0,77.0,1123,48,
2.5,12.0,3.0,-0.05,1.2,3,True,0.15,0.075,0.3,0.8194235900480593,1.932916144297896,-0.21748977784356283,5.023664417114405,1.3488801610679224,1.8364065236000764,-0.309691404642897,4.521539374779213,1.8915463526879066,102.0,77.0,1123,48,
3.5,12.0,3.5,-0.06,1.2,3,True,0.15,0.075,0.3,0.8307308385133163,1.9468064606013242,-0.22191301891132886,5.1366790570721275,1.3491530128394689,1.8356522059984826,-0.3138220252576527,4.522822826276456,1.8908418642454816,101.0,78.0,1000,33,
3.0,12.0,3.5,-0.06,1.2,3,True,0.15,0.075,0.3,0.8307308385133163,1.9468064606013242,-0.22191301891132886,5.1366790570721275,1.3491530128394689,1.8356522059984826,-0.3138220252576527,4.522822826276456,1.8908418642454816,101.0,78.0,1000,33,
2.5,12.0,2.5,-0.06,1.3,0,False,0.15,0.075,0.3,1.0560497192180263,1.94488108236223,-0.25964604659809154,7.693051600054748,1.3601691944274519,1.8073388984112508,-0.31312832468222074,4.574765828451636,1.8887258189558103,111.0,86.0,783,31,disabled
3.0,12.0,2.5,-0.06,1.3,0,False,0.15,0.075,0.3,1.0560497192180263,1.94488108236223,-0.25964604659809154,7.693051600054748,1.3601691944274519,1.8073388984112508,-0.31312832468222074,4.574765828451636,1.8887258189558103,111.0,86.0,783,31,disabled
3.5,12.0,2.5,-0.06,1.3,0,False,0.15,0.075,0.3,1.0560497192180263,1.94488108236223,-0.25964604659809154,7.693051600054748,1.3601691944274519,1.8073388984112508,-0.31312832468222074,4.574765828451636,1.8887258189558103,111.0,86.0,783,31,disabled
3.5,12.0,2.5,-0.04,1.2,3,True,0.15,0.075,0.3,0.7797543609163315,1.8703121477209965,-0.23700011225501239,4.638158985317634,1.3646469606282108,1.8511778941755483,-0.30619777479997734,4.595948717210803,1.8886287102313082,107.0,79.0,1305,60,
2.5,12.0,2.5,-0.04,1.2,3,True,0.15,0.075,0.3,0.7797543609163315,1.8703121477209965,-0.23700011225501239,4.638158985317634,1.3646469606282108,1.8511778941755483,-0.30619777479997734,4.595948717210803,1.8886287102313082,107.0,79.0,1305,60,
3.0,12.0,2.5,-0.04,1.2,3,True,0.15,0.075,0.3,0.7797543609163315,1.8703121477209965,-0.23700011225501239,4.638158985317634,1.3646469606282108,1.8511778941755483,-0.30619777479997734,4.595948717210803,1.8886287102313082,107.0,79.0,1305,60,
3.0,12.0,2.5,-0.06,1.1,0,False,0.15,0.075,0.3,1.059166472371238,1.9489818880269043,-0.26079559439850697,7.73264780722041,1.354902772158984,1.8033891168582232,-0.31312832468222074,4.549903486053239,1.8848246141332172,114.0,89.0,1275,55,disabled
2.5,12.0,2.5,-0.06,1.1,0,False,0.15,0.075,0.3,1.059166472371238,1.9489818880269043,-0.26079559439850697,7.73264780722041,1.354902772158984,1.8033891168582232,-0.31312832468222074,4.549903486053239,1.8848246141332172,114.0,89.0,1275,55,disabled
3.5,12.0,2.5,-0.06,1.1,0,False,0.15,0.075,0.3,1.059166472371238,1.9489818880269043,-0.26079559439850697,7.73264780722041,1.354902772158984,1.8033891168582232,-0.31312832468222074,4.549903486053239,1.8848246141332172,114.0,89.0,1275,55,disabled
2.5,12.0,3.5,-0.05,1.2,3,True,0.15,0.075,0.3,0.8114602739266474,1.9198569082776604,-0.22311360322856122,4.944910394207979,1.3441439129949746,1.832633188912996,-0.3138220252576527,4.499284589684091,1.8833684420840449,102.0,77.0,1123,48,
3.0,12.0,3.0,-0.04,1.2,3,True,0.15,0.075,0.3,0.7928211865281058,1.8913236674264107,-0.21786110819154558,4.763267437096934,1.3417654777807484,1.8328679577222566,-0.318872180621006,4.488125704920688,1.8825016409321051,106.0,78.0,1305,60,
3.5,12.0,3.0,-0.04,1.2,3,True,0.15,0.075,0.3,0.7928211865281058,1.8913236674264107,-0.21786110819154558,4.763267437096934,1.3417654777807484,1.8328679577222566,-0.318872180621006,4.488125704920688,1.8825016409321051,106.0,78.0,1305,60,
2.5,12.0,3.0,-0.04,1.2,3,True,0.15,0.075,0.3,0.7928211865281058,1.8913236674264107,-0.21786110819154558,4.763267437096934,1.3417654777807484,1.8328679577222566,-0.318872180621006,4.488125704920688,1.8825016409321051,106.0,78.0,1305,60,
3.5,12.0,3.5,-0.05,1.2,3,True,0.15,0.075,0.3,0.8070775825092456,1.9125714939186125,-0.223113603228562,4.901861659811913,1.3441439129949746,1.832633188912996,-0.3138220252576527,4.499284589684091,1.8824919038005643,102.0,77.0,1123,48,
3.0,12.0,3.5,-0.05,1.2,3,True,0.15,0.075,0.3,0.8070775825092456,1.9125714939186125,-0.223113603228562,4.901861659811913,1.3441439129949746,1.832633188912996,-0.3138220252576527,4.499284589684091,1.8824919038005643,102.0,77.0,1123,48,
3.0,12.0,2.5,-0.06,1.2,0,False,0.15,0.075,0.3,1.052268481613678,1.9404728356680832,-0.2614958036237015,7.645174497720999,1.3531035448290516,1.80201707626068,-0.31312832468222074,4.541422223248715,1.8817228707715647,114.0,88.0,1000,45,disabled
3.5,12.0,2.5,-0.06,1.2,0,False,0.15,0.075,0.3,1.052268481613678,1.9404728356680832,-0.2614958036237015,7.645174497720999,1.3531035448290516,1.80201707626068,-0.31312832468222074,4.541422223248715,1.8817228707715647,114.0,88.0,1000,45,disabled
2.5,12.0,2.5,-0.06,1.2,0,False,0.15,0.075,0.3,1.052268481613678,1.9404728356680832,-0.2614958036237015,7.645174497720999,1.3531035448290516,1.80201707626068,-0.31312832468222074,4.541422223248715,1.8817228707715647,114.0,88.0,1000,45,disabled
3.5,12.0,3.5,-0.04,1.2,3,True,0.15,0.075,0.3,0.7870010204156672,1.8816170055939156,-0.22083401110759382,4.707316076266659,1.334751914193705,1.8272772206411778,-0.32294786594628433,4.455286239606788,1.8742604191705143,106.0,78.0,1305,60,
3.0,12.0,3.5,-0.04,1.2,3,True,0.15,0.075,0.3,0.7870010204156672,1.8816170055939156,-0.22083401110759382,4.707316076266659,1.334751914193705,1.8272772206411778,-0.32294786594628433,4.455286239606788,1.8742604191705143,106.0,78.0,1305,60,
2.5,12.0,3.5,-0.04,1.2,3,True,0.15,0.075,0.3,0.7870010204156672,1.8816170055939156,-0.22083401110759382,4.707316076266659,1.334751914193705,1.8272772206411778,-0.32294786594628433,4.455286239606788,1.8742604191705143,106.0,78.0,1305,60,
2.5,12.0,3.0,-0.06,1.3,0,True,0.2,0.1,0.5,0.9757659973603947,1.9786726846057119,-0.2308256547124713,6.713899819089104,1.3364561458768422,1.7907645842257012,-0.3114849725765114,4.463256861008701,1.8705049563415446,108.0,82.0,783,31,mild
3.0,12.0,3.0,-0.06,1.3,0,True,0.2,0.1,0.5,0.9757659973603947,1.9786726846057119,-0.2308256547124713,6.713899819089104,1.3364561458768422,1.7907645842257012,-0.3114849725765114,4.463256861008701,1.8705049563415446,108.0,82.0,783,31,mild
2.5,12.0,2.5,-0.05,1.3,0,False,0.15,0.075,0.3,1.0322904202724081,1.9190354282998991,-0.2658040130777659,7.395132950229515,1.346176969296447,1.796858293581095,-0.31312832468222074,4.50883205114464,1.870414371096694,115.0,87.0,920,51,disabled
3.5,12.0,2.5,-0.05,1.3,0,False,0.15,0.075,0.3,1.0322904202724081,1.9190354282998991,-0.2658040130777659,7.395132950229515,1.346176969296447,1.796858293581095,-0.31312832468222074,4.50883205114464,1.870414371096694,115.0,87.0,920,51,disabled
3.0,12.0,2.5,-0.05,1.3,0,False,0.15,0.075,0.3,1.0322904202724081,1.9190354282998991,-0.2658040130777659,7.395132950229515,1.346176969296447,1.796858293581095,-0.31312832468222074,4.50883205114464,1.870414371096694,115.0,87.0,920,51,disabled
3.0,12.0,3.0,-0.06,1.1,0,True,0.2,0.1,0.5,0.9749014099154321,1.9777377560946388,-0.23076793269996587,6.703776763701165,1.3315777151596428,1.7870669671241717,-0.31123157484477126,4.440456159752874,1.866663282757275,111.0,85.0,1275,55,mild
2.5,12.0,3.0,-0.06,1.1,0,True,0.2,0.1,0.5,0.9749014099154321,1.9777377560946388,-0.23076793269996587,6.703776763701165,1.3315777151596428,1.7870669671241717,-0.31123157484477126,4.440456159752874,1.866663282757275,111.0,85.0,1275,55,mild
2.5,12.0,3.0,-0.06,1.2,0,True,0.2,0.1,0.5,0.9730525371299272,1.9751011156756988,-0.23167291476910135,6.682158894142698,1.3297963089816163,1.785693370614236,-0.31123157484477126,4.432142152386204,1.8644674206556706,111.0,84.0,1000,45,mild
3.0,12.0,3.0,-0.06,1.2,0,True,0.2,0.1,0.5,0.9730525371299272,1.9751011156756988,-0.23167291476910135,6.682158894142698,1.3297963089816163,1.785693370614236,-0.31123157484477126,4.432142152386204,1.8644674206556706,111.0,84.0,1000,45,mild
3.0,12.0,2.5,-0.05,1.1,0,False,0.15,0.075,0.3,1.025450262573394,1.9109573486839273,-0.2671631197271497,7.31064408121385,1.340941768927745,1.7929076865659683,-0.31312832468222074,4.484263760227062,1.8644161792170724,118.0,90.0,1385,70,disabled
2.5,12.0,2.5,-0.05,1.1,0,False,0.15,0.075,0.3,1.025450262573394,1.9109573486839273,-0.2671631197271497,7.31064408121385,1.340941768927745,1.7929076865659683,-0.31312832468222074,4.484263760227062,1.8644161792170724,118.0,90.0,1385,70,disabled
3.5,12.0,2.5,-0.05,1.1,0,False,0.15,0.075,0.3,1.025450262573394,1.9109573486839273,-0.2671631197271497,7.31064408121385,1.340941768927745,1.7929076865659683,-0.31312832468222074,4.484263760227062,1.8644161792170724,118.0,90.0,1385,70,disabled
2.5,12.0,2.5,-0.05,1.2,0,False,0.15,0.075,0.3,1.0283364041826597,1.9143609746551367,-0.26785729733247987,7.346223904348886,1.339153208288117,1.79153552870482,-0.31312832468222074,4.475882806872343,1.863274160875112,118.0,89.0,1123,62,disabled
3.0,12.0,2.5,-0.05,1.2,0,False,0.15,0.075,0.3,1.0283364041826597,1.9143609746551367,-0.26785729733247987,7.346223904348886,1.339153208288117,1.79153552870482,-0.31312832468222074,4.475882806872343,1.863274160875112,118.0,89.0,1123,62,disabled
3.5,12.0,2.5,-0.05,1.2,0,False,0.15,0.075,0.3,1.0283364041826597,1.9143609746551367,-0.26785729733247987,7.346223904348886,1.339153208288117,1.79153552870482,-0.31312832468222074,4.475882806872343,1.863274160875112,118.0,89.0,1123,62,disabled
2.5,12.0,2.5,-0.06,1.1,3,False,0.15,0.075,0.3,0.9980402388888363,1.9263089142624366,-0.2827358523170407,6.977765658697376,1.350080941653181,1.797270308552772,-0.3095357777357579,4.52718877301126,1.8555104301720189,104.0,80.0,1275,38,disabled
3.0,12.0,2.5,-0.06,1.1,3,False,0.15,0.075,0.3,0.9980402388888363,1.9263089142624366,-0.2827358523170407,6.977765658697376,1.350080941653181,1.797270308552772,-0.3095357777357579,4.52718877301126,1.8555104301720189,104.0,80.0,1275,38,disabled
3.5,12.0,2.5,-0.06,1.1,3,False,0.15,0.075,0.3,0.9980402388888363,1.9263089142624366,-0.2827358523170407,6.977765658697376,1.350080941653181,1.797270308552772,-0.3095357777357579,4.52718877301126,1.8555104301720189,104.0,80.0,1275,38,disabled
3.5,12.0,2.5,-0.06,1.3,0,True,0.2,0.1,0.5,0.971422067674663,1.9727946258214732,-0.22925671812379278,6.663128288589993,1.316886597201572,1.7757300789598787,-0.31851204445035863,4.372081252935097,1.855386133432915,111.0,86.0,783,31,mild
2.5,12.0,2.5,-0.06,1.3,0,True,0.2,0.1,0.5,0.971422067674663,1.9727946258214732,-0.22925671812379278,6.663128288589993,1.316886597201572,1.7757300789598787,-0.31851204445035863,4.372081252935097,1.855386133432915,111.0,86.0,783,31,mild
3.0,12.0,2.5,-0.06,1.3,0,True,0.2,0.1,0.5,0.971422067674663,1.9727946258214732,-0.22925671812379278,6.663128288589993,1.316886597201572,1.7757300789598787,-0.31851204445035863,4.372081252935097,1.855386133432915,111.0,86.0,783,31,mild
2.5,12.0,2.5,-0.06,1.2,3,False,0.15,0.075,0.3,1.0090292250158308,1.9408095070354043,-0.28273585231704,7.110131402244111,1.3454278366532715,1.7937117381168575,-0.3095357777357579,4.505313075950173,1.8541496569615035,103.0,79.0,1000,33,disabled
3.5,12.0,2.5,-0.06,1.2,3,False,0.15,0.075,0.3,1.0090292250158308,1.9408095070354043,-0.28273585231704,7.110131402244111,1.3454278366532715,1.7937117381168575,-0.3095357777357579,4.505313075950173,1.8541496569615035,103.0,79.0,1000,33,disabled
3.0,12.0,2.5,-0.06,1.2,3,False,0.15,0.075,0.3,1.0090292250158308,1.9408095070354043,-0.28273585231704,7.110131402244111,1.3454278366532715,1.7937117381168575,-0.3095357777357579,4.505313075950173,1.8541496569615035,103.0,79.0,1000,33,disabled
2.5,12.0,2.5,-0.06,1.1,0,True,0.2,0.1,0.5,0.9705593811162809,1.9718589342653619,-0.22919887837181996,6.653071861370365,1.3120490269505738,1.7720318828104902,-0.31826123292807296,4.349661069720871,1.8515443198478363,114.0,89.0,1275,55,mild
3.5,12.0,2.5,-0.06,1.1,0,True,0.2,0.1,0.5,0.9705593811162809,1.9718589342653619,-0.22919887837181996,6.653071861370365,1.3120490269505738,1.7720318828104902,-0.31826123292807296,4.349661069720871,1.8515443198478363,114.0,89.0,1275,55,mild
3.0,12.0,2.5,-0.06,1.1,0,True,0.2,0.1,0.5,0.9705593811162809,1.9718589342653619,-0.22919887837181996,6.653071861370365,1.3120490269505738,1.7720318828104902,-0.31826123292807296,4.349661069720871,1.8515443198478363,114.0,89.0,1275,55,mild
3.0,12.0,3.0,-0.06,1.3,0,True,0.1,0.05,0.3,0.7848001233671034,1.9135306186685621,-0.21043358178210547,4.6862527924265125,1.2510021220133587,1.7978957923908048,-0.3088734727425878,4.070763937528313,1.8496390261731728,108.0,82.0,783,31,tight
2.5,12.0,3.0,-0.06,1.3,0,True,0.1,0.05,0.3,0.7848001233671034,1.9135306186685621,-0.21043358178210547,4.6862527924265125,1.2510021220133587,1.7978957923908048,-0.3088734727425878,4.070763937528313,1.8496390261731728,108.0,82.0,783,31,tight
3.0,12.0,2.5,-0.06,1.2,0,True,0.2,0.1,0.5,0.9687145732723688,1.9692230732697242,-0.23010570639368189,6.6315962768233,1.3102825413671293,1.7706583324365055,-0.31826123292807296,4.341485813779673,1.8493483938941384,114.0,88.0,1000,45,mild
2.5,12.0,2.5,-0.06,1.2,0,True,0.2,0.1,0.5,0.9687145732723688,1.9692230732697242,-0.23010570639368189,6.6315962768233,1.3102825413671293,1.7706583324365055,-0.31826123292807296,4.341485813779673,1.8493483938941384,114.0,88.0,1000,45,mild
3.5,12.0,2.5,-0.06,1.2,0,True,0.2,0.1,0.5,0.9687145732723688,1.9692230732697242,-0.23010570639368189,6.6315962768233,1.3102825413671293,1.7706583324365055,-0.31826123292807296,4.341485813779673,1.8493483938941384,114.0,88.0,1000,45,mild
3.5,10.0,2.5,-0.05,1.2,3,True,0.15,0.075,0.3,0.7304978344188442,1.824331708082837,-0.22495110268156793,4.1828366379208335,1.263230823365435,1.8129318565093666,-0.29146186506544414,4.126033381018523,1.8465558720523514,106.0,80.0,1123,48,
3.0,10.0,2.5,-0.05,1.2,3,True,0.15,0.075,0.3,0.7304978344188442,1.824331708082837,-0.22495110268156793,4.1828366379208335,1.263230823365435,1.8129318565093666,-0.29146186506544414,4.126033381018523,1.8465558720523514,106.0,80.0,1123,48,
2.5,10.0,2.5,-0.05,1.2,3,True,0.15,0.075,0.3,0.7304978344188442,1.824331708082837,-0.22495110268156793,4.1828366379208335,1.263230823365435,1.8129318565093666,-0.29146186506544414,4.126033381018523,1.8465558720523514,106.0,80.0,1123,48,
2.5,12.0,3.0,-0.06,1.1,0,True,0.1,0.05,0.3,0.7820739223473858,1.9090935822761388,-0.21080227786532335,4.660234120546902,1.2464312973516742,1.7940826057718315,-0.3088734727425865,4.050182362178203,1.845096251308647,111.0,85.0,1275,55,tight
3.0,12.0,3.0,-0.06,1.1,0,True,0.1,0.05,0.3,0.7820739223473858,1.9090935822761388,-0.21080227786532335,4.660234120546902,1.2464312973516742,1.7940826057718315,-0.3088734727425865,4.050182362178203,1.845096251308647,111.0,85.0,1275,55,tight
3.0,10.0,2.5,-0.06,1.2,3,True,0.15,0.075,0.3,0.7248711640540875,1.8116425141562762,-0.22375335799833473,4.13244143581374,1.26821533702236,1.8161482835439888,-0.29146186506544414,4.148647616466089,1.8447400679679262,105.0,80.0,1000,33,
3.5,10.0,2.5,-0.06,1.2,3,True,0.15,0.075,0.3,0.7248711640540875,1.8116425141562762,-0.22375335799833473,4.13244143581374,1.26821533702236,1.8161482835439888,-0.29146186506544414,4.148647616466089,1.8447400679679262,105.0,80.0,1000,33,
2.5,10.0,2.5,-0.06,1.2,3,True,0.15,0.075,0.3,0.7248711640540875,1.8116425141562762,-0.22375335799833473,4.13244143581374,1.26821533702236,1.8161482835439888,-0.29146186506544414,4.148647616466089,1.8447400679679262,105.0,80.0,1000,33,
3.0,12.0,2.5,-0.05,1.2,3,False,0.15,0.075,0.3,0.9867111274660689,1.9161354494055043,-0.28692166874044867,6.842819020820138,1.3404266800033504,1.7907184990426952,-0.3095357777357579,4.4818494658049906,1.8445998901656846,103.0,78.0,1123,48,disabled
3.5,12.0,2.5,-0.05,1.2,3,False,0.15,0.075,0.3,0.9867111274660689,1.9161354494055043,-0.28692166874044867,6.842819020820138,1.3404266800033504,1.7907184990426952,-0.3095357777357579,4.4818494658049906,1.8445998901656846,103.0,78.0,1123,48,disabled
2.5,12.0,2.5,-0.05,1.2,3,False,0.15,0.075,0.3,0.9867111274660689,1.9161354494055043,-0.28692166874044867,6.842819020820138,1.3404266800033504,1.7907184990426952,-0.3095357777357579,4.4818494658049906,1.8445998901656846,103.0,78.0,1123,48,disabled
3.5,12.0,2.5,-0.05,1.1,3,False,0.15,0.075,0.3,0.9660442778599498,1.8887930982751724,-0.2869216687404479,6.6005823354951145,1.3450698631857354,1.794279400792389,-0.3095357777357579,4.503631928781039,1.844027421994155,104.0,79.0,1385,52,disabled
3.0,12.0,2.5,-0.05,1.1,3,False,0.15,0.075,0.3,0.9660442778599498,1.8887930982751724,-0.2869216687404479,6.6005823354951145,1.3450698631857354,1.794279400792389,-0.3095357777357579,4.503631928781039,1.844027421994155,104.0,79.0,1385,52,disabled
2.5,12.0,2.5,-0.05,1.1,3,False,0.15,0.075,0.3,0.9660442778599498,1.8887930982751724,-0.2869216687404479,6.6005823354951145,1.3450698631857354,1.794279400792389,-0.3095357777357579,4.503631928781039,1.844027421994155,104.0,79.0,1385,52,disabled
3.0,12.0,2.5,-0.06,1.3,0,True,0.1,0.05,0.3,0.7850318616085092,1.9139307678593078,-0.2103355836661931,4.688468155736709,1.2440521256478903,1.7920671991479242,-0.3074241378260053,4.039485963560027,1.8439057796365295,111.0,86.0,783,31,tight
3.5,12.0,2.5,-0.06,1.3,0,True,0.1,0.05,0.3,0.7850318616085092,1.9139307678593078,-0.2103355836661931,4.688468155736709,1.2440521256478903,1.7920671991479242,-0.3074241378260053,4.039485963560027,1.8439057796365295,111.0,86.0,783,31,tight
2.5,12.0,2.5,-0.06,1.3,0,True,0.1,0.05,0.3,0.7850318616085092,1.9139307678593078,-0.2103355836661931,4.688468155736709,1.2440521256478903,1.7920671991479242,-0.3074241378260053,4.039485963560027,1.8439057796365295,111.0,86.0,783,31,tight
2.5,12.0,3.0,-0.06,1.2,0,True,0.1,0.05,0.3,0.7825574378526161,1.9097883276935343,-0.21102645415599364,4.664842956066077,1.2447149459877056,1.7926232251738237,-0.3088734727425865,4.042464764217801,1.8436214856663502,111.0,84.0,1000,45,tight
3.0,12.0,3.0,-0.06,1.2,0,True,0.1,0.05,0.3,0.7825574378526161,1.9097883276935343,-0.21102645415599364,4.664842956066077,1.2447149459877056,1.7926232251738237,-0.3088734727425865,4.042464764217801,1.8436214856663502,111.0,84.0,1000,45,tight
3.5,12.0,2.5,-0.06,1.1,0,True,0.1,0.05,0.3,0.7823053066191668,1.909493758334861,-0.2107043255106319,4.6624393469860905,1.2394954134628065,1.7882536355584993,-0.30742413782600486,4.019031341463084,1.8393625341270166,114.0,89.0,1275,55,tight
2.5,12.0,2.5,-0.06,1.1,0,True,0.1,0.05,0.3,0.7823053066191668,1.909493758334861,-0.2107043255106319,4.6624393469860905,1.2394954134628065,1.7882536355584993,-0.30742413782600486,4.019031341463084,1.8393625341270166,114.0,89.0,1275,55,tight
3.0,12.0,2.5,-0.06,1.1,0,True,0.1,0.05,0.3,0.7823053066191668,1.909493758334861,-0.2107043255106319,4.6624393469860905,1.2394954134628065,1.7882536355584993,-0.30742413782600486,4.019031341463084,1.8393625341270166,114.0,89.0,1275,55,tight
3.5,12.0,2.5,-0.05,1.3,0,True,0.2,0.1,0.5,0.9473067242314028,1.9428402529980096,-0.2320712221268051,6.3853167439100655,1.3031509722524812,1.7652334022695406,-0.31851204445035863,4.308544663254792,1.8386591360524185,115.0,87.0,920,51,mild
3.0,12.0,2.5,-0.05,1.3,0,True,0.2,0.1,0.5,0.9473067242314028,1.9428402529980096,-0.2320712221268051,6.3853167439100655,1.3031509722524812,1.7652334022695406,-0.31851204445035863,4.308544663254792,1.8386591360524185,115.0,87.0,920,51,mild
2.5,12.0,2.5,-0.05,1.3,0,True,0.2,0.1,0.5,0.9473067242314028,1.9428402529980096,-0.2320712221268051,6.3853167439100655,1.3031509722524812,1.7652334022695406,-0.31851204445035863,4.308544663254792,1.8386591360524185,115.0,87.0,920,51,mild
3.5,12.0,2.5,-0.06,1.2,0,True,0.1,0.05,0.3,0.7827888849039943,1.9101884745615425,-0.21092852962524822,4.667049978106955,1.2377843613544997,1.786794226506139,-0.30742413782600486,4.0113613479329135,1.8378877386743138,114.0,88.0,1000,45,tight
3.0,12.0,2.5,-0.06,1.2,0,True,0.1,0.05,0.3,0.7827888849039943,1.9101884745615425,-0.21092852962524822,4.667049978106955,1.2377843613544997,1.786794226506139,-0.30742413782600486,4.0113613479329135,1.8378877386743138,114.0,88.0,1000,45,tight
2.5,12.0,2.5,-0.06,1.2,0,True,0.1,0.05,0.3,0.7827888849039943,1.9101884745615425,-0.21092852962524822,4.667049978106955,1.2377843613544997,1.786794226506139,-0.30742413782600486,4.0113613479329135,1.8378877386743138,114.0,88.0,1000,45,tight
3.0,12.0,3.0,-0.06,1.1,3,False,0.15,0.075,0.3,1.0119050220108057,1.9431661400761684,-0.26356194632606966,7.145011342433742,1.3100196860860644,1.7660757978128703,-0.31478272924747497,4.340269859954457,1.8366758290519967,102.0,79.0,1275,38,disabled
2.5,12.0,3.0,-0.06,1.1,3,False,0.15,0.075,0.3,1.0119050220108057,1.9431661400761684,-0.26356194632606966,7.145011342433742,1.3100196860860644,1.7660757978128703,-0.31478272924747497,4.340269859954457,1.8366758290519967,102.0,79.0,1275,38,disabled
2.5,12.0,3.0,-0.06,1.2,3,False,0.15,0.075,0.3,1.0229702628129616,1.957671127101034,-0.26356194632606966,7.2801519981839125,1.3054459014300965,1.7625189953036744,-0.31478272924747497,4.319133956970422,1.835332074703232,101.0,78.0,1000,33,disabled
3.0,12.0,3.0,-0.06,1.2,3,False,0.15,0.075,0.3,1.0229702628129616,1.957671127101034,-0.26356194632606966,7.2801519981839125,1.3054459014300965,1.7625189953036744,-0.31478272924747497,4.319133956970422,1.835332074703232,101.0,78.0,1000,33,disabled
2.5,10.0,3.0,-0.06,1.2,3,True,0.15,0.075,0.3,0.743611694076858,1.8438064892889716,-0.20390429666232723,4.301568864739424,1.2348901322647028,1.7872568757527973,-0.3096914046428969,3.998400980390886,1.8340270662370053,103.0,78.0,1000,33,
3.5,10.0,3.0,-0.06,1.2,3,True,0.15,0.075,0.3,0.743611694076858,1.8438064892889716,-0.20390429666232723,4.301568864739424,1.2348901322647028,1.7872568757527973,-0.3096914046428969,3.998400980390886,1.8340270662370053,103.0,78.0,1000,33,
3.0,10.0,3.0,-0.06,1.2,3,True,0.15,0.075,0.3,0.743611694076858,1.8438064892889716,-0.20390429666232723,4.301568864739424,1.2348901322647028,1.7872568757527973,-0.3096914046428969,3.998400980390886,1.8340270662370053,103.0,78.0,1000,33,
2.5,12.0,2.5,-0.05,1.1,0,True,0.2,0.1,0.5,0.9418066005880263,1.9354831658295308,-0.2322431550815437,6.3229096261788245,1.2983420814589541,1.7615344055249027,-0.31826123292807296,4.286389647657051,1.8337741481017362,118.0,90.0,1385,70,mild
3.5,12.0,2.5,-0.05,1.1,0,True,0.2,0.1,0.5,0.9418066005880263,1.9354831658295308,-0.2322431550815437,6.3229096261788245,1.2983420814589541,1.7615344055249027,-0.31826123292807296,4.286389647657051,1.8337741481017362,118.0,90.0,1385,70,mild
3.0,12.0,2.5,-0.05,1.1,0,True,0.2,0.1,0.5,0.9418066005880263,1.9354831658295308,-0.2322431550815437,6.3229096261788245,1.2983420814589541,1.7615344055249027,-0.31826123292807296,4.286389647657051,1.8337741481017362,118.0,90.0,1385,70,mild
3.0,12.0,2.5,-0.05,1.2,0,True,0.2,0.1,0.5,0.9444248308807459,1.9389803161102535,-0.23314640158886268,6.352573327663421,1.2965860684568957,1.760160736840802,-0.31826123292807296,4.278311081966392,1.83247250222252,118.0,89.0,1123,62,mild
2.5,12.0,2.5,-0.05,1.2,0,True,0.2,0.1,0.5,0.9444248308807459,1.9389803161102535,-0.23314640158886268,6.352573327663421,1.2965860684568957,1.760160736840802,-0.31826123292807296,4.278311081966392,1.83247250222252,118.0,89.0,1123,62,mild
3.5,12.0,2.5,-0.05,1.2,0,True,0.2,0.1,0.5,0.9444248308807459,1.9389803161102535,-0.23314640158886268,6.352573327663421,1.2965860684568957,1.760160736840802,-0.31826123292807296,4.278311081966392,1.83247250222252,118.0,89.0,1123,62,mild
2.5,10.0,3.0,-0.05,1.2,3,True,0.15,0.075,0.3,0.7400900419797452,1.8403274696348697,-0.2051326683478515,4.2695078099448365,1.2299788523680548,1.78401971098294,-0.3096914046428969,3.9764466682973056,1.8294713852049633,105.0,78.0,1123,48,
3.0,10.0,3.0,-0.05,1.2,3,True,0.15,0.075,0.3,0.7400900419797452,1.8403274696348697,-0.2051326683478515,4.2695078099448365,1.2299788523680548,1.78401971098294,-0.3096914046428969,3.9764466682973056,1.8294713852049633,105.0,78.0,1123,48,
3.5,10.0,3.0,-0.05,1.2,3,True,0.15,0.075,0.3,0.7400900419797452,1.8403274696348697,-0.2051326683478515,4.2695078099448365,1.2299788523680548,1.78401971098294,-0.3096914046428969,3.9764466682973056,1.8294713852049633,105.0,78.0,1123,48,
2.5,12.0,2.5,-0.05,1.3,0,True,0.1,0.05,0.3,0.7627749366022236,1.8791057357868972,-0.21231411377793785,4.4783121187576596,1.2307482986926392,1.7809352841003938,-0.3081574225371747,3.9798830393318356,1.8273332145318697,115.0,87.0,920,51,tight
3.0,12.0,2.5,-0.05,1.3,0,True,0.1,0.05,0.3,0.7627749366022236,1.8791057357868972,-0.21231411377793785,4.4783121187576596,1.2307482986926392,1.7809352841003938,-0.3081574225371747,3.9798830393318356,1.8273332145318697,115.0,87.0,920,51,tight
3.5,12.0,2.5,-0.05,1.3,0,True,0.1,0.05,0.3,0.7627749366022236,1.8791057357868972,-0.21231411377793785,4.4783121187576596,1.2307482986926392,1.7809352841003938,-0.3081574225371747,3.9798830393318356,1.8273332145318697,115.0,87.0,920,51,tight
3.5,12.0,2.5,-0.06,1.1,3,True,0.2,0.1,0.5,0.9175697532384621,1.9594915497785645,-0.24582564310717048,6.052092872438984,1.307314942528547,1.7659088524754862,-0.3095357777357589,4.327765911295871,1.8265099815695933,104.0,80.0,1275,38,mild
2.5,12.0,2.5,-0.06,1.1,3,True,0.2,0.1,0.5,0.9175697532384621,1.9594915497785645,-0.24582564310717048,6.052092872438984,1.307314942528547,1.7659088524754862,-0.3095357777357589,4.327765911295871,1.8265099815695933,104.0,80.0,1275,38,mild
3.0,12.0,2.5,-0.06,1.1,3,True,0.2,0.1,0.5,0.9175697532384621,1.9594915497785645,-0.24582564310717048,6.052092872438984,1.307314942528547,1.7659088524754862,-0.3095357777357589,4.327765911295871,1.8265099815695933,104.0,80.0,1275,38,mild
3.5,12.0,2.5,-0.06,1.2,3,True,0.2,0.1,0.5,0.9329335505751906,1.9826423388398213,-0.2458256431071707,6.222974382785439,1.3027465132012184,1.7623463962204649,-0.3095357777357589,4.3066794968681625,1.8260202847819176,103.0,79.0,1000,33,mild
3.0,12.0,2.5,-0.06,1.2,3,True,0.2,0.1,0.5,0.9329335505751906,1.9826423388398213,-0.2458256431071707,6.222974382785439,1.3027465132012184,1.7623463962204649,-0.3095357777357589,4.3066794968681625,1.8260202847819176,103.0,79.0,1000,33,mild
2.5,12.0,2.5,-0.06,1.2,3,True,0.2,0.1,0.5,0.9329335505751906,1.9826423388398213,-0.2458256431071707,6.222974382785439,1.3027465132012184,1.7623463962204649,-0.3095357777357589,4.3066794968681625,1.8260202847819176,103.0,79.0,1000,33,mild
2.5,10.0,3.5,-0.06,1.2,3,True,0.15,0.075,0.3,0.7327537927158694,1.8247518407600285,-0.20962575958837248,4.203134388783383,1.2303837320414668,1.7833593869162807,-0.3138220252576518,3.978254725499367,1.8250972656652682,103.0,78.0,1000,33,
3.5,10.0,3.5,-0.06,1.2,3,True,0.15,0.075,0.3,0.728561525689587,1.817293654775175,-0.20962575958837137,4.165457058852906,1.2303837320414668,1.7833593869162807,-0.3138220252576518,3.978254725499367,1.8242588122600125,103.0,78.0,1000,33,
3.0,10.0,3.5,-0.06,1.2,3,True,0.15,0.075,0.3,0.728561525689587,1.817293654775175,-0.20962575958837137,4.165457058852906,1.2303837320414668,1.7833593869162807,-0.3138220252576518,3.978254725499367,1.8242588122600125,103.0,78.0,1000,33,
3.0,12.0,2.5,-0.05,1.1,0,True,0.1,0.05,0.3,0.7577463941811822,1.8705761098693083,-0.21275253372433922,4.431559419049402,1.2262186009025018,1.7771207715377026,-0.30815742253717493,3.9596703377997766,1.8222937835117694,118.0,90.0,1385,70,tight
3.5,12.0,2.5,-0.05,1.1,0,True,0.1,0.05,0.3,0.7577463941811822,1.8705761098693083,-0.21275253372433922,4.431559419049402,1.2262186009025018,1.7771207715377026,-0.30815742253717493,3.9596703377997766,1.8222937835117694,118.0,90.0,1385,70,tight
2.5,12.0,2.5,-0.05,1.1,0,True,0.1,0.05,0.3,0.7577463941811822,1.8705761098693083,-0.21275253372433922,4.431559419049402,1.2262186009025018,1.7771207715377026,-0.30815742253717493,3.9596703377997766,1.8222937835117694,118.0,90.0,1385,70,tight
3.0,12.0,2.5,-0.05,1.2,0,True,0.1,0.05,0.3,0.7604948500529742,1.8752424362209514,-0.2129761560332727,4.4570799875150415,1.224517692739115,1.7756612183757703,-0.30815742253717493,3.952091058688998,1.8212721103697287,118.0,89.0,1123,62,tight
2.5,12.0,2.5,-0.05,1.2,0,True,0.1,0.05,0.3,0.7604948500529742,1.8752424362209514,-0.2129761560332727,4.4570799875150415,1.224517692739115,1.7756612183757703,-0.30815742253717493,3.952091058688998,1.8212721103697287,118.0,89.0,1123,62,tight
3.5,12.0,2.5,-0.05,1.2,0,True,0.1,0.05,0.3,0.7604948500529742,1.8752424362209514,-0.2129761560332727,4.4570799875150415,1.224517692739115,1.7756612183757703,-0.30815742253717493,3.952091058688998,1.8212721103697287,118.0,89.0,1123,62,tight
2.5,10.0,3.5,-0.05,1.2,3,True,0.15,0.075,0.3,0.7324739556764788,1.826930004010022,-0.21084530308523775,4.200613709936397,1.225482355178753,1.7801193686432935,-0.3138220252576518,3.956388901137985,1.8211915082359704,105.0,78.0,1123,48,
3.5,10.0,3.5,-0.05,1.2,3,True,0.15,0.075,0.3,0.7282823656947925,1.819458102896962,-0.21084530308523775,4.162954632936067,1.225482355178753,1.7801193686432935,-0.3138220252576518,3.956388901137985,1.820353190239633,105.0,78.0,1123,48,
3.0,10.0,3.5,-0.05,1.2,3,True,0.15,0.075,0.3,0.7282823656947925,1.819458102896962,-0.21084530308523775,4.162954632936067,1.225482355178753,1.7801193686432935,-0.3138220252576518,3.956388901137985,1.820353190239633,105.0,78.0,1123,48,
3.0,12.0,2.5,-0.05,1.2,3,True,0.2,0.1,0.5,0.9073174846596512,1.9496750604058082,-0.2480397319482841,5.939576214441274,1.297836365953196,1.7593301979233176,-0.3095357777357589,4.284062461803641,1.8167738288811057,103.0,78.0,1123,48,mild
2.5,12.0,2.5,-0.05,1.2,3,True,0.2,0.1,0.5,0.9073174846596512,1.9496750604058082,-0.2480397319482841,5.939576214441274,1.297836365953196,1.7593301979233176,-0.3095357777357589,4.284062461803641,1.8167738288811057,103.0,78.0,1123,48,mild
3.5,12.0,2.5,-0.05,1.2,3,True,0.2,0.1,0.5,0.9073174846596512,1.9496750604058082,-0.2480397319482841,5.939576214441274,1.297836365953196,1.7593301979233176,-0.3095357777357589,4.284062461803641,1.8167738288811057,103.0,78.0,1123,48,mild
3.0,12.0,2.5,-0.05,1.1,3,True,0.2,0.1,0.5,0.8874765309036523,1.9195901736613676,-0.24803973194828388,5.725237475362369,1.3023950540169689,1.7628949938175396,-0.3095357777357589,4.305059006063995,1.8163704340241282,104.0,79.0,1385,52,mild
2.5,12.0,2.5,-0.05,1.1,3,True,0.2,0.1,0.5,0.8874765309036523,1.9195901736613676,-0.24803973194828388,5.725237475362369,1.3023950540169689,1.7628949938175396,-0.3095357777357589,4.305059006063995,1.8163704340241282,104.0,79.0,1385,52,mild
3.5,12.0,2.5,-0.05,1.1,3,True,0.2,0.1,0.5,0.8874765309036523,1.9195901736613676,-0.24803973194828388,5.725237475362369,1.3023950540169689,1.7628949938175396,-0.3095357777357589,4.305059006063995,1.8163704340241282,104.0,79.0,1385,52,mild
3.0,10.0,3.0,-0.04,1.2,3,True,0.15,0.075,0.3,0.7023978362961005,1.7741612432743115,-0.20550986260615545,3.9344175136598336,1.2232243173625337,1.7803750027587355,-0.3188721806210061,3.9463316342901784,1.8118858792304537,108.0,79.0,1305,60,
2.5,10.0,3.0,-0.04,1.2,3,True,0.15,0.075,0.3,0.7023978362961005,1.7741612432743115,-0.20550986260615545,3.9344175136598336,1.2232243173625337,1.7803750027587355,-0.3188721806210061,3.9463316342901784,1.8118858792304537,108.0,79.0,1305,60,
3.5,10.0,3.0,-0.04,1.2,3,True,0.15,0.075,0.3,0.7023978362961005,1.7741612432743115,-0.20550986260615545,3.9344175136598336,1.2232243173625337,1.7803750027587355,-0.3188721806210061,3.9463316342901784,1.8118858792304537,108.0,79.0,1305,60,
3.0,12.0,2.5,-0.06,1.1,3,True,0.1,0.05,0.3,0.7490548125958087,1.916687490727725,-0.2178483344024047,4.351378334056446,1.217554990870274,1.7665139778741121,-0.3058065874805327,3.9211255755822716,1.8074007731920716,104.0,80.0,1275,38,tight
2.5,12.0,2.5,-0.06,1.1,3,True,0.1,0.05,0.3,0.7490548125958087,1.916687490727725,-0.2178483344024047,4.351378334056446,1.217554990870274,1.7665139778741121,-0.3058065874805327,3.9211255755822716,1.8074007731920716,104.0,80.0,1275,38,tight
3.5,12.0,2.5,-0.06,1.1,3,True,0.1,0.05,0.3,0.7490548125958087,1.916687490727725,-0.2178483344024047,4.351378334056446,1.217554990870274,1.7665139778741121,-0.3058065874805327,3.9211255755822716,1.8074007731920716,104.0,80.0,1275,38,tight
3.0,12.0,2.5,-0.06,1.3,3,True,0.15,0.075,0.3,0.8234233488976666,1.9342558596991875,-0.23184458654818596,5.0634815087934655,1.2503377654261247,1.7580811530367835,-0.29146186506544614,4.067769862320293,1.806843529542224,101.0,79.0,783,23,current
3.5,12.0,2.5,-0.06,1.3,3,True,0.15,0.075,0.3,0.8234233488976666,1.9342558596991875,-0.23184458654818596,5.0634815087934655,1.2503377654261247,1.7580811530367835,-0.29146186506544614,4.067769862320293,1.806843529542224,101.0,79.0,783,23,current
2.5,12.0,2.5,-0.06,1.3,3,True,0.15,0.075,0.3,0.8234233488976666,1.9342558596991875,-0.23184458654818596,5.0634815087934655,1.2503377654261247,1.7580811530367835,-0.29146186506544614,4.067769862320293,1.806843529542224,101.0,79.0,783,23,current
2.5,12.0,2.5,-0.06,1.2,3,True,0.1,0.05,0.3,0.7640002486270956,1.9453729537066242,-0.21784833440240392,4.489744922857813,1.2131642841364303,1.7627302179407855,-0.3058065874805327,3.901648576204817,1.8066061004650027,103.0,79.0,1000,33,tight
3.0,12.0,2.5,-0.06,1.2,3,True,0.1,0.05,0.3,0.7640002486270956,1.9453729537066242,-0.21784833440240392,4.489744922857813,1.2131642841364303,1.7627302179407855,-0.3058065874805327,3.901648576204817,1.8066061004650027,103.0,79.0,1000,33,tight
3.5,12.0,2.5,-0.06,1.2,3,True,0.1,0.05,0.3,0.7640002486270956,1.9453729537066242,-0.21784833440240392,4.489744922857813,1.2131642841364303,1.7627302179407855,-0.3058065874805327,3.901648576204817,1.8066061004650027,103.0,79.0,1000,33,tight
2.5,12.0,3.0,-0.06,1.1,3,True,0.2,0.1,0.5,0.9303536635182983,1.9770047004245894,-0.23117881502123272,6.1940892560042,1.267982708498578,1.734688216789379,-0.31513769809993264,4.147591096564862,1.8051695419824223,102.0,79.0,1275,38,mild
3.0,12.0,3.0,-0.06,1.1,3,True,0.2,0.1,0.5,0.9303536635182983,1.9770047004245894,-0.23117881502123272,6.1940892560042,1.267982708498578,1.734688216789379,-0.31513769809993264,4.147591096564862,1.8051695419824223,102.0,79.0,1275,38,mild
3.0,12.0,3.0,-0.06,1.2,3,True,0.2,0.1,0.5,0.9458198870673611,2.0001600234187884,-0.23117881502123327,6.368411525984185,1.2634921560696908,1.7311275294186228,-0.31513769809993264,4.127217784190831,1.8047020993214784,101.0,78.0,1000,33,mild
2.5,12.0,3.0,-0.06,1.2,3,True,0.2,0.1,0.5,0.9458198870673611,2.0001600234187884,-0.23117881502123327,6.368411525984185,1.2634921560696908,1.7311275294186228,-0.31513769809993264,4.127217784190831,1.8047020993214784,101.0,78.0,1000,33,mild
3.0,10.0,3.5,-0.04,1.2,3,True,0.15,0.075,0.3,0.6968712180972787,1.7642162227287759,-0.20852971249594743,3.8865128523184405,1.216565783335096,1.7745956116843729,-0.3229478659462848,3.9167341186958,1.799325610100258,108.0,79.0,1305,60,
3.5,10.0,3.5,-0.04,1.2,3,True,0.15,0.075,0.3,0.6968712180972787,1.7642162227287759,-0.20852971249594743,3.8865128523184405,1.216565783335096,1.7745956116843729,-0.3229478659462848,3.9167341186958,1.799325610100258,108.0,79.0,1305,60,
2.5,10.0,3.5,-0.04,1.2,3,True,0.15,0.075,0.3,0.6968712180972787,1.7642162227287759,-0.20852971249594743,3.8865128523184405,1.216565783335096,1.7745956116843729,-0.3229478659462848,3.9167341186958,1.799325610100258,108.0,79.0,1305,60,
2.5,12.0,2.5,-0.05,1.1,3,True,0.1,0.05,0.3,0.7224738058386164,1.8728933923452429,-0.21922944000018596,4.111069161980505,1.2128264975370548,1.7633915937420315,-0.30580658748053346,3.9001517689362135,1.7982716349096617,104.0,79.0,1385,52,tight
3.5,12.0,2.5,-0.05,1.1,3,True,0.1,0.05,0.3,0.7224738058386164,1.8728933923452429,-0.21922944000018596,4.111069161980505,1.2128264975370548,1.7633915937420315,-0.30580658748053346,3.9001517689362135,1.7982716349096617,104.0,79.0,1385,52,tight
3.0,12.0,2.5,-0.05,1.1,3,True,0.1,0.05,0.3,0.7224738058386164,1.8728933923452429,-0.21922944000018596,4.111069161980505,1.2128264975370548,1.7633915937420315,-0.30580658748053346,3.9001517689362135,1.7982716349096617,104.0,79.0,1385,52,tight
3.0,12.0,2.5,-0.05,1.3,3,True,0.15,0.075,0.3,0.7974523127803275,1.8959670960024306,-0.23302984650626657,4.808048478893243,1.245539369370504,1.7550051893683436,-0.29146186506544614,4.046171058634712,1.797980728671276,101.0,78.0,920,40,current
2.5,12.0,2.5,-0.05,1.3,3,True,0.15,0.075,0.3,0.7974523127803275,1.8959670960024306,-0.23302984650626657,4.808048478893243,1.245539369370504,1.7550051893683436,-0.29146186506544614,4.046171058634712,1.797980728671276,101.0,78.0,920,40,current
3.5,12.0,2.5,-0.05,1.3,3,True,0.15,0.075,0.3,0.7974523127803275,1.8959670960024306,-0.23302984650626657,4.808048478893243,1.245539369370504,1.7550051893683436,-0.29146186506544614,4.046171058634712,1.797980728671276,101.0,78.0,920,40,current
3.5,12.0,2.5,-0.05,1.2,3,True,0.1,0.05,0.3,0.7397718294585707,1.9063715867015116,-0.2192294400001854,4.2666171936535795,1.2084451531088165,1.7596050276064692,-0.30580658748053346,3.8807577804091684,1.7979446734980906,103.0,78.0,1123,48,tight
3.0,12.0,2.5,-0.05,1.2,3,True,0.1,0.05,0.3,0.7397718294585707,1.9063715867015116,-0.2192294400001854,4.2666171936535795,1.2084451531088165,1.7596050276064692,-0.30580658748053346,3.8807577804091684,1.7979446734980906,103.0,78.0,1123,48,tight
2.5,12.0,2.5,-0.05,1.2,3,True,0.1,0.05,0.3,0.7397718294585707,1.9063715867015116,-0.2192294400001854,4.2666171936535795,1.2084451531088165,1.7596050276064692,-0.30580658748053346,3.8807577804091684,1.7979446734980906,103.0,78.0,1123,48,tight
3.0,12.0,3.0,-0.06,1.3,3,True,0.15,0.075,0.3,0.8353838995440965,1.9527083383292654,-0.21220242245730614,5.183593376829239,1.2172752225614087,1.7301654039895784,-0.309691404642897,3.9198833820372485,1.7911409726697447,99.0,77.0,783,23,current
2.5,12.0,3.0,-0.06,1.3,3,True,0.15,0.075,0.3,0.8353838995440965,1.9527083383292654,-0.21220242245730614,5.183593376829239,1.2172752225614087,1.7301654039895784,-0.309691404642897,3.9198833820372485,1.7911409726697447,99.0,77.0,783,23,current
3.0,12.0,3.0,-0.06,1.1,3,True,0.1,0.05,0.3,0.752786030019726,1.9232931019178663,-0.21161709579567234,4.385701972743266,1.193041206114283,1.7451106607337923,-0.30725930740130447,3.8128777327994667,1.7898593188399015,102.0,79.0,1275,38,tight
2.5,12.0,3.0,-0.06,1.1,3,True,0.1,0.05,0.3,0.752786030019726,1.9232931019178663,-0.21161709579567234,4.385701972743266,1.193041206114283,1.7451106607337923,-0.30725930740130447,3.8128777327994667,1.7898593188399015,102.0,79.0,1275,38,tight
2.5,12.0,3.0,-0.06,1.2,3,True,0.1,0.05,0.3,0.7677633487975799,1.951984161419174,-0.21161709579567278,4.524956042209184,1.1886990360977898,1.7413280739173915,-0.30725930740130447,3.793829160442235,1.7890721957790712,101.0,78.0,1000,33,tight
3.0,12.0,3.0,-0.06,1.2,3,True,0.1,0.05,0.3,0.7677633487975799,1.951984161419174,-0.21161709579567278,4.524956042209184,1.1886990360977898,1.7413280739173915,-0.30725930740130447,3.793829160442235,1.7890721957790712,101.0,78.0,1000,33,tight
3.5,10.0,2.5,-0.04,1.2,3,True,0.15,0.075,0.3,0.6899900536260288,1.7525937890745897,-0.22495110268156748,3.8273016558058472,1.2395829887827041,1.794860764694364,-0.3061977747999769,4.019424066043721,1.7781162484590116,109.0,81.0,1305,60,
3.0,10.0,2.5,-0.04,1.2,3,True,0.15,0.075,0.3,0.6899900536260288,1.7525937890745897,-0.22495110268156748,3.8273016558058472,1.2395829887827041,1.794860764694364,-0.3061977747999769,4.019424066043721,1.7781162484590116,109.0,81.0,1305,60,
2.5,10.0,2.5,-0.04,1.2,3,True,0.15,0.075,0.3,0.6899900536260288,1.7525937890745897,-0.22495110268156748,3.8273016558058472,1.2395829887827041,1.794860764694364,-0.3061977747999769,4.019424066043721,1.7781162484590116,109.0,81.0,1305,60,
2.5,12.0,2.5,-0.06,1.3,3,False,0.15,0.075,0.3,1.004803803027241,1.9341332145658363,-0.2702436000570674,7.05906301214668,1.2040160334367247,1.6835294300192407,-0.3095357777357579,3.8611914194197743,1.7493683905961552,101.0,79.0,783,23,disabled
3.0,12.0,2.5,-0.06,1.3,3,False,0.15,0.075,0.3,1.004803803027241,1.9341332145658363,-0.2702436000570674,7.05906301214668,1.2040160334367247,1.6835294300192407,-0.3095357777357579,3.8611914194197743,1.7493683905961552,101.0,79.0,783,23,disabled
3.5,12.0,2.5,-0.06,1.3,3,False,0.15,0.075,0.3,1.004803803027241,1.9341332145658363,-0.2702436000570674,7.05906301214668,1.2040160334367247,1.6835294300192407,-0.3095357777357579,3.8611914194197743,1.7493683905961552,101.0,79.0,783,23,disabled
3.0,12.0,2.5,-0.05,1.3,3,False,0.15,0.075,0.3,0.9815593075016547,1.9082328485235733,-0.2745023188761193,6.781959906534041,1.1993164092274893,1.6804617455749993,-0.3095357777357579,3.8404730517751444,1.7395224476372706,101.0,78.0,920,40,disabled
3.5,12.0,2.5,-0.05,1.3,3,False,0.15,0.075,0.3,0.9815593075016547,1.9082328485235733,-0.2745023188761193,6.781959906534041,1.1993164092274893,1.6804617455749993,-0.3095357777357579,3.8404730517751444,1.7395224476372706,101.0,78.0,920,40,disabled
2.5,12.0,2.5,-0.05,1.3,3,False,0.15,0.075,0.3,0.9815593075016547,1.9082328485235733,-0.2745023188761193,6.781959906534041,1.1993164092274893,1.6804617455749993,-0.3095357777357579,3.8404730517751444,1.7395224476372706,101.0,78.0,920,40,disabled
2.5,12.0,3.0,-0.06,1.3,3,False,0.15,0.075,0.3,1.0187155198135498,1.9509816611483053,-0.2507357511648345,7.228013011608171,1.1716340614058662,1.656535772965579,-0.31478272924747497,3.7193332631634695,1.7349110013458717,99.0,77.0,783,23,disabled
3.0,12.0,3.0,-0.06,1.3,3,False,0.15,0.075,0.3,1.0187155198135498,1.9509816611483053,-0.2507357511648345,7.228013011608171,1.1716340614058662,1.656535772965579,-0.31478272924747497,3.7193332631634695,1.7349110013458717,99.0,77.0,783,23,disabled
2.5,12.0,2.5,-0.06,1.3,3,True,0.2,0.1,0.5,0.9233333838025259,1.9673845360479485,-0.23927737440016872,6.115878395638197,1.1639080754145104,1.6520089412387566,-0.3095357777357589,3.685797970051696,1.7170369307991775,101.0,79.0,783,23,mild
3.5,12.0,2.5,-0.06,1.3,3,True,0.2,0.1,0.5,0.9233333838025259,1.9673845360479485,-0.23927737440016872,6.115878395638197,1.1639080754145104,1.6520089412387566,-0.3095357777357589,3.685797970051696,1.7170369307991775,101.0,79.0,783,23,mild
3.0,12.0,2.5,-0.06,1.3,3,True,0.2,0.1,0.5,0.9233333838025259,1.9673845360479485,-0.23927737440016872,6.115878395638197,1.1639080754145104,1.6520089412387566,-0.3095357777357589,3.685797970051696,1.7170369307991775,101.0,79.0,783,23,mild
3.5,12.0,2.5,-0.05,1.3,3,True,0.2,0.1,0.5,0.8969127838646875,1.9330662453124823,-0.24151068750758053,5.826616841600591,1.1592939734191066,1.6489179618437373,-0.3095357777357589,3.665827128199182,1.7075451748628845,101.0,78.0,920,40,mild
3.0,12.0,2.5,-0.05,1.3,3,True,0.2,0.1,0.5,0.8969127838646875,1.9330662453124823,-0.24151068750758053,5.826616841600591,1.1592939734191066,1.6489179618437373,-0.3095357777357589,3.665827128199182,1.7075451748628845,101.0,78.0,920,40,mild
2.5,12.0,2.5,-0.05,1.3,3,True,0.2,0.1,0.5,0.8969127838646875,1.9330662453124823,-0.24151068750758053,5.826616841600591,1.1592939734191066,1.6489179618437373,-0.3095357777357589,3.665827128199182,1.7075451748628845,101.0,78.0,920,40,mild
2.5,12.0,3.0,-0.06,1.3,3,True,0.2,0.1,0.5,0.9361557186225351,1.9848912753621362,-0.2245033723190748,6.25915912326722,1.1321153798476988,1.6249967216250936,-0.31513769809993264,3.5490581046010874,1.6999761791900632,99.0,77.0,783,23,mild
3.0,12.0,3.0,-0.06,1.3,3,True,0.2,0.1,0.5,0.9361557186225351,1.9848912753621362,-0.2245033723190748,6.25915912326722,1.1321153798476988,1.6249967216250936,-0.31513769809993264,3.5490581046010874,1.6999761791900632,99.0,77.0,783,23,mild
3.0,12.0,2.5,-0.06,1.3,3,True,0.1,0.05,0.3,0.7532188506673707,1.9238955992544662,-0.21377841248219975,4.389692983665146,1.0797269865384087,1.6456630383408442,-0.30580658748053424,3.328155669066205,1.6894176022332186,101.0,79.0,783,23,tight
2.5,12.0,2.5,-0.06,1.3,3,True,0.1,0.05,0.3,0.7532188506673707,1.9238955992544662,-0.21377841248219975,4.389692983665146,1.0797269865384087,1.6456630383408442,-0.30580658748053424,3.328155669066205,1.6894176022332186,101.0,79.0,783,23,tight
3.5,12.0,2.5,-0.06,1.3,3,True,0.1,0.05,0.3,0.7532188506673707,1.9238955992544662,-0.21377841248219975,4.389692983665146,1.0797269865384087,1.6456630383408442,-0.30580658748053424,3.328155669066205,1.6894176022332186,101.0,79.0,783,23,tight
2.5,12.0,2.5,-0.05,1.3,3,True,0.1,0.05,0.3,0.7282895810447132,1.8833245185669518,-0.21516670465541587,4.16301930207874,1.0752923839101767,1.6424484394617485,-0.305806587480534,3.309709096479751,1.6805230033429832,101.0,78.0,920,40,tight
3.0,12.0,2.5,-0.05,1.3,3,True,0.1,0.05,0.3,0.7282895810447132,1.8833245185669518,-0.21516670465541587,4.16301930207874,1.0752923839101767,1.6424484394617485,-0.305806587480534,3.309709096479751,1.6805230033429832,101.0,78.0,920,40,tight
3.5,12.0,2.5,-0.05,1.3,3,True,0.1,0.05,0.3,0.7282895810447132,1.8833245185669518,-0.21516670465541587,4.16301930207874,1.0752923839101767,1.6424484394617485,-0.305806587480534,3.309709096479751,1.6805230033429832,101.0,78.0,920,40,tight
2.5,12.0,3.0,-0.06,1.3,3,True,0.1,0.05,0.3,0.7569589511355965,1.9304995924588941,-0.2075147496594104,4.424262371784589,1.0616633745375528,1.6287075772459676,-0.307259307401305,3.2532633315524917,1.6763419926433818,99.0,77.0,783,23,tight
3.0,12.0,3.0,-0.06,1.3,3,True,0.1,0.05,0.3,0.7569589511355965,1.9304995924588941,-0.2075147496594104,4.424262371784589,1.0616633745375528,1.6287075772459676,-0.307259307401305,3.2532633315524917,1.6763419926433818,99.0,77.0,783,23,tight
2.5,8.0,3.0,-0.05,1.2,3,True,0.15,0.075,0.3,0.6111006814932729,1.6193668170024602,-0.21748977784356316,3.1823011370165197,1.154407608876542,1.7483353630280227,-0.29684616322069546,3.6447243935177713,1.632842064379333,111.0,80.0,1123,48,
3.0,8.0,3.0,-0.05,1.2,3,True,0.15,0.075,0.3,0.6111006814932729,1.6193668170024602,-0.21748977784356316,3.1823011370165197,1.154407608876542,1.7483353630280227,-0.29684616322069546,3.6447243935177713,1.632842064379333,111.0,80.0,1123,48,
3.5,8.0,3.0,-0.05,1.2,3,True,0.15,0.075,0.3,0.6111006814932729,1.6193668170024602,-0.21748977784356316,3.1823011370165197,1.154407608876542,1.7483353630280227,-0.29684616322069546,3.6447243935177713,1.632842064379333,111.0,80.0,1123,48,
2.5,8.0,3.5,-0.05,1.2,3,True,0.15,0.075,0.3,0.6040491602860454,1.6058568458951417,-0.22311360322856255,3.1276212915373485,1.15006349245246,1.7443397813908688,-0.29684616322069546,3.6260036462428262,1.6151098763380696,111.0,80.0,1123,48,
3.0,8.0,3.5,-0.05,1.2,3,True,0.15,0.075,0.3,0.6001682844042715,1.5983324504252265,-0.22311360322856177,3.0977320483218422,1.15006349245246,1.7443397813908688,-0.29684616322069546,3.6260036462428262,1.6068093056917998,111.0,80.0,1123,48,
3.5,8.0,3.5,-0.05,1.2,3,True,0.15,0.075,0.3,0.6001682844042715,1.5983324504252265,-0.22311360322856177,3.0977320483218422,1.15006349245246,1.7443397813908688,-0.29684616322069546,3.6260036462428262,1.6068093056917998,111.0,80.0,1123,48,
3.5,8.0,2.5,-0.05,1.2,3,True,0.15,0.075,0.3,0.6022195249062192,1.6031146145872088,-0.23700011225501194,3.113511991165268,1.1842143712446798,1.7758137384255397,-0.29146186506544414,3.774195148495762,1.6050584634409466,112.0,82.0,1123,48,
3.0,8.0,2.5,-0.05,1.2,3,True,0.15,0.075,0.3,0.6022195249062192,1.6031146145872088,-0.23700011225501194,3.113511991165268,1.1842143712446798,1.7758137384255397,-0.29146186506544414,3.774195148495762,1.6050584634409466,112.0,82.0,1123,48,
2.5,8.0,2.5,-0.05,1.2,3,True,0.15,0.075,0.3,0.6022195249062192,1.6031146145872088,-0.23700011225501194,3.113511991165268,1.1842143712446798,1.7758137384255397,-0.29146186506544414,3.774195148495762,1.6050584634409466,112.0,82.0,1123,48,
3.0,8.0,3.0,-0.04,1.2,3,True,0.15,0.075,0.3,0.585716613791617,1.568652586783898,-0.21786110819154603,2.9876993861952927,1.1478819767635429,1.7446141045718322,-0.3061977747999769,3.6166167813221746,1.5768653554464485,113.0,81.0,1305,59,
3.5,8.0,3.0,-0.04,1.2,3,True,0.15,0.075,0.3,0.585716613791617,1.568652586783898,-0.21786110819154603,2.9876993861952927,1.1478819767635429,1.7446141045718322,-0.3061977747999769,3.6166167813221746,1.5768653554464485,113.0,81.0,1305,59,
2.5,8.0,3.0,-0.04,1.2,3,True,0.15,0.075,0.3,0.585716613791617,1.568652586783898,-0.21786110819154603,2.9876993861952927,1.1478819767635429,1.7446141045718322,-0.3061977747999769,3.6166167813221746,1.5768653554464485,113.0,81.0,1305,59,
2.5,8.0,3.5,-0.04,1.2,3,True,0.15,0.075,0.3,0.5805687863513393,1.5586438268886793,-0.22083401110759404,2.9489857207832886,1.1414490922734295,1.7386932430835667,-0.3061977747999769,3.588992190558539,1.5643405786051503,113.0,81.0,1305,59,
3.0,8.0,3.5,-0.04,1.2,3,True,0.15,0.075,0.3,0.5805687863513393,1.5586438268886793,-0.22083401110759404,2.9489857207832886,1.1414490922734295,1.7386932430835667,-0.3061977747999769,3.588992190558539,1.5643405786051503,113.0,81.0,1305,59,
3.5,8.0,3.5,-0.04,1.2,3,True,0.15,0.075,0.3,0.5805687863513393,1.5586438268886793,-0.22083401110759404,2.9489857207832886,1.1414490922734295,1.7386932430835667,-0.3061977747999769,3.588992190558539,1.5643405786051503,113.0,81.0,1305,59,
3.0,8.0,3.0,-0.06,1.2,3,True,0.15,0.075,0.3,0.5762879405182222,1.5569418281472198,-0.21628050258182718,2.9169835738587486,1.192447643669495,1.7810548466924303,-0.29684616322069546,3.810271616787306,1.5640591649599507,108.0,79.0,1000,33,
3.5,8.0,3.0,-0.06,1.2,3,True,0.15,0.075,0.3,0.5762879405182222,1.5569418281472198,-0.21628050258182718,2.9169835738587486,1.192447643669495,1.7810548466924303,-0.29684616322069546,3.810271616787306,1.5640591649599507,108.0,79.0,1000,33,
2.5,8.0,3.0,-0.06,1.2,3,True,0.15,0.075,0.3,0.5762879405182222,1.5569418281472198,-0.21628050258182718,2.9169835738587486,1.192447643669495,1.7810548466924303,-0.29684616322069546,3.810271616787306,1.5640591649599507,108.0,79.0,1000,33,
2.5,8.0,2.5,-0.04,1.2,3,True,0.15,0.075,0.3,0.5741592523448602,1.5468378307416564,-0.23700011225501239,2.901134793832827,1.1613921563777008,1.7573119388985847,-0.3061977747999769,3.674903232796998,1.5431696250831222,114.0,83.0,1305,59,
3.0,8.0,2.5,-0.04,1.2,3,True,0.15,0.075,0.3,0.5741592523448602,1.5468378307416564,-0.23700011225501239,2.901134793832827,1.1613921563777008,1.7573119388985847,-0.3061977747999769,3.674903232796998,1.5431696250831222,114.0,83.0,1305,59,
3.5,8.0,2.5,-0.04,1.2,3,True,0.15,0.075,0.3,0.5741592523448602,1.5468378307416564,-0.23700011225501239,2.901134793832827,1.1613921563777008,1.7573119388985847,-0.3061977747999769,3.674903232796998,1.5431696250831222,114.0,83.0,1305,59,
2.5,8.0,3.5,-0.06,1.2,3,True,0.15,0.075,0.3,0.5664720055638954,1.5376333353345246,-0.22191301891132886,2.8442567574656663,1.1880268238680007,1.7770625536546392,-0.29684616322069546,3.790883624813561,1.5399712269916392,108.0,79.0,1000,33,
2.5,8.0,2.5,-0.06,1.2,3,True,0.15,0.075,0.3,0.5683304399993918,1.5417933870164313,-0.2358209878642601,2.8579563127965986,1.2227806993318433,1.8085170768421839,-0.29146186506544414,3.9443569671998766,1.5375489810841796,110.0,81.0,1000,33,
3.0,8.0,2.5,-0.06,1.2,3,True,0.15,0.075,0.3,0.5683304399993918,1.5417933870164313,-0.2358209878642601,2.8579563127965986,1.2227806993318433,1.8085170768421839,-0.29146186506544414,3.9443569671998766,1.5375489810841796,110.0,81.0,1000,33,
3.5,8.0,2.5,-0.06,1.2,3,True,0.15,0.075,0.3,0.5683304399993918,1.5417933870164313,-0.2358209878642601,2.8579563127965986,1.2227806993318433,1.8085170768421839,-0.29146186506544414,3.9443569671998766,1.5375489810841796,110.0,81.0,1000,33,
3.0,8.0,3.5,-0.06,1.2,3,True,0.15,0.075,0.3,0.5626820447719314,1.5300883592771994,-0.22191301891132797,2.816419434927786,1.1880268238680007,1.7770625536546392,-0.29684616322069546,3.790883624813561,1.5316682587759218,108.0,79.0,1000,33,
3.5,8.0,3.5,-0.06,1.2,3,True,0.15,0.075,0.3,0.5626820447719314,1.5300883592771994,-0.22191301891132797,2.816419434927786,1.1880268238680007,1.7770625536546392,-0.29684616322069546,3.790883624813561,1.5316682587759218,108.0,79.0,1000,33,
