ema_fast,ema_slow,atr_period,adx_period,adx_enter,adx_exit,trend_separation_atr,rsi_period,rsi_entry,rsi_exit,bb_period,bb_std,mr_stop_atr,mr_max_bars,target_vol,max_leverage,trend_scale,rebound_scale,allow_short,rebalance_bars,vol_risk_enabled,realized_vol_period,vol_baseline_period,vol_shock_enter,vol_shock_exit,vol_shock_scale,vol_momentum_period,train_cagr,train_sharpe,train_max_drawdown,train_turnover_multiple,train_max_leverage_observed,validation_cagr,validation_sharpe,validation_max_drawdown,validation_turnover_multiple,validation_max_leverage_observed,pre_cagr,pre_sharpe,pre_max_drawdown,pre_turnover_multiple,pre_max_leverage_observed,score
30,120,20,14,27.0,18.0,0.15,14,27.0,52.0,24,2.0,2.2,18,1.15,6.0,1.35,0.65,False,72,True,12,90,1.25,1.1,0.25,36,0.8827969279601569,1.3499702439723924,-0.36029973728107023,300.5518667168461,5.097673112777707,2.1844322760001043,1.892315505424162,-0.3759611781575223,324.8948686140819,6.0,1.3231770969618228,1.5866800508390566,-0.3759611781575233,625.446735330928,6.0,1.5090419451101202
30,120,20,14,27.0,18.0,0.15,14,27.0,52.0,24,2.0,2.2,18,1.15,6.0,1.35,0.5,False,72,True,12,90,1.25,1.1,0.25,36,0.8799078300191263,1.3476350332188631,-0.3636166776128469,298.46579390531946,5.097673112777707,2.180121839355921,1.8906546421119992,-0.3754333842655889,323.6612054800786,6.0,1.3197806687869331,1.584671117906804,-0.3754333842655897,622.1269993853981,6.0,1.5054898882224506
30,120,20,14,27.0,18.0,0.15,14,27.0,52.0,24,2.0,2.2,18,1.1,6.0,1.35,0.65,False,72,True,12,90,1.25,1.1,0.25,36,0.8458381979564025,1.3499749250696484,-0.3463026316093697,287.48439425089634,4.87603515135259,2.1251934993096424,1.9038731231627886,-0.3618469826146077,311.15845374200734,5.933854925138408,1.2785322234718262,1.5924929764069664,-0.36184698261460724,598.6428479929036,5.933854925138408,1.4758475611322388
30,120,20,14,27.0,18.0,0.15,14,27.0,52.0,24,2.0,2.2,18,1.1,6.0,1.35,0.5,False,72,True,12,90,1.25,1.1,0.25,36,0.8431213838521259,1.3476397121611765,-0.3495513368295895,285.48902025726215,4.87603515135259,2.121138262739694,1.902232335194134,-0.36133089709305655,309.97842813556946,5.933854925138408,1.275337690224418,1.5904965847208337,-0.361330897093057,595.4674483928316,5.933854925138408,1.4724773183266489
30,120,20,14,27.0,18.0,0.15,14,27.0,52.0,24,2.0,2.2,18,1.15,6.0,1.25,0.65,False,72,True,12,90,1.25,1.1,0.25,36,0.820382705245776,1.3507647557744278,-0.33524909667899006,278.95836909707594,4.720067697016395,2.0374827882642976,1.9044252440226532,-0.35196801993327753,301.6015645441147,5.744051484772026,1.2340433027416018,1.5931664943869754,-0.3519680199332774,580.5599336411906,5.744051484772026,1.4393656972157238
30,120,20,14,27.0,18.0,0.15,14,27.0,52.0,24,2.0,2.2,18,1.15,6.0,1.25,0.5,False,72,True,12,90,1.25,1.1,0.25,36,0.8175893801412426,1.3482753531619935,-0.33869592828171335,276.8722962855493,4.720067697016395,2.033371273729315,1.9026723956427718,-0.3514199282838374,300.3679014101115,5.744051484772026,1.2307771894640465,1.5910372442122775,-0.3514199282838374,577.2401976956608,5.744051484772026,1.4359046918263583
30,120,20,14,27.0,18.0,0.15,14,27.0,52.0,24,2.0,2.2,18,1.05,6.0,1.35,0.65,False,72,True,12,90,1.25,1.1,0.25,36,0.8083198454722533,1.3499796061100124,-0.3321393762663576,274.41692178494645,4.654397189927472,1.9990146936324056,1.9038686458797416,-0.3475279995757813,297.01488766282523,5.664134246723025,1.2138344489623054,1.5924934959875106,-0.34752799957578073,571.4318094477717,5.664134246723025,1.4224638359022292
30,120,20,14,27.0,18.0,0.15,14,27.0,52.0,24,2.0,2.2,18,1.05,6.0,1.35,0.5,False,72,True,12,90,1.25,1.1,0.25,36,0.8057721396151534,1.3476443910466707,-0.33531401174937614,272.5122466092048,4.654397189927472,1.9952919107642622,1.9022278621018354,-0.3470244936272626,295.88849958395264,5.664134246723025,1.2108640854261146,1.5904971048717138,-0.3470244936272635,568.4007461931574,5.664134246723025,1.419295780677266
30,120,20,14,27.0,18.0,0.15,14,27.0,52.0,24,2.0,2.2,18,1.15,5.0,1.35,0.65,False,72,True,12,90,1.25,1.1,0.25,36,0.8816967159483784,1.3491004514671987,-0.36029973728107056,300.35652049129067,5.0,1.8416502793391518,1.8154812481350002,-0.37596117815752295,322.8948686140819,5.0,1.2189257968023064,1.548923504292608,-0.3759611781575227,623.2513891053726,5.0,1.403190057999498
30,120,20,14,27.0,18.0,0.15,14,27.0,52.0,24,2.0,2.2,18,1.15,5.0,1.35,0.5,False,72,True,12,90,1.25,1.1,0.25,36,0.8788093062511602,1.3467647581738236,-0.3636166776128461,298.27044767976406,5.0,1.8378038312340017,1.8137168785687732,-0.3754333842655886,321.6612054800786,5.0,1.2156817814820364,1.5468526940610907,-0.3754333842655889,619.9316531598427,5.0,1.3997842104688383
30,120,20,14,27.0,18.0,0.15,14,27.0,52.0,24,2.0,2.2,18,1.1,6.0,1.25,0.65,False,72,True,12,90,1.25,1.1,0.25,36,0.7852802762900981,1.3507690909163441,-0.32205795641400603,266.8297443537248,4.514847362363509,1.921948318012876,1.9044210964052048,-0.33857898176477785,288.48845304219674,5.494310115868895,1.1741104563925782,1.5931669751124033,-0.3385789817647773,555.3181973959215,5.494310115868895,1.3899918880601316
30,120,20,14,27.0,18.0,0.15,14,27.0,52.0,24,2.0,2.2,18,1.1,6.0,1.25,0.5,False,72,True,12,90,1.25,1.1,0.25,36,0.7826525949255696,1.3482796858776451,-0.32542715133890987,264.8343703600907,4.514847362363509,1.9181568218187524,1.9026682529912458,-0.3380440742954688,287.30842743575886,5.494310115868895,1.1710623269737357,1.59103772567908,-0.338044074295468,552.1427977958494,5.494310115868895,1.386726521537508
30,120,20,14,27.0,18.0,0.15,14,27.0,52.0,24,2.0,2.2,18,1.1,5.0,1.35,0.65,False,72,True,12,90,1.25,1.1,0.25,36,0.8458381979564025,1.3499749250696484,-0.3463026316093697,287.48439425089634,4.87603515135259,1.813137830823678,1.8352709961221318,-0.36184698261460735,309.29074389173053,5.0,1.1846321144305083,1.5588342394955472,-0.36184698261460746,596.7751381426269,5.0,1.38064398421305
30,120,20,14,27.0,18.0,0.15,14,27.0,52.0,24,2.0,2.2,18,1.1,5.0,1.35,0.5,False,72,True,12,90,1.25,1.1,0.25,36,0.8431213838521259,1.3476397121611765,-0.3495513368295895,285.48902025726215,4.87603515135259,1.809487516239841,1.8335305847544705,-0.3613308970930571,308.11071828529265,5.0,1.181569230416402,1.5567774690612717,-0.36133089709305566,593.5997385425547,5.0,1.377399201588764
30,120,20,14,27.0,18.0,0.15,14,27.0,52.0,24,2.0,2.2,18,1.0,6.0,1.35,0.65,False,72,True,12,90,1.25,1.1,0.25,36,0.7703104066114022,1.3499842870934977,-0.3178115217245723,261.3494493189966,4.432759228502354,1.8751274637339272,1.9038641684476867,-0.33300409664411723,282.87132158364307,5.394413568307643,1.149222571896554,1.5924940154676934,-0.33300409664411645,544.2207709026396,5.394413568307643,1.3692889600303846
30,120,20,14,27.0,18.0,0.15,14,27.0,52.0,24,2.0,2.2,18,1.0,6.0,1.35,0.5,False,72,True,12,90,1.25,1.1,0.25,36,0.7679283956035639,1.3476490698753554,-0.32090609808992776,259.5354729611474,4.432759228502354,1.8717209654687563,1.9022233888606248,-0.3325140630321046,281.7985710323359,5.394413568307643,1.1464691642260934,1.5904976249223237,-0.33251406303210385,541.3340439934832,5.394413568307643,1.3663153428825054
30,120,20,14,27.0,18.0,0.15,14,27.0,52.0,24,2.0,2.2,18,1.15,5.0,1.25,0.65,False,72,True,12,90,1.25,1.1,0.25,36,0.820382705245776,1.3507647557744278,-0.33524909667899006,278.95836909707594,4.720067697016395,1.7933590116273317,1.8500127188712385,-0.35196801993327687,300.1134615745707,5.0,1.1604029779212235,1.5663409131037793,-0.3519680199332764,579.0718306716466,5.0,1.3646471080158942
30,120,20,14,27.0,18.0,0.15,14,27.0,52.0,24,2.0,2.2,18,1.15,5.0,1.25,0.5,False,72,True,12,90,1.25,1.1,0.25,36,0.8175893801412426,1.3482753531619935,-0.33869592828171335,276.8722962855493,4.720067697016395,1.7895779412548185,1.8481732904077393,-0.35141992828383595,298.8797984405674,5.0,1.1572445248856895,1.564158880316709,-0.35141992828383684,575.7520947261168,5.0,1.3612882759667622
30,120,20,14,27.0,18.0,0.15,14,27.0,52.0,24,2.0,2.2,18,1.05,5.0,1.35,0.65,False,72,True,12,90,1.25,1.1,0.25,36,0.8083198454722533,1.3499796061100124,-0.3321393762663576,274.41692178494645,4.654397189927472,1.7830905674974091,1.8554424121604207,-0.3475279995757812,295.6866191693792,5.0,1.1486360746932798,1.5685635457637683,-0.34752799957578084,570.1035409543256,5.0,1.3562867409621364
30,120,20,14,27.0,18.0,0.15,14,27.0,52.0,24,2.0,2.2,18,1.05,5.0,1.35,0.5,False,72,True,12,90,1.25,1.1,0.25,36,0.8057721396151534,1.3476443910466707,-0.33531401174937614,272.5122466092048,4.654397189927472,1.7796358188737487,1.8537280131502325,-0.3470244936272633,294.5602310905066,5.0,1.145753189637531,1.5665220874157073,-0.34702449362726373,567.0724776997114,5.0,1.3532014329711648
30,120,20,14,27.0,18.0,0.15,14,27.0,52.0,24,2.0,2.2,18,1.15,6.0,1.15,0.65,False,72,True,12,90,1.25,1.1,0.25,36,0.7564254449662449,1.3516809199503874,-0.30963196423873385,257.3648714773057,4.342462281255083,1.82779444009969,1.9050605480165481,-0.3273934696529265,277.90110926704,5.284527365990264,1.1249365635511044,1.5939451475170625,-0.3273934696529256,535.2659807443456,5.284527365990264,1.349847741105962
30,120,20,14,27.0,18.0,0.15,14,27.0,52.0,24,2.0,2.2,18,1.15,6.0,1.15,0.5,False,72,True,12,90,1.25,1.1,0.25,36,0.7537302604451384,1.3490167213149178,-0.3132116244562442,255.2787986657791,4.342462281255083,1.8239667691524328,1.9031798026146471,-0.32682458813975457,276.6674461330367,5.284527365990264,1.1218299647895305,1.5916650379652761,-0.3268245881397549,531.9462447988158,5.284527365990264,1.346498888518683
30,120,20,14,27.0,18.0,0.15,14,27.0,52.0,24,2.0,2.2,18,1.15,6.0,1.35,0.65,False,48,True,12,90,1.25,1.1,0.25,36,0.8104712378933732,1.3354817357294855,-0.3682257296599998,302.8393017812712,5.097673112777707,1.8363536161645486,1.8094334043065932,-0.37610389857348525,329.6243242823949,6.0,1.1665378526720853,1.5416881961460314,-0.3761318639487201,632.4636260636662,6.0,1.3461104900610315
30,120,20,14,27.0,18.0,0.15,14,27.0,52.0,24,2.0,2.2,18,1.1,5.0,1.25,0.65,False,72,True,12,90,1.25,1.1,0.25,36,0.7852802762900981,1.3507690909163441,-0.32205795641400603,266.8297443537248,4.514847362363509,1.7645570010941287,1.8688774550952534,-0.3385789817647762,287.499832810459,5.0,1.1264809476853817,1.5755141134968655,-0.3385789817647772,554.3295771641838,5.0,1.3416142860071634
30,120,20,14,27.0,18.0,0.15,14,27.0,52.0,24,2.0,2.2,18,1.05,6.0,1.25,0.65,False,72,True,12,90,1.25,1.1,0.25,36,0.7497943977165886,1.3507734260094608,-0.308728391813358,254.70111961037367,4.309627027710622,1.808454962725702,1.9044169486599865,-0.325013949512869,275.37534154027867,5.244568746965763,1.1143081220511832,1.5931674557517586,-0.32501394951286955,530.0764611506524,5.244568746965763,1.340854187343933
30,120,20,14,27.0,18.0,0.15,14,27.0,52.0,24,2.0,2.2,18,1.15,6.0,1.35,0.5,False,48,True,12,90,1.25,1.1,0.25,36,0.8076931216515131,1.3329961029534234,-0.3715015725507984,300.7532289697446,5.097673112777707,1.8294522107797517,1.806176570002885,-0.37692619372761704,327.9024526756901,6.0,1.1624344996321319,1.538873538441045,-0.37936671236567043,628.6556816454347,6.0,1.3395775724451324
30,120,20,14,27.0,18.0,0.15,14,27.0,52.0,24,2.0,2.2,18,1.1,5.0,1.25,0.5,False,72,True,12,90,1.25,1.1,0.25,36,0.7826525949255696,1.3482796858776451,-0.32542715133890987,264.8343703600907,4.514847362363509,1.7609697345831208,1.8670650973246539,-0.33804407429546834,286.31980720402106,5.0,1.1234995954195899,1.5733482317134275,-0.33804407429546823,551.1541775641117,5.0,1.3384118024685459
30,120,20,14,27.0,18.0,0.15,14,27.0,52.0,24,2.0,2.2,18,1.05,6.0,1.25,0.5,False,72,True,12,90,1.25,1.1,0.25,36,0.7473291471985768,1.348284018544564,-0.3120143100091094,252.79644443463195,4.309627027710622,1.804968737466469,1.9026641102120319,-0.32449306532553557,274.24895346140613,5.244568746965763,1.1114712985042887,1.5910382070598936,-0.32449306532553546,527.0453978960381,5.244568746965763,1.3377772782402062
30,120,20,14,27.0,18.0,0.15,14,27.0,52.0,24,2.0,2.2,18,1.0,5.0,1.35,0.65,False,72,True,12,90,1.25,1.1,0.25,36,0.7703104066114022,1.3499842870934977,-0.3178115217245723,261.3494493189966,4.432759228502354,1.7515651347666572,1.875914829364196,-0.3330040966441168,282.0824944470278,5.0,1.1117836670393353,1.578560818580679,-0.33300409664411623,543.4319437660243,5.0,1.3312447198388961
30,120,20,14,27.0,18.0,0.15,14,27.0,52.0,24,2.0,2.2,18,1.0,5.0,1.35,0.5,False,72,True,12,90,1.25,1.1,0.25,36,0.7679283956035639,1.3476490698753554,-0.32090609808992776,259.5354729611474,4.432759228502354,1.748305035179305,1.8742287296470928,-0.3325140630321036,281.0097438957206,5.0,1.109078223022876,1.576536381639418,-0.3325140630321043,540.5452168568679,5.0,1.3283160481259624
30,120,20,14,27.0,18.0,0.15,14,27.0,52.0,24,2.0,2.2,18,1.15,5.0,1.15,0.65,False,72,True,12,90,1.25,1.1,0.25,36,0.7564254449662449,1.3516809199503874,-0.30963196423873385,257.3648714773057,4.342462281255083,1.740687691137067,1.885540063342064,-0.3273934696529257,277.33205453505946,5.0,1.0985045290212132,1.5841658830034477,-0.32739346965292604,534.6969260123651,5.0,1.3229779421706762
30,120,20,14,27.0,18.0,0.15,14,27.0,52.0,24,2.0,2.2,18,1.15,5.0,1.15,0.5,False,72,True,12,90,1.25,1.1,0.25,36,0.7537302604451384,1.3490167213149178,-0.3132116244562442,255.2787986657791,4.342462281255083,1.7369779269115964,1.883622005712995,-0.3268245881397551,276.0983914010562,5.0,1.0954365731665128,1.5818626590803726,-0.3268245881397551,531.3771900668353,5.0,1.319665239294395
30,120,20,14,27.0,18.0,0.15,14,27.0,52.0,24,2.0,2.2,18,1.05,5.0,1.25,0.65,False,72,True,12,90,1.25,1.1,0.25,36,0.7497943977165886,1.3507734260094608,-0.308728391813358,254.70111961037367,4.309627027710622,1.7341187033664944,1.8877498131162518,-0.32501394951286955,274.8862040463472,5.0,1.0917395172991857,1.5848036858341301,-0.32501394951286944,529.5873236567209,5.0,1.3179072472017188
30,120,20,14,27.0,18.0,0.15,14,27.0,52.0,24,2.0,2.2,18,1.1,6.0,1.35,0.65,False,48,True,12,90,1.25,1.1,0.25,36,0.7758624365459077,1.3354856050578996,-0.35403442786326056,289.6723756168682,4.87603515135259,1.7820207914898725,1.8207593608503039,-0.36203322269492566,315.68228090300244,5.933854925138408,1.1250916187051758,1.5471056219641441,-0.3620332226949259,605.3546565198706,5.933854925138408,1.3160321237548231
30,120,20,14,27.0,18.0,0.15,14,27.0,52.0,24,2.0,2.2,18,1.05,5.0,1.25,0.5,False,72,True,12,90,1.25,1.1,0.25,36,0.7473291471985768,1.348284018544564,-0.3120143100091094,252.79644443463195,4.309627027710622,1.7307247540912205,1.8859666660659522,-0.3244930653255339,273.75981596747465,5.0,1.0889329746506666,1.582655594233241,-0.3244930653255351,526.5562604021067,5.0,1.314858570268561
30,120,20,14,27.0,18.0,0.15,14,27.0,52.0,24,2.0,2.2,18,1.1,6.0,1.35,0.5,False,48,True,12,90,1.25,1.1,0.25,36,0.7732486169163244,1.3329999703131585,-0.35724470807511133,287.677001623234,4.87603515135259,1.7755359327571107,1.8175338151500675,-0.36283852815022377,314.0352732791978,5.933854925138408,1.121233487983254,1.5443048990543249,-0.36493929648493106,601.7122749024318,5.933854925138408,1.3099253205455292
30,120,20,14,27.0,18.0,0.15,14,27.0,52.0,24,2.0,2.2,18,1.1,6.0,1.15,0.65,False,72,True,12,90,1.25,1.1,0.25,36,0.7234766881206822,1.3516849092563648,-0.29729793268213134,246.17509445655332,4.153659573374428,1.7248471299265753,1.9050567296161829,-0.31477898728385656,265.8184523423861,5.054765306599384,1.0699956217543094,1.5939455892305077,-0.314778987283857,511.9935467989394,5.054765306599384,1.3048040578808062
30,120,20,14,27.0,18.0,0.15,14,27.0,52.0,24,2.0,2.2,18,1.1,6.0,1.15,0.5,False,72,True,12,90,1.25,1.1,0.25,36,0.7209399729417145,1.3490207078897105,-0.3007901784593714,244.1797204629192,4.153659573374428,1.7213114002906686,1.9031759900983518,-0.314224827296003,264.6384267359482,5.054765306599384,1.067093465544518,1.5916654806321302,-0.31422482729600254,508.81814719886734,5.054765306599384,1.301636380336979
30,120,20,14,27.0,18.0,0.15,14,27.0,52.0,24,2.0,2.2,18,1.1,5.0,1.15,0.65,False,72,True,12,90,1.25,1.1,0.25,36,0.7234766881206822,1.3516849092563648,-0.29729793268213134,246.17509445655332,4.153659573374428,1.7084656486493839,1.9013331490337184,-0.314778987283856,265.70892172918735,5.0,1.0650080989655728,1.5920697364543996,-0.31477898728385667,511.8840161857406,5.0,1.2997294767691216
30,120,20,14,27.0,18.0,0.15,14,27.0,52.0,24,2.0,2.2,18,1.1,5.0,1.15,0.5,False,72,True,12,90,1.25,1.1,0.25,36,0.7209399729417145,1.3490207078897105,-0.3007901784593714,244.1797204629192,4.153659573374428,1.704951175431193,1.899444964623454,-0.314224827296003,264.5288961227494,5.0,1.0621129353165752,1.5897849692645147,-0.314224827296003,508.70861658566855,5.0,1.296568278012925
30,120,20,14,27.0,18.0,0.15,14,27.0,52.0,24,2.0,2.2,18,1.0,5.0,1.25,0.65,False,72,True,12,90,1.25,1.1,0.25,36,0.7139782281984974,1.3507777610537837,-0.2952618070928337,242.57249486702256,4.104406693057735,1.6971009801593975,1.904412800786996,-0.3112729083562076,262.26223003836066,4.994827378062632,1.054714530656975,1.59316793630504,-0.3112729083562089,504.83472490538315,4.994827378062632,1.2920308348994933
30,120,20,14,27.0,18.0,0.15,14,27.0,52.0,24,2.0,2.2,18,1.0,6.0,1.25,0.65,False,72,True,12,90,1.25,1.1,0.25,36,0.7139782281984974,1.3507777610537837,-0.2952618070928337,242.57249486702256,4.104406693057735,1.6971009801593975,1.904412800786996,-0.3112729083562076,262.26223003836066,4.994827378062632,1.054714530656975,1.59316793630504,-0.3112729083562089,504.83472490538315,4.994827378062632,1.2920308348994933
30,120,20,14,27.0,18.0,0.15,14,27.0,52.0,24,2.0,2.2,18,1.0,5.0,1.25,0.5,False,72,True,12,90,1.25,1.1,0.25,36,0.7116720139936257,1.3482883511627541,-0.2984586745641904,240.7585185091733,4.104406693057735,1.6939054185104974,1.9026599673051288,-0.3107669050589137,261.18947948705346,4.994827378062632,1.0520822013484343,1.5910386883547134,-0.3107669050589126,501.9479979962267,4.994827378062632,1.2891350570162576
30,120,20,14,27.0,18.0,0.15,14,27.0,52.0,24,2.0,2.2,18,1.0,6.0,1.25,0.5,False,72,True,12,90,1.25,1.1,0.25,36,0.7116720139936257,1.3482883511627541,-0.2984586745641904,240.7585185091733,4.104406693057735,1.6939054185104974,1.9026599673051288,-0.3107669050589137,261.18947948705346,4.994827378062632,1.0520822013484343,1.5910386883547134,-0.3107669050589126,501.9479979962267,4.994827378062632,1.2891350570162576
30,120,20,14,27.0,18.0,0.15,14,27.0,52.0,24,2.0,2.2,18,1.15,6.0,1.25,0.65,False,48,True,12,90,1.25,1.1,0.25,36,0.752142564964853,1.3363236765653494,-0.3428494332779395,281.0763645270992,4.720067697016395,1.7128035509183603,1.8218555477216771,-0.3517337051341719,306.1373990553952,5.744051484772026,1.0868785392314888,1.5480536044274424,-0.35173370513417124,587.2137635824945,5.744051484772026,1.2861059206688923
30,120,20,14,27.0,18.0,0.15,14,27.0,52.0,24,2.0,2.2,18,1.15,6.0,1.25,0.5,False,48,True,12,90,1.25,1.1,0.25,36,0.7494539524004007,1.3336765471429695,-0.3462568560129953,278.99029171557254,4.720067697016395,1.7062027671065283,1.8183976127062143,-0.35258812020686714,304.4155274486904,5.744051484772026,1.08292605837019,1.5450609144668976,-0.35383317551224214,583.405819164263,5.744051484772026,1.2803487313753459
30,120,20,14,27.0,18.0,0.15,14,27.0,52.0,24,2.0,2.2,18,1.05,6.0,1.35,0.65,False,48,True,12,90,1.25,1.1,0.25,36,0.7408845683737044,1.3354894743173236,-0.3396645680051493,276.5054494524651,4.654397189927472,1.68085701015168,1.8207538275683472,-0.34775524029190896,301.3330863165023,5.664134246723025,1.0689964398033314,1.547105196751847,-0.3477552402919094,577.8385357689674,5.664134246723025,1.2712566079267822
30,120,20,14,27.0,18.0,0.15,14,27.0,52.0,24,2.0,2.2,18,1.05,6.0,1.35,0.5,False,48,True,12,90,1.25,1.1,0.25,36,0.7384318707370101,1.333003837603989,-0.34280343293984816,274.60077427672337,4.654397189927472,1.6748828373207267,1.8175282130422357,-0.3485421443825535,299.7609426755979,5.664134246723025,1.0654031975021625,1.544304440909938,-0.35031402658247246,574.3617169523213,5.664134246723025,1.2656065078601884
30,120,20,14,27.0,18.0,0.15,14,27.0,52.0,24,2.0,2.2,18,1.15,5.0,1.35,0.65,False,48,True,12,90,1.25,1.1,0.25,36,0.8053956756227207,1.3315667010440047,-0.368225729660001,302.6439555557158,5.0,1.5915193134939125,1.7361642228002925,-0.3761038985734849,327.6243242823949,5.0,1.0861734021058336,1.5053517963003957,-0.3761038985734848,630.2682798381107,5.0,1.2636677354196268
30,120,20,14,27.0,18.0,0.15,14,27.0,52.0,24,2.0,2.2,18,1.05,5.0,1.15,0.65,False,72,True,12,90,1.25,1.1,0.25,36,0.6902831473424602,1.35168889852102,-0.28485075147971795,234.98531743580088,3.964856865493772,1.6237736226375605,1.9050529111076593,-0.3020152752414649,253.73579541773216,4.825003247208501,1.0152822401624202,1.5939460308710847,-0.3020152752414651,488.7211128535331,4.825003247208501,1.2600774726490713
30,120,20,14,27.0,18.0,0.15,14,27.0,52.0,24,2.0,2.2,18,1.05,6.0,1.15,0.65,False,72,True,12,90,1.25,1.1,0.25,36,0.6902831473424602,1.35168889852102,-0.28485075147971795,234.98531743580088,3.964856865493772,1.6237736226375605,1.9050529111076593,-0.3020152752414649,253.73579541773216,4.825003247208501,1.0152822401624202,1.5939460308710847,-0.3020152752414651,488.7211128535331,4.825003247208501,1.2600774726490713
30,120,20,14,27.0,18.0,0.15,14,27.0,52.0,24,2.0,2.2,18,1.15,5.0,1.35,0.5,False,48,True,12,90,1.25,1.1,0.25,36,0.8026253476857423,1.3290771352281237,-0.37150157255079796,300.5578827441892,5.0,1.5852136380509716,1.7327494056259982,-0.37692619372761693,325.9024526756901,5.0,1.0822222567515762,1.5024667026052239,-0.37818260676016824,626.4603354198794,5.0,1.2579791645056346
30,120,20,14,27.0,18.0,0.15,14,27.0,52.0,24,2.0,2.2,18,1.05,5.0,1.15,0.5,False,72,True,12,90,1.25,1.1,0.25,36,0.6879017410412316,1.3490246944232416,-0.2882501706089875,233.08064226005922,3.964856865493772,1.620516656737382,1.9031721774739707,-0.30147663853801254,252.60940733885965,4.825003247208501,1.0125782848871934,1.5916659232261832,-0.3014766385380141,485.6900495989188,4.825003247208501,1.2570842474760477
30,120,20,14,27.0,18.0,0.15,14,27.0,52.0,24,2.0,2.2,18,1.05,6.0,1.15,0.5,False,72,True,12,90,1.25,1.1,0.25,36,0.6879017410412316,1.3490246944232416,-0.2882501706089875,233.08064226005922,3.964856865493772,1.620516656737382,1.9031721774739707,-0.30147663853801254,252.60940733885965,4.825003247208501,1.0125782848871934,1.5916659232261832,-0.3014766385380141,485.6900495989188,4.825003247208501,1.2570842474760477
30,120,20,14,27.0,18.0,0.15,14,27.0,52.0,24,2.0,2.2,18,1.1,5.0,1.35,0.65,False,48,True,12,90,1.25,1.1,0.25,36,0.7758624365459077,1.3354856050578996,-0.35403442786326056,289.6723756168682,4.87603515135259,1.5601772549854096,1.7546684284044562,-0.36203322269492677,313.8145710527256,5.0,1.0556044458390192,1.5160086983896601,-0.3620332226949252,603.4869466695939,5.0,1.2457614384895022
30,120,20,14,27.0,18.0,0.15,14,27.0,52.0,24,2.0,2.2,18,1.1,6.0,1.25,0.65,False,48,True,12,90,1.25,1.1,0.25,36,0.7195024931306828,1.3363272600208753,-0.32945838613619627,268.855653025921,4.514847362363509,1.6198347554637103,1.8218504503245518,-0.33839133364779117,292.8270773573346,5.494310115868895,1.0348845740210701,1.5480532231935946,-0.33839133364779184,561.6827303832556,5.494310115868895,1.244671650366276
30,120,20,14,27.0,18.0,0.15,14,27.0,52.0,24,2.0,2.2,18,1.1,5.0,1.35,0.5,False,48,True,12,90,1.25,1.1,0.25,36,0.7732486169163244,1.3329999703131585,-0.35724470807511133,287.677001623234,4.87603515135259,1.554209511005857,1.751289407599336,-0.36283852815022344,312.16756342892097,5.0,1.0518724699586355,1.513140933347551,-0.3640772949298351,599.8445650521551,5.0,1.2402975475742353
30,120,20,14,27.0,18.0,0.15,14,27.0,52.0,24,2.0,2.2,18,1.1,6.0,1.25,0.5,False,48,True,12,90,1.25,1.1,0.25,36,0.7169716274075422,1.3336801283155681,-0.3327908028578628,266.8602790322868,4.514847362363509,1.6137279505310045,1.8183924407549588,-0.33922648225934815,291.18006973353,5.494310115868895,1.0311902153301324,1.545060497476851,-0.34018766414104684,558.0403487658168,5.494310115868895,1.2393379092199117
30,120,20,14,27.0,18.0,0.15,14,27.0,52.0,24,2.0,2.2,18,1.15,5.0,1.25,0.65,False,48,True,12,90,1.25,1.1,0.25,36,0.752142564964853,1.3363236765653494,-0.3428494332779395,281.0763645270992,4.720067697016395,1.5393288179181766,1.7692027142476032,-0.3517337051341711,304.6492960858511,5.0,1.032431140163578,1.523194726509675,-0.35173370513417124,585.7256606129504,5.0,1.2310046496478282
30,120,20,14,27.0,18.0,0.15,14,27.0,52.0,24,2.0,2.2,18,1.0,6.0,1.35,0.65,False,48,True,12,90,1.25,1.1,0.25,36,0.705586406187094,1.33549334350777,-0.32511749390917033,263.33852328806194,4.432759228502354,1.5811056868689994,1.8207482941159538,-0.3332695723327507,286.9838917300022,5.394413568307643,1.012960466316188,1.5471047714215491,-0.3332695723327508,550.322415018064,5.394413568307643,1.2266649088210457
30,120,20,14,27.0,18.0,0.15,14,27.0,52.0,24,2.0,2.2,18,1.15,5.0,1.25,0.5,False,48,True,12,90,1.25,1.1,0.25,36,0.7494539524004007,1.3336765471429695,-0.3462568560129953,278.99029171557254,4.720067697016395,1.533150132200754,1.765609892388402,-0.35258812020686736,302.92742447914634,5.0,1.0285817809256574,1.520143060796845,-0.3532062454121778,581.9177161947189,5.0,1.2257263315509594
30,120,20,14,27.0,18.0,0.15,14,27.0,52.0,24,2.0,2.2,18,1.05,5.0,1.35,0.65,False,48,True,12,90,1.25,1.1,0.25,36,0.7408845683737044,1.3354894743173236,-0.3396645680051493,276.5054494524651,4.654397189927472,1.5275534322700577,1.773786695142872,-0.3477552402919102,300.00481782305627,5.0,1.0208264677831358,1.5248988944400754,-0.34775524029190974,576.5102672755213,5.0,1.222492326810632
30,120,20,14,27.0,18.0,0.15,14,27.0,52.0,24,2.0,2.2,18,1.0,6.0,1.35,0.5,False,48,True,12,90,1.25,1.1,0.25,36,0.7032914834553619,1.3330077048259321,-0.32817892857018993,261.5245469302127,4.432759228502354,1.5756192899573254,1.8175226107645828,-0.3340366227886986,285.486612071998,5.394413568307643,1.0096238780816615,1.5443039826478548,-0.33549176617548715,547.0111590022107,5.394413568307643,1.2214568605120997
30,120,20,14,27.0,18.0,0.15,14,27.0,52.0,24,2.0,2.2,18,1.05,5.0,1.35,0.5,False,48,True,12,90,1.25,1.1,0.25,36,0.7384318707370101,1.333003837603989,-0.34280343293984816,274.60077427672337,4.654397189927472,1.5219208897708896,1.7704470468766227,-0.34854214438255426,298.43267418215186,5.0,1.0173168826491703,1.5220479986833555,-0.34978953275338265,573.0334484588752,5.0,1.2172401362995326
30,120,20,14,27.0,18.0,0.15,14,27.0,52.0,24,2.0,2.2,18,1.0,5.0,1.15,0.65,False,72,True,12,90,1.25,1.1,0.25,36,0.6568850412658762,1.3516928877443553,-0.27229165637786745,223.79554041504846,3.7760541576131157,1.5246391048543884,1.9050490924909682,-0.28910239347686606,241.65313849307827,4.595241187817621,0.9608535275042343,1.5939464724387795,-0.28910239347686595,465.4486789081267,4.595241187817621,1.2157250581688828
30,120,20,14,27.0,18.0,0.15,14,27.0,52.0,24,2.0,2.2,18,1.0,6.0,1.15,0.65,False,72,True,12,90,1.25,1.1,0.25,36,0.6568850412658762,1.3516928877443553,-0.27229165637786745,223.79554041504846,3.7760541576131157,1.5246391048543884,1.9050490924909682,-0.28910239347686606,241.65313849307827,4.595241187817621,0.9608535275042343,1.5939464724387795,-0.28910239347686595,465.4486789081267,4.595241187817621,1.2157250581688828
30,120,20,14,27.0,18.0,0.15,14,27.0,52.0,24,2.0,2.2,18,1.0,5.0,1.15,0.5,False,72,True,12,90,1.25,1.1,0.25,36,0.6546556478260179,1.349028680915519,-0.27559272215772,221.98156405719922,3.7760541576131157,1.521647885769652,1.9031683647414883,-0.2885800974661519,240.5803879417711,4.595241187817621,0.9583414474049206,1.5916663657474346,-0.28858009746615176,462.5619519989703,4.595241187817621,1.212899469163039
30,120,20,14,27.0,18.0,0.15,14,27.0,52.0,24,2.0,2.2,18,1.0,6.0,1.15,0.5,False,72,True,12,90,1.25,1.1,0.25,36,0.6546556478260179,1.349028680915519,-0.27559272215772,221.98156405719922,3.7760541576131157,1.521647885769652,1.9031683647414883,-0.2885800974661519,240.5803879417711,4.595241187817621,0.9583414474049206,1.5916663657474346,-0.28858009746615176,462.5619519989703,4.595241187817621,1.212899469163039
30,120,20,14,27.0,18.0,0.15,14,27.0,52.0,24,2.0,2.2,18,1.15,6.0,1.15,0.65,False,48,True,12,90,1.25,1.1,0.25,36,0.6927880267104167,1.3372935636173593,-0.3168690245803585,259.31342727292713,4.342462281255083,1.5448678283809794,1.823125693826984,-0.32673935287865385,282.2433226212879,5.284527365990264,0.9925832537631993,1.549151225692638,-0.3267393528786541,541.5567498942149,5.284527365990264,1.211712076507565
30,120,20,14,27.0,18.0,0.15,14,27.0,52.0,24,2.0,2.2,18,1.1,5.0,1.25,0.65,False,48,True,12,90,1.25,1.1,0.25,36,0.7195024931306828,1.3363272600208753,-0.32945838613619627,268.855653025921,4.514847362363509,1.5082541919787418,1.78725282715754,-0.3383913336477916,291.8384571255968,5.0,0.9997596619298412,1.5316376399826779,-0.3383913336477914,560.6941101515179,5.0,1.209089789649452
30,120,20,14,27.0,18.0,0.15,14,27.0,52.0,24,2.0,2.2,18,1.15,6.0,1.15,0.5,False,48,True,12,90,1.25,1.1,0.25,36,0.69019049198432,1.3344639646316014,-0.3204111595712441,257.22735446140047,4.342462281255083,1.5386756651632885,1.8193997518465939,-0.3276267105113262,280.5214510145831,5.284527365990264,0.9888093651410355,1.5459392538138255,-0.32765815228506867,537.7488054759835,5.284527365990264,1.2067779639749858
30,120,20,14,27.0,18.0,0.15,14,27.0,52.0,24,2.0,2.2,18,1.1,5.0,1.25,0.5,False,48,True,12,90,1.25,1.1,0.25,36,0.7169716274075422,1.3336801283155681,-0.3327908028578628,266.8602790322868,4.514847362363509,1.5024074800668172,1.7837016378793784,-0.3392264822593485,290.1914495017922,5.0,0.9961290729612291,1.5286039253426136,-0.3398833384573625,557.0517285340791,5.0,1.2040020444687467
30,120,20,14,27.0,18.0,0.15,14,27.0,52.0,24,2.0,2.2,18,1.05,6.0,1.25,0.65,False,48,True,12,90,1.25,1.1,0.25,36,0.6866148973989195,1.336330843417223,-0.3159179983211672,256.63494152474277,4.309627027710622,1.5281449228844366,1.8218453527811083,-0.32487116968785734,279.51675565927394,5.244568746965763,0.9829842130148159,1.5480528418584742,-0.3248711696878559,536.1516971840167,5.244568746965763,1.2034376597295837
30,120,20,14,27.0,18.0,0.15,14,27.0,52.0,24,2.0,2.2,18,1.0,5.0,1.35,0.65,False,48,True,12,90,1.25,1.1,0.25,36,0.705586406187094,1.33549334350777,-0.32511749390917033,263.33852328806194,4.432759228502354,1.4937069131395724,1.7934815643056694,-0.33326957233275056,286.1950645933869,5.0,0.9854103215595635,1.5341380252489856,-0.3332695723327501,549.5335878814487,5.0,1.1987452950892288
30,120,20,14,27.0,18.0,0.15,14,27.0,52.0,24,2.0,2.2,18,1.05,6.0,1.25,0.5,False,48,True,12,90,1.25,1.1,0.25,36,0.6842386592220675,1.3336837094290739,-0.31916974115290064,254.73026634900106,4.309627027710622,1.5225110622742601,1.8183872686579858,-0.325685682384781,277.9446120183695,5.244568746965763,0.9795403488207186,1.5450600803858296,-0.32637517908203084,532.6748783673706,5.244568746965763,1.1985132477854668
30,120,20,14,27.0,18.0,0.15,14,27.0,52.0,24,2.0,2.2,18,1.0,5.0,1.35,0.5,False,48,True,12,90,1.25,1.1,0.25,36,0.7032914834553619,1.3330077048259321,-0.32817892857018993,261.5245469302127,4.432759228502354,1.4884062910160916,1.7901853355677102,-0.3340366227886983,284.69778493538274,5.0,0.9821193991443078,1.5313060041939068,-0.3353204890972624,546.2223318655954,5.0,1.1936853293559913
30,120,20,14,27.0,18.0,0.15,14,27.0,52.0,24,2.0,2.2,18,1.15,5.0,1.15,0.65,False,48,True,12,90,1.25,1.1,0.25,36,0.6927880267104167,1.3372935636173593,-0.3168690245803585,259.31342727292713,4.342462281255083,1.4834557171510387,1.8040751561217239,-0.3267393528786535,281.6742678893074,5.0,0.9732057434977395,1.5400611561565503,-0.32673935287865385,540.9876951622344,5.0,1.1920675280334618
30,120,20,14,27.0,18.0,0.15,14,27.0,52.0,24,2.0,2.2,18,1.15,5.0,1.15,0.5,False,48,True,12,90,1.25,1.1,0.25,36,0.69019049198432,1.3344639646316014,-0.3204111595712441,257.22735446140047,4.342462281255083,1.4774129816607977,1.8002900946922349,-0.3276267105113265,279.95239628260254,5.0,0.9694685552570406,1.5368231846953593,-0.3276352926683437,537.1797507440031,5.0,1.1871835997159146
30,120,20,14,27.0,18.0,0.15,14,27.0,52.0,24,2.0,2.2,18,1.05,5.0,1.25,0.65,False,48,True,12,90,1.25,1.1,0.25,36,0.6866148973989195,1.336330843417223,-0.3159179983211672,256.63494152474277,4.309627027710622,1.4758019693235638,1.805559860059228,-0.3248711696878569,279.02761816534235,5.0,0.9664564585330955,1.540275257405348,-0.32487116968785723,535.6625596900851,5.0,1.1866794883469436
30,120,20,14,27.0,18.0,0.15,14,27.0,52.0,24,2.0,2.2,18,1.05,5.0,1.25,0.5,False,48,True,12,90,1.25,1.1,0.25,36,0.6842386592220675,1.3336837094290739,-0.31916974115290064,254.73026634900106,4.309627027710622,1.4702847527006888,1.8020541565691863,-0.32568568238478124,277.45547452443805,5.0,0.9630412982194905,1.5372614259657513,-0.32637517908203084,532.185740873439,5.0,1.1817835486999242
30,120,20,14,27.0,18.0,0.15,14,27.0,52.0,24,2.0,2.2,18,1.1,6.0,1.15,0.65,False,48,True,12,90,1.25,1.1,0.25,36,0.6623224229288167,1.3372968613391965,-0.30433201125333553,248.0389304349738,4.153659573374428,1.4613536436248222,1.8231210345774405,-0.31417727225064784,269.97187381166674,5.054765306599384,0.9448582749373513,1.5491508895228085,-0.31417727225064773,518.0108042466406,5.054765306599384,1.1738800165095449
30,120,20,14,27.0,18.0,0.15,14,27.0,52.0,24,2.0,2.2,18,1.1,5.0,1.15,0.65,False,48,True,12,90,1.25,1.1,0.25,36,0.6623224229288167,1.3372968613391965,-0.30433201125333553,248.0389304349738,4.153659573374428,1.449810878189027,1.8194593949210658,-0.3141772722506472,269.862343198468,5.0,0.9412043865420585,1.547396735288904,-0.31417727225064773,517.9012736334419,5.0,1.1701723731421618
30,120,20,14,27.0,18.0,0.15,14,27.0,52.0,24,2.0,2.2,18,1.1,6.0,1.15,0.5,False,48,True,12,90,1.25,1.1,0.25,36,0.6598757182233519,1.3344672597171652,-0.30778929949689393,246.0435564413396,4.153659573374428,1.455616256356144,1.8193950113836728,-0.3150429862716132,268.3248661878621,5.054765306599384,0.9413273601314762,1.5459388786105746,-0.31504298627161387,514.3684226292017,5.054765306599384,1.1692041708693128
30,120,20,14,27.0,18.0,0.15,14,27.0,52.0,24,2.0,2.2,18,1.1,5.0,1.15,0.5,False,48,True,12,90,1.25,1.1,0.25,36,0.6598757182233519,1.3344672597171652,-0.30778929949689393,246.0435564413396,4.153659573374428,1.4441003969749238,1.8157215063728396,-0.31504298627161376,268.21533557466336,5.0,0.9376801054167958,1.5441794702686162,-0.3150429862716142,514.258892016003,5.0,1.1655031020478914
30,120,20,14,27.0,18.0,0.15,14,27.0,52.0,24,2.0,2.2,18,1.0,5.0,1.25,0.65,False,48,True,12,90,1.25,1.1,0.25,36,0.6535178285403576,1.3363344267544,-0.30222951772394235,244.41423002356453,4.104406693057735,1.4378193473003842,1.8218402550913375,-0.3111730101460094,266.20643396121324,4.994827378062632,0.9312355158676471,1.5480524604220904,-0.3111730101460084,510.6206639847777,4.994827378062632,1.1624621302787554
30,120,20,14,27.0,18.0,0.15,14,27.0,52.0,24,2.0,2.2,18,1.0,6.0,1.25,0.65,False,48,True,12,90,1.25,1.1,0.25,36,0.6535178285403576,1.3363344267544,-0.30222951772394235,244.41423002356453,4.104406693057735,1.4378193473003842,1.8218402550913375,-0.3111730101460094,266.20643396121324,4.994827378062632,0.9312355158676471,1.5480524604220904,-0.3111730101460084,510.6206639847777,4.994827378062632,1.1624621302787554
30,120,20,14,27.0,18.0,0.15,14,27.0,52.0,24,2.0,2.2,18,1.0,5.0,1.25,0.5,False,48,True,12,90,1.25,1.1,0.25,36,0.6512929657962154,1.3336872904834887,-0.30539477792938097,242.6002536657153,4.104406693057735,1.432637519757907,1.8183820964152901,-0.31196548193777196,264.70915430320906,4.994827378062632,0.9280343910526438,1.5450596631938325,-0.312396578575303,507.30940796892435,4.994827378062632,1.1579321643386407
30,120,20,14,27.0,18.0,0.15,14,27.0,52.0,24,2.0,2.2,18,1.0,6.0,1.25,0.5,False,48,True,12,90,1.25,1.1,0.25,36,0.6512929657962154,1.3336872904834887,-0.30539477792938097,242.6002536657153,4.104406693057735,1.432637519757907,1.8183820964152901,-0.31196548193777196,264.70915430320906,4.994827378062632,0.9280343910526438,1.5450596631938325,-0.312396578575303,507.30940796892435,4.994827378062632,1.1579321643386407
30,120,20,14,27.0,18.0,0.15,14,27.0,52.0,24,2.0,2.2,18,1.05,5.0,1.15,0.65,False,48,True,12,90,1.25,1.1,0.25,36,0.6317047341590405,1.337300159010912,-0.2916723901812076,236.76443359702046,3.964856865493772,1.3790524366873402,1.8231163752038322,-0.3014648918480164,257.7004250020455,4.825003247208501,0.8973004702855572,1.54915055326716,-0.3014648918480165,494.46485859906596,4.825003247208501,1.1363053105314085
30,120,20,14,27.0,18.0,0.15,14,27.0,52.0,24,2.0,2.2,18,1.05,6.0,1.15,0.65,False,48,True,12,90,1.25,1.1,0.25,36,0.6317047341590405,1.337300159010912,-0.2916723901812076,236.76443359702046,3.964856865493772,1.3790524366873402,1.8231163752038322,-0.3014648918480164,257.7004250020455,4.825003247208501,0.8973004702855572,1.54915055326716,-0.3014648918480165,494.46485859906596,4.825003247208501,1.1363053105314085
30,120,20,14,27.0,18.0,0.15,14,27.0,52.0,24,2.0,2.2,18,1.05,5.0,1.15,0.5,False,48,True,12,90,1.25,1.1,0.25,36,0.6294058578188391,1.334470554752689,-0.2950393830593927,234.85975842127874,3.964856865493772,1.3737508221749448,1.8193902707972849,-0.30230764317086267,256.12828136114115,4.825003247208501,0.8940054137176956,1.5459385033217923,-0.30230764317086267,490.98803978241983,4.825003247208501,1.1318625425928739
30,120,20,14,27.0,18.0,0.15,14,27.0,52.0,24,2.0,2.2,18,1.05,6.0,1.15,0.5,False,48,True,12,90,1.25,1.1,0.25,36,0.6294058578188391,1.334470554752689,-0.2950393830593927,234.85975842127874,3.964856865493772,1.3737508221749448,1.8193902707972849,-0.30230764317086267,256.12828136114115,4.825003247208501,0.8940054137176956,1.5459385033217923,-0.30230764317086267,490.98803978241983,4.825003247208501,1.1318625425928739
30,120,20,14,27.0,18.0,0.15,14,27.0,52.0,24,2.0,2.2,18,1.0,5.0,1.15,0.65,False,48,True,12,90,1.25,1.1,0.25,36,0.6009639243794731,1.3373034566325301,-0.278891282266725,225.48993675906706,3.7760541576131157,1.2980229787475155,1.8231117157061592,-0.28860213352746444,245.42897619242427,4.595241187817621,0.8499526839865104,1.549150216925701,-0.2886021335274642,470.9189129514913,4.595241187817621,1.0990308496378336
30,120,20,14,27.0,18.0,0.15,14,27.0,52.0,24,2.0,2.2,18,1.0,6.0,1.15,0.65,False,48,True,12,90,1.25,1.1,0.25,36,0.6009639243794731,1.3373034566325301,-0.278891282266725,225.48993675906706,3.7760541576131157,1.2980229787475155,1.8231117157061592,-0.28860213352746444,245.42897619242427,4.595241187817621,0.8499526839865104,1.549150216925701,-0.2886021335274642,470.9189129514913,4.595241187817621,1.0990308496378336
30,120,20,14,27.0,18.0,0.15,14,27.0,52.0,24,2.0,2.2,18,1.0,5.0,1.15,0.5,False,48,True,12,90,1.25,1.1,0.25,36,0.5988097746457413,1.3344738497381814,-0.2821624105044678,223.67596040121782,3.7760541576131157,1.2931383022936647,1.8193855300874247,-0.2894205723375053,243.93169653442007,4.595241187817621,0.8468862897561658,1.545938127947478,-0.2894205723375064,467.6076569356379,4.595241187817621,1.0948147733893288
30,120,20,14,27.0,18.0,0.15,14,27.0,52.0,24,2.0,2.2,18,1.0,6.0,1.15,0.5,False,48,True,12,90,1.25,1.1,0.25,36,0.5988097746457413,1.3344738497381814,-0.2821624105044678,223.67596040121782,3.7760541576131157,1.2931383022936647,1.8193855300874247,-0.2894205723375053,243.93169653442007,4.595241187817621,0.8468862897561658,1.545938127947478,-0.2894205723375064,467.6076569356379,4.595241187817621,1.0948147733893288
