entry_time,side,equity_before,exit_time,pnl,exit_reason
2020-01-26 20:00:00+00:00,long,10000.0,2020-02-02 08:01:00+00:00,1725.5249003843292,signal
2020-02-02 16:00:00+00:00,long,11725.52490038433,2020-02-03 00:00:00+00:00,-316.57923431089876,signal
2020-02-03 04:00:00+00:00,long,11408.94566607343,2020-02-03 20:01:00+00:00,-174.99574074642078,signal
2020-02-06 20:00:00+00:00,long,11233.94992532701,2020-02-10 08:00:00+00:00,322.70342586980587,signal
2020-02-11 16:00:00+00:00,long,11556.653351196815,2020-02-15 16:00:00+00:00,-764.5815944346487,signal
2020-02-19 00:00:00+00:00,long,10792.071756762167,2020-02-20 00:00:00+00:00,-975.0120694346006,signal
2020-02-23 12:00:00+00:00,long,9817.059687327566,2020-02-24 04:01:00+00:00,-185.57031686586197,signal
2020-04-04 08:00:00+00:00,long,9631.489370461704,2020-04-10 04:00:00+00:00,662.285236015141,signal
2020-04-12 16:00:00+00:00,long,10293.774606476845,2020-04-13 04:00:00+00:00,-709.2518878076753,signal
2020-04-24 00:00:00+00:00,long,9584.52271866917,2020-05-04 08:00:00+00:00,1864.8196357816632,signal
2020-05-04 16:00:00+00:00,long,11449.342354450833,2020-05-10 04:00:00+00:00,-405.2869087327181,signal
2020-05-14 00:00:00+00:00,long,11044.055445718115,2020-05-16 00:00:00+00:00,-11.158071860923883,signal
2020-05-16 08:00:00+00:00,long,11032.897373857191,2020-05-16 12:00:00+00:00,14.807690440566148,signal
2020-05-29 00:00:00+00:00,long,11047.705064297757,2020-06-02 16:00:00+00:00,-235.6865280557122,signal
2020-06-04 00:00:00+00:00,long,10812.018536242045,2020-06-04 08:00:00+00:00,-48.935242708099395,signal
2020-06-11 20:00:00+00:00,long,10763.083293533946,2020-06-13 16:00:00+00:00,133.49236955302877,signal
2020-06-23 16:00:00+00:00,long,10896.575663086975,2020-06-24 12:00:00+00:00,-1042.0737691518425,signal
2020-07-22 08:00:00+00:00,long,9854.501893935132,2020-08-02 08:00:00+00:00,7984.874203174546,signal
2020-08-05 16:00:00+00:00,long,17839.376097109678,2020-08-07 00:01:00+00:00,136.04296444851934,signal
2020-08-15 04:00:00+00:00,long,17975.419061558197,2020-08-15 16:00:00+00:00,-158.72440140807157,signal
2020-08-16 00:00:00+00:00,long,17816.694660150126,2020-08-16 04:00:00+00:00,180.45711997196122,signal
2020-08-24 12:00:00+00:00,long,17997.151780122087,2020-08-24 16:02:00+00:00,-176.8515818910928,signal
2020-10-10 04:00:00+00:00,long,17820.300198230994,2020-10-16 08:00:00+00:00,-540.7177498448764,signal
2020-10-19 20:00:00+00:00,long,17279.582448386118,2020-10-26 20:00:00+00:00,4801.477355890529,signal
2020-10-27 00:00:00+00:00,long,22081.059804276647,2020-10-28 16:00:00+00:00,426.29491556839275,signal
2020-10-29 16:00:00+00:00,long,22507.35471984504,2020-11-02 12:00:00+00:00,-67.90544447709908,signal
2020-11-03 16:00:00+00:00,long,22439.44927536794,2020-11-07 20:00:00+00:00,2316.7820332307238,signal
2020-11-08 16:00:00+00:00,long,24756.231308598664,2020-11-11 00:00:00+00:00,-154.5611830951566,signal
2020-11-13 00:00:00+00:00,long,24601.670125503508,2020-11-14 12:00:00+00:00,-689.66991867658,signal
2020-11-15 12:00:00+00:00,long,23912.000206826928,2020-11-15 16:01:00+00:00,113.68164981505106,signal
2020-11-17 16:00:00+00:00,long,24025.68185664198,2020-11-22 12:00:00+00:00,1006.8330598893517,signal
2020-11-22 20:00:00+00:00,long,25032.51491653133,2020-11-23 04:00:00+00:00,-414.0357441530905,signal
2020-11-24 12:00:00+00:00,long,24618.47917237824,2020-11-25 08:00:00+00:00,-248.71747916449385,signal
2020-11-26 20:00:00+00:00,long,24369.761693213746,2020-11-27 00:00:00+00:00,1076.4632821293126,signal
2020-11-29 12:00:00+00:00,long,25446.22497534306,2020-12-01 16:00:00+00:00,1663.4262665079368,signal
2020-12-02 12:00:00+00:00,long,27109.651241850996,2020-12-02 16:00:00+00:00,-331.4353183468156,signal
2020-12-12 20:00:00+00:00,long,26778.21592350418,2020-12-21 12:00:00+00:00,8284.056556003688,signal
2020-12-23 00:00:00+00:00,long,35062.27247950787,2020-12-23 12:00:00+00:00,-1146.6034585580928,signal
2020-12-23 16:00:00+00:00,long,33915.669020949776,2020-12-24 00:00:00+00:00,-356.6869682378747,signal
2020-12-25 00:00:00+00:00,long,33558.9820527119,2020-12-25 04:01:00+00:00,-404.0475161187569,signal
2020-12-26 20:00:00+00:00,long,33154.934536593144,2021-01-04 12:00:00+00:00,6194.312150116952,signal
2021-01-05 20:00:00+00:00,long,39349.246686710096,2021-01-10 20:00:00+00:00,2264.690227328625,signal
2021-01-14 04:00:00+00:00,long,41613.93691403872,2021-01-15 08:00:00+00:00,676.1547479755682,signal
2021-02-04 12:00:00+00:00,long,42290.09166201429,2021-02-15 04:00:00+00:00,8109.9341724907645,signal
2021-02-15 20:00:00+00:00,long,50400.02583450505,2021-02-16 00:00:00+00:00,-826.3131420461141,signal
2021-02-18 00:00:00+00:00,long,49573.71269245894,2021-02-22 12:00:00+00:00,1372.559991622038,signal
2021-03-03 12:00:00+00:00,long,50946.27268408098,2021-03-05 04:00:00+00:00,-3591.8472263653966,signal
2021-03-10 00:00:00+00:00,long,47354.42545771558,2021-03-15 12:00:00+00:00,458.6499408965901,signal
2021-03-17 20:00:00+00:00,long,47813.07539861217,2021-03-21 08:00:00+00:00,-1013.9684181798948,signal
2021-03-31 04:00:00+00:00,long,46799.106980432276,2021-04-02 20:00:00+00:00,-202.222460393059,signal
2021-04-13 20:00:00+00:00,long,46596.88452003922,2021-04-16 08:00:00+00:00,-2464.562459541172,signal
2021-05-13 00:00:00+00:00,long,44132.322060498045,2021-05-13 04:00:00+00:00,299.377276348976,signal
2021-06-15 20:00:00+00:00,long,44431.69933684702,2021-06-17 20:00:00+00:00,-2434.8472844937787,signal
2021-07-30 04:00:00+00:00,long,41996.85205235324,2021-08-02 16:00:00+00:00,-339.592525376509,signal
2021-08-04 16:00:00+00:00,long,41657.25952697673,2021-08-05 08:00:00+00:00,-517.1027506801984,signal
2021-08-05 20:00:00+00:00,long,41140.156776296535,2021-08-06 00:00:00+00:00,145.66180883179914,signal
2021-08-21 08:00:00+00:00,long,41285.818585128334,2021-08-24 16:00:00+00:00,-1011.5861767353199,signal
2021-08-26 00:00:00+00:00,long,40274.232408393014,2021-08-26 04:00:00+00:00,-1341.1407229891993,signal
2021-08-28 00:00:00+00:00,long,38933.091685403815,2021-08-28 16:00:00+00:00,-359.48475014194264,signal
2021-09-18 16:00:00+00:00,long,38573.60693526187,2021-09-19 12:00:00+00:00,-1439.175123457775,signal
2021-09-20 12:00:00+00:00,long,37134.4318118041,2021-09-20 16:00:00+00:00,31.413665504929668,signal
2021-10-02 16:00:00+00:00,long,37165.84547730903,2021-10-12 20:00:00+00:00,7165.506738187389,signal
2021-10-14 00:00:00+00:00,long,44331.352215496416,2021-10-18 16:00:00+00:00,4079.9133950685864,signal
2021-10-19 04:00:00+00:00,long,48411.265610565,2021-10-22 00:00:00+00:00,-644.3439080739699,signal
2021-10-22 04:00:00+00:00,long,47766.92170249103,2021-10-22 12:00:00+00:00,46.264819561380136,signal
2021-11-07 20:00:00+00:00,long,47813.18652205241,2021-11-11 00:00:00+00:00,2968.7048037256754,signal
2021-11-14 04:00:00+00:00,long,50781.89132577809,2021-11-14 12:00:00+00:00,-334.41708992053464,signal
2021-12-04 04:00:00+00:00,long,50447.47423585755,2021-12-04 08:00:00+00:00,-2437.855078079425,signal
2021-12-27 04:00:00+00:00,long,48009.61915777813,2021-12-28 04:00:00+00:00,-2011.787177969396,signal
2022-01-06 04:00:00+00:00,long,45997.83197980873,2022-01-07 00:00:00+00:00,129.53339708754356,signal
2022-02-06 04:00:00+00:00,long,46127.365376896276,2022-02-11 04:00:00+00:00,2811.8571632653548,signal
2022-02-11 16:00:00+00:00,long,48939.22254016163,2022-02-11 20:00:00+00:00,-1280.653492049154,signal
2022-02-15 04:00:00+00:00,long,47658.56904811248,2022-02-17 08:00:00+00:00,443.8469017464522,signal
2022-03-01 20:00:00+00:00,long,48102.41594985893,2022-03-04 20:00:00+00:00,-4476.7449302185705,signal
2022-03-19 16:00:00+00:00,long,43625.67101964036,2022-03-21 04:00:00+00:00,-1777.3843911099975,signal
2022-03-21 12:00:00+00:00,long,41848.28662853036,2022-03-21 16:00:00+00:00,-111.34995497848286,signal
2022-03-22 00:00:00+00:00,long,41736.93667355188,2022-03-31 20:00:00+00:00,7961.621922345927,signal
2022-04-01 16:00:00+00:00,long,49698.558595897804,2022-04-02 20:00:00+00:00,-855.6145994877588,signal
2022-04-03 08:00:00+00:00,long,48842.943996410046,2022-04-04 20:00:00+00:00,-964.4260897479762,signal
2022-04-07 00:00:00+00:00,long,47878.51790666207,2022-04-07 04:01:00+00:00,157.06639280293894,signal
2022-06-30 12:00:00+00:00,long,48035.58429946501,2022-06-30 20:00:00+00:00,-269.429630949111,signal
2022-07-19 16:00:00+00:00,long,47766.1546685159,2022-07-23 12:00:00+00:00,-1864.2441690954875,signal
2022-07-28 04:00:00+00:00,long,45901.91049942041,2022-08-04 12:00:00+00:00,-725.1067349985169,signal
2022-08-19 08:00:00+00:00,long,45176.80376442189,2022-08-20 00:00:00+00:00,-1620.4565144617154,signal
2022-09-07 04:00:00+00:00,long,43556.34724996018,2022-09-09 04:00:00+00:00,2155.997927375298,signal
2022-09-11 16:00:00+00:00,long,45712.345177335475,2022-09-13 16:00:00+00:00,-3000.3061419827427,signal
2022-10-26 00:00:00+00:00,long,42712.03903535273,2022-11-07 08:00:00+00:00,2783.706650759683,signal
2022-11-21 20:00:00+00:00,long,45495.745686112416,2022-11-22 00:00:00+00:00,103.98923131165793,signal
2022-12-14 08:00:00+00:00,long,45599.73491742407,2022-12-16 12:01:00+00:00,-5757.542164588835,signal
2023-01-07 08:00:00+00:00,long,39842.19275283524,2023-02-01 00:00:00+00:00,65391.72199747157,signal
2023-02-10 00:00:00+00:00,long,105233.91475030681,2023-02-10 04:00:00+00:00,-4.666807985471678,signal
2023-02-16 04:00:00+00:00,long,105229.24794232134,2023-02-22 00:00:00+00:00,-3046.878970859834,signal
2023-02-23 04:00:00+00:00,long,102182.3689714615,2023-02-23 12:00:00+00:00,-4443.3760147322755,signal
2023-02-27 16:00:00+00:00,long,97738.99295672923,2023-02-27 20:00:00+00:00,-2436.574356581841,signal
2023-03-01 08:00:00+00:00,long,95302.41860014739,2023-03-01 20:00:00+00:00,-2967.8686421070597,signal
2023-03-14 20:00:00+00:00,long,92334.54995804033,2023-03-22 20:00:00+00:00,3995.1023290823505,signal
2023-03-23 16:00:00+00:00,long,96329.65228712268,2023-03-24 12:00:00+00:00,-3961.0592309728527,signal
2023-04-11 04:00:00+00:00,long,92368.59305614982,2023-04-17 04:02:00+00:00,-1389.3035428681615,signal
2023-04-18 12:00:00+00:00,long,90979.28951328166,2023-04-19 12:00:00+00:00,-8055.617607167398,signal
2023-04-28 20:00:00+00:00,long,82923.67190611426,2023-04-30 00:02:00+00:00,-565.7361278053286,signal
2023-05-08 20:00:00+00:00,long,82357.93577830894,2023-05-09 12:00:00+00:00,1187.011531903947,signal
2023-05-30 08:00:00+00:00,long,83544.94731021288,2023-05-31 08:01:00+00:00,-4684.351174051248,signal
2023-06-05 16:00:00+00:00,long,78860.59613616164,2023-06-06 20:00:00+00:00,4120.887400391119,signal
2023-06-21 00:00:00+00:00,long,82981.48353655275,2023-06-28 20:00:00+00:00,10586.98103247631,signal
2023-06-29 08:00:00+00:00,long,93568.46456902906,2023-06-30 16:00:00+00:00,-2115.9123432581837,signal
2023-07-12 12:00:00+00:00,long,91452.55222577088,2023-07-14 20:00:00+00:00,-5846.173927878088,signal
2023-08-17 00:00:00+00:00,long,85606.37829789279,2023-08-17 12:00:00+00:00,-1396.1343058680213,signal
2023-09-11 16:00:00+00:00,long,84210.24399202477,2023-09-12 00:00:00+00:00,91.34474743418104,signal
2023-09-16 20:00:00+00:00,long,84301.58873945895,2023-09-21 12:02:00+00:00,1575.8221232119977,signal
2023-09-29 04:00:00+00:00,long,85877.41086267095,2023-10-04 00:01:00+00:00,3870.808718078566,signal
2023-10-04 12:00:00+00:00,long,89748.21958074952,2023-10-09 12:00:00+00:00,-1191.8226458750432,signal
2023-10-16 20:00:00+00:00,long,88556.39693487447,2023-11-03 12:01:00+00:00,33767.575369041195,signal
2023-11-03 16:00:00+00:00,long,122323.97230391567,2023-11-04 20:07:00+00:00,-617.7837436347472,signal
2023-11-09 16:00:00+00:00,long,121706.18856028092,2023-11-14 00:00:00+00:00,-4625.092721308523,signal
2023-11-14 20:00:00+00:00,long,117081.0958389724,2023-11-15 20:00:00+00:00,6423.967387749304,signal
2023-12-01 20:00:00+00:00,long,123505.0632267217,2023-12-11 04:00:00+00:00,25649.684477983203,signal
2023-12-14 00:00:00+00:00,long,149154.7477047049,2023-12-14 16:01:00+00:00,-2602.2576771425083,signal
2023-12-19 00:00:00+00:00,long,146552.4900275624,2023-12-19 20:01:00+00:00,-2169.7615937685187,signal
2023-12-20 08:00:00+00:00,long,144382.72843379388,2023-12-24 20:07:00+00:00,2965.7238353122666,signal
2024-01-02 16:00:00+00:00,long,147348.45226910614,2024-01-03 12:00:00+00:00,-9589.490631458786,signal
2024-01-13 04:00:00+00:00,long,137758.96163764736,2024-01-15 00:00:00+00:00,-1583.5262428553542,signal
2024-01-30 16:00:00+00:00,long,136175.435394792,2024-02-01 04:01:00+00:00,-9713.078920022701,signal
2024-02-01 16:00:00+00:00,long,126462.3564747693,2024-02-03 16:03:00+00:00,3008.8147803192114,signal
2024-02-09 00:00:00+00:00,long,129471.17125508851,2024-02-17 16:01:00+00:00,36566.39746112788,signal
2024-02-18 00:00:00+00:00,long,166037.5687162164,2024-02-20 04:02:00+00:00,-1197.4598878560937,signal
2024-02-20 08:00:00+00:00,long,164840.1088283603,2024-02-21 12:00:00+00:00,-6191.930042205902,signal
2024-02-27 08:00:00+00:00,long,158648.1787861544,2024-03-05 20:00:00+00:00,26159.248404106154,signal
2024-03-06 08:00:00+00:00,long,184807.42719026055,2024-03-06 16:00:00+00:00,-855.8018253720365,signal
2024-03-07 16:00:00+00:00,long,183951.62536488852,2024-03-11 04:00:00+00:00,2820.094188465242,signal
2024-03-11 08:00:00+00:00,long,186771.71955335376,2024-03-13 20:00:00+00:00,6746.229371524736,signal
2024-03-21 00:00:00+00:00,long,193517.9489248785,2024-03-21 08:01:00+00:00,-2448.513683798228,signal
2024-03-21 12:00:00+00:00,long,191069.43524108027,2024-03-21 16:00:00+00:00,-1586.691893045645,signal
2024-03-26 12:00:00+00:00,long,189482.74334803462,2024-04-01 08:01:00+00:00,-5520.6473153053375,signal
2024-04-07 04:00:00+00:00,long,183962.09603272929,2024-04-09 20:02:00+00:00,-3269.123291610682,signal
2024-04-11 00:00:00+00:00,long,180692.9727411186,2024-04-11 16:00:00+00:00,-3044.7995374683233,signal
2024-05-16 12:00:00+00:00,long,177648.17320365028,2024-05-23 16:01:00+00:00,7526.294703823543,signal
2024-05-25 12:00:00+00:00,long,185174.46790747382,2024-05-26 08:03:00+00:00,570.6766750005481,signal
2024-06-05 00:00:00+00:00,long,185745.14458247437,2024-06-07 20:00:00+00:00,-8995.674558393308,signal
2024-06-10 16:00:00+00:00,long,176749.47002408106,2024-06-11 04:01:00+00:00,-13872.929355627479,signal
2024-06-12 16:00:00+00:00,long,162876.54066845358,2024-06-12 20:00:00+00:00,-12631.191444728582,signal
2024-07-16 04:00:00+00:00,long,150245.349223725,2024-07-23 08:01:00+00:00,7180.840734003665,signal
2024-07-24 16:00:00+00:00,long,157426.18995772867,2024-07-24 20:00:00+00:00,-2746.1005996563763,signal
2024-07-26 00:00:00+00:00,long,154680.0893580723,2024-07-29 20:01:00+00:00,5564.901807811664,signal
2024-08-24 20:00:00+00:00,long,160244.99116588396,2024-08-27 12:01:00+00:00,-8401.220825651108,signal
2024-09-19 08:00:00+00:00,long,151843.77034023285,2024-09-26 04:04:00+00:00,5702.335928507877,signal
2024-09-26 08:00:00+00:00,long,157546.10626874072,2024-09-30 04:01:00+00:00,3233.3041487593728,signal
2024-10-07 16:00:00+00:00,long,160779.4104175001,2024-10-08 08:02:00+00:00,-8327.928946005326,signal
2024-10-08 16:00:00+00:00,long,152451.48147149477,2024-10-09 08:04:00+00:00,-518.7126799580001,signal
2024-10-14 04:00:00+00:00,long,151932.76879153677,2024-10-21 16:00:00+00:00,15244.218022831366,signal
2024-10-25 00:00:00+00:00,long,167176.98681436814,2024-10-25 08:00:00+00:00,-4478.580467085092,signal
2024-10-25 16:00:00+00:00,long,162698.40634728305,2024-10-25 20:00:00+00:00,-5003.536970946414,signal
2024-10-29 08:00:00+00:00,long,157694.86937633663,2024-11-01 00:00:00+00:00,-3977.502189327468,signal
2024-11-01 16:00:00+00:00,long,153717.36718700916,2024-11-03 04:00:00+00:00,-4711.473839289974,signal
2024-11-05 16:00:00+00:00,long,149005.8933477192,2024-11-18 00:02:00+00:00,83424.73891670108,signal
2024-11-18 08:00:00+00:00,long,232430.63226442027,2024-11-18 16:00:00+00:00,1703.7395933425287,signal
2024-11-21 12:00:00+00:00,long,234134.3718577628,2024-11-24 16:00:00+00:00,-9439.00028287794,signal
2024-11-25 00:00:00+00:00,long,224695.37157488486,2024-11-25 16:00:00+00:00,-9207.710075765528,signal
2024-11-27 16:00:00+00:00,long,215487.66149911933,2024-11-28 20:05:00+00:00,-2020.3391493830422,signal
2024-12-16 12:00:00+00:00,long,213467.3223497363,2024-12-18 08:01:00+00:00,1187.771915575635,signal
2024-12-18 16:00:00+00:00,long,214655.09426531193,2024-12-18 20:00:00+00:00,-6427.836735881225,signal
2025-01-05 16:00:00+00:00,long,208227.2575294307,2025-01-07 16:00:00+00:00,-1348.8426338441495,signal
2025-01-16 08:00:00+00:00,long,206878.41489558655,2025-01-20 00:00:00+00:00,5072.344228299975,signal
2025-01-20 08:00:00+00:00,long,211950.75912388653,2025-01-20 20:01:00+00:00,-9460.50165055602,signal
2025-01-21 20:00:00+00:00,long,202490.2574733305,2025-01-22 12:01:00+00:00,-4375.924621821527,signal
2025-01-27 12:00:00+00:00,long,198114.33285150898,2025-01-29 20:00:00+00:00,10853.101724426233,signal
2025-02-25 00:00:00+00:00,long,208967.4345759352,2025-02-25 04:00:00+00:00,1337.193549060321,signal
2025-03-25 16:00:00+00:00,long,210304.62812499554,2025-03-26 20:00:00+00:00,-7439.068122924713,signal
2025-03-27 04:00:00+00:00,long,202865.56000207082,2025-03-27 12:00:00+00:00,-4356.122755849792,signal
2025-04-07 04:00:00+00:00,long,198509.43724622103,2025-04-07 08:00:00+00:00,-5294.0944065433,signal
2025-04-15 08:00:00+00:00,long,193215.34283967773,2025-04-20 12:01:00+00:00,-6345.805914740573,signal
2025-04-21 00:00:00+00:00,long,186869.53692493716,2025-04-30 16:03:00+00:00,55559.98027601195,signal
2025-05-01 12:00:00+00:00,long,242429.5172009491,2025-05-04 08:10:00+00:00,-2258.6677070208825,signal
2025-05-07 16:00:00+00:00,long,240170.84949392822,2025-05-15 04:03:00+00:00,33915.855860690266,signal
2025-05-15 20:00:00+00:00,long,274086.7053546185,2025-05-17 04:02:00+00:00,923.3774910578504,signal
2025-05-20 12:00:00+00:00,long,275010.08284567634,2025-05-24 00:00:00+00:00,13801.944396951178,signal
2025-05-24 12:00:00+00:00,long,288812.0272426275,2025-05-25 00:01:00+00:00,-7841.214233424922,signal
2025-05-26 00:00:00+00:00,long,280970.8130092026,2025-05-27 04:05:00+00:00,-1248.088606134057,signal
2025-06-03 04:00:00+00:00,long,279722.72440306854,2025-06-03 08:03:00+00:00,-2717.5531870569102,signal
2025-06-03 16:00:00+00:00,long,277005.17121601163,2025-06-04 20:03:00+00:00,-11589.72528173821,signal
2025-06-10 16:00:00+00:00,long,265415.4459342734,2025-06-12 12:01:00+00:00,-13731.224888969446,signal
2025-06-12 20:00:00+00:00,long,251684.22104530397,2025-06-13 00:00:00+00:00,-7880.293506750284,signal
2025-06-16 16:00:00+00:00,long,243803.9275385537,2025-06-17 12:01:00+00:00,-12176.266244818136,signal
2025-06-26 12:00:00+00:00,long,231627.66129373555,2025-06-28 16:01:00+00:00,-36.21974560339004,signal
2025-07-10 20:00:00+00:00,long,231591.44154813216,2025-07-15 08:03:00+00:00,20649.242089151405,signal
2025-07-15 16:00:00+00:00,long,252240.68363728357,2025-07-19 00:02:00+00:00,5793.681501786981,signal
2025-07-19 04:00:00+00:00,long,258034.36513907055,2025-07-19 16:03:00+00:00,-1995.1678451190528,signal
2025-08-10 08:00:00+00:00,long,256039.1972939515,2025-08-14 16:01:00+00:00,3428.2616210538836,signal
2025-09-12 08:00:00+00:00,long,259467.45891500538,2025-09-17 16:05:00+00:00,3412.1001399757806,signal
2025-09-18 04:00:00+00:00,long,262879.55905498116,2025-09-19 00:04:00+00:00,-4495.441696469585,signal
2025-09-22 08:00:00+00:00,long,258384.11735851158,2025-09-22 12:02:00+00:00,808.309892040008,signal
2025-10-01 20:00:00+00:00,long,259192.42725055158,2025-10-07 20:02:00+00:00,27958.365868809517,signal
2025-10-08 12:00:00+00:00,long,287150.7931193611,2025-10-09 12:03:00+00:00,-1889.7326726978645,signal
2025-10-09 16:00:00+00:00,long,285261.06044666324,2025-10-09 20:03:00+00:00,-1489.4421593600418,signal
2025-10-11 00:00:00+00:00,long,283771.6182873032,2025-10-11 04:00:00+00:00,-1001.028874093201,signal
2025-10-28 00:00:00+00:00,long,282770.58941321,2025-10-29 16:01:00+00:00,-17501.99107090215,signal
2025-12-01 16:00:00+00:00,long,265268.59834230784,2025-12-02 00:01:00+00:00,4279.798761077807,signal
2026-01-04 12:00:00+00:00,long,269548.39710338565,2026-01-07 12:06:00+00:00,5977.2785136107705,signal
2026-01-14 12:00:00+00:00,long,275525.6756169964,2026-01-18 16:07:00+00:00,1444.1441345799249,signal
2026-03-15 12:00:00+00:00,long,276969.81975157635,2026-03-18 16:00:00+00:00,-1903.4313811349566,signal
2026-04-08 08:00:00+00:00,long,275066.3883704414,2026-04-12 16:03:00+00:00,-7182.993965480011,signal
2026-04-13 16:00:00+00:00,long,267883.3944049614,2026-04-19 08:04:00+00:00,27386.867950180487,signal
2026-04-19 16:00:00+00:00,long,295270.26235514187,2026-04-19 20:03:00+00:00,-8898.066856180376,signal
2026-04-20 16:00:00+00:00,long,286372.1954989615,2026-04-21 20:01:00+00:00,-5693.873633785057,signal
2026-05-04 00:00:00+00:00,long,280678.32186517643,2026-05-08 04:13:00+00:00,14174.000534642546,signal
2026-05-08 12:00:00+00:00,long,294852.322399819,2026-05-12 12:08:00+00:00,3605.4168119938113,signal
2026-05-14 20:00:00+00:00,long,298457.7392118128,2026-05-15 08:02:00+00:00,-7074.941710898478,signal
2026-05-28 04:00:00+00:00,long,291382.7975009143,2026-05-29 00:02:00+00:00,1472.6983572556637,signal
2026-06-24 16:00:00+00:00,long,292855.49585817,2026-06-25 16:01:00+00:00,-3643.180608544906,signal
2026-07-07 16:00:00+00:00,long,289212.31524962507,2026-07-08 04:05:00+00:00,-11371.927234267583,signal
2026-07-15 16:00:00+00:00,long,277840.3880153575,2026-07-17 08:01:00+00:00,-28047.536597174883,signal
2026-07-17 20:00:00+00:00,long,249792.8514181826,2026-07-23 16:04:00+00:00,6349.020045397192,signal
2026-07-24 08:00:00+00:00,long,256141.8714635798,2026-07-27 16:05:00+00:00,-17662.66295267202,signal
2026-07-31 00:00:00+00:00,long,238479.20851090777,2026-07-31 04:01:00+00:00,-5437.270356791705,signal
