timestamp,reason,side,quantity,price,notional,fee,slippage_bps,participation,realized_pnl,position_after,liquidity,limit_price,trigger_price
2020-02-04 16:00:00+00:00,signal,buy,0.115,9208.099572,1058.93145078,0.01270717740936,-0.5,0.000533107502578311,0.0,0.115,maker,9208.099572,
2020-02-04 20:00:00+00:00,signal,sell,0.115,9185.552096784611,1056.3384911302303,0.25352123787125525,1.2821789857642705,0.001244140312608631,-2.592959649769591,0.0,taker,,
2020-04-02 04:00:00+00:00,signal,sell,0.081,6602.680117500001,534.8170895175001,0.006417805074210001,-0.5,0.00024187251451809134,0.0,-0.081,maker,6602.680117500001,
2020-04-02 12:00:00+00:00,signal,buy,0.081,6687.08412884509,541.6538144364523,0.12999691546474854,1.0680366852114385,7.232797710250557e-05,-6.836724918952226,0.0,taker,,
2020-04-18 20:03:00+00:00,signal,sell,0.112,7195.5097575,805.89709284,0.00967076511408,-0.5,0.0011812816155815516,0.0,-0.112,maker,7195.5097575,
2020-04-20 04:00:00+00:00,signal,buy,0.112,7156.629795876537,801.5425371381722,0.1923702089131613,1.103708127258983,0.00016805274468070956,4.3545557018278345,0.0,taker,,
2020-08-08 16:00:00+00:00,signal,sell,0.074,11745.837262500001,869.191957425,0.0104303034891,-0.5,0.00038505712003844176,0.0,-0.074,maker,11745.837262500001,
2020-08-09 13:40:00+00:00,take_profit,buy,0.074,11620.747901637398,859.9353447211674,0.20638448273308016,1.1040969936201683,,9.256612703832616,0.0,taker,,11619.465
2020-08-17 04:00:00+00:00,signal,sell,0.088,11856.852813000001,1043.403047544,0.012520836570528,-0.5,0.0002976537220515447,0.0,-0.088,maker,11856.852813000001,
2020-08-17 13:23:00+00:00,stop_loss,buy,0.088,12160.666297725855,1070.1386341998752,0.25683327220797003,1.0331897072768226,,-26.7355866558751,0.0,taker,,12159.41
2020-08-21 16:00:00+00:00,signal,buy,0.093,11725.273707,1090.450454751,0.013085405457012,-0.5,0.0004752258408996421,0.0,0.093,maker,11725.273707,
2020-08-21 20:00:00+00:00,signal,sell,0.093,11678.23650810514,1086.075995253778,0.2606582388609067,1.2444610215344853,0.0009337686101513134,-4.374459497222066,0.0,taker,,
2020-08-31 04:00:00+00:00,signal,sell,0.128,11681.884065,1495.28116032,0.01794337392384,-0.5,0.003200525709835386,0.0,-0.128,maker,11681.884065,
2020-08-31 16:00:00+00:00,signal,sell,0.126,11749.58745,1480.4480187000001,0.0177653762244,-0.5,0.00039191781079443976,0.0,-0.254,maker,11749.58745,
2020-08-31 20:00:00+00:00,signal,buy,0.254,11731.413554076638,2979.779042735466,0.7151469702565119,1.2818121167481762,0.0012409073304076202,-4.049863715465967,0.0,taker,,
2020-09-13 00:00:00+00:00,signal,sell,0.101,10438.811914500002,1054.3200033645003,0.012651840040374004,-0.5,0.0007336262179697676,0.0,-0.101,maker,10438.811914500002,
2020-09-13 04:00:00+00:00,signal,buy,0.101,10555.793443668881,1066.1351378105571,0.25587243307453367,1.0738798491668082,8.5284876764224e-05,-11.8151344460568,0.0,taker,,
2020-09-27 20:00:00+00:00,signal,sell,0.123,10727.7663615,1319.5152624645,0.015834183149574,-0.5,0.0018723615872540478,0.0,-0.123,maker,10727.7663615,
2020-09-28 00:00:00+00:00,signal,buy,0.123,10769.163191404909,1324.6070725428037,0.31790569741027286,1.0802297593880272,0.00010057522330407414,-5.0918100783037294,0.0,taker,,
2020-10-06 04:00:00+00:00,signal,sell,0.167,10758.2478855,1796.6273968785003,0.021559528762542003,-0.5,0.005169377666628111,0.0,-0.167,maker,10758.2478855,
2020-10-06 16:00:00+00:00,signal,buy,0.167,10728.126033216457,1791.5970475471483,0.4299832914113156,1.1709223813232055,0.000456475944331176,5.030349331351896,0.0,taker,,
2021-02-14 16:00:00+00:00,signal,sell,0.01,48632.51150400001,486.3251150400001,0.005835901380480002,-0.5,1.5155385692249375e-05,0.0,-0.01,maker,48632.51150400001,
2021-02-15 02:19:00+00:00,take_profit,buy,0.01,46961.824576112966,469.6182457611297,0.11270837898267111,1.0136017046551258,,16.706869278870435,0.0,taker,,46957.065
2021-03-20 16:00:00+00:00,signal,sell,0.01,59287.6742355,592.876742355,0.00711452090826,-0.5,1.7748312324742e-05,0.0,-0.01,maker,59287.6742355,
2021-03-21 04:29:00+00:00,take_profit,buy,0.01,57338.413323373556,573.3841332337356,0.13761219197609653,1.0375139763408756,,19.49260912126447,0.0,taker,,57332.465
2021-03-29 04:00:00+00:00,signal,sell,0.012,55418.81080200001,665.0257296240001,0.007980308755488,-0.5,0.00011589563365464154,0.0,-0.012,maker,55418.81080200001,
2021-03-29 09:36:00+00:00,stop_loss,buy,0.012,57464.206704781536,689.5704804573785,0.16549691530977081,1.0317457178987388,,-24.544750833378348,0.0,taker,,57458.278471504455
2021-04-01 20:00:00+00:00,signal,sell,0.012,58996.229664000006,707.9547559680001,0.008495457071616001,-0.5,8.721888182007661e-05,0.0,-0.012,maker,58996.229664000006,
2021-04-02 04:00:00+00:00,signal,sell,0.012,59982.999,719.7959880000001,0.008637551856,-0.5,1.915050074080665e-05,0.0,-0.024,maker,59982.999,
2021-04-02 08:00:00+00:00,signal,buy,0.012,59522.16810369293,714.2660172443152,0.17142384413863562,1.0515009672075477,4.14429628642641e-05,-0.3906452603150101,-0.012,taker,,
2021-04-02 19:07:00+00:00,take_profit,buy,0.012,58610.93030750589,703.3311636900708,0.16879947928561698,1.0247103815743683,,10.544208293929435,0.0,taker,,58604.925
2021-05-03 12:00:00+00:00,signal,sell,0.012,58730.886397500006,704.7706367700001,0.008457247641240001,-0.5,9.636399533757318e-05,0.0,-0.012,maker,58730.886397500006,
2021-05-04 00:51:00+00:00,take_profit,buy,0.012,56055.77795447124,672.6693354536549,0.16144064050887716,1.01212200605811,,32.1013013163452,0.0,taker,,56050.104999999996
2021-06-02 12:00:00+00:00,signal,sell,0.011,37210.76044500001,409.31836489500006,0.004911820378740001,-0.5,5.986249744571005e-05,0.0,-0.011,maker,37210.76044500001,
2021-06-02 16:00:00+00:00,signal,sell,0.011,38034.5716335,418.3802879685,0.005020563455622,-0.5,2.1322351513792978e-05,0.0,-0.022,maker,38034.5716335,
2021-06-02 20:00:00+00:00,signal,buy,0.011,37893.89719975876,416.8328691973463,0.10003988860736311,1.0311957745990157,1.5205880513009318e-05,-2.9835427655962774,-0.011,taker,,
2021-06-03 08:00:00+00:00,signal,buy,0.011,38635.55990362188,424.9911589398406,0.10199787814556173,1.04834204562014,3.651489648030764e-05,-11.141832508090593,0.0,taker,,
2021-07-12 08:01:00+00:00,signal,sell,0.024,34247.812305,821.94749532,0.009863369943840001,-0.5,4.1250372946704016e-05,0.0,-0.024,maker,34247.812305,
2021-07-12 12:31:00+00:00,take_profit,buy,0.024,33459.81334711154,803.0355203306771,0.19272852487936248,1.0306998717693385,,18.911974989322946,0.0,taker,,33456.365000000005
2021-08-16 08:00:00+00:00,signal,sell,0.015,47337.4567545,710.0618513175,0.00852074221581,-0.5,8.308657829540525e-05,0.0,-0.015,maker,47337.4567545,
2021-08-16 15:11:00+00:00,take_profit,buy,0.015,46054.73875922274,690.8210813883411,0.16579705953320184,1.0290465195954683,,19.240769929158958,0.0,taker,,46050.0
2021-08-19 08:00:00+00:00,signal,buy,0.015,44682.025787,670.230386805,0.00804276464166,-0.5,9.748864495826367e-06,0.0,0.015,maker,44682.025787,
2021-08-19 12:00:00+00:00,signal,sell,0.015,44230.39114048611,663.4558671072916,0.15922940810574998,1.044163777491594,3.0475613161359762e-05,-6.774519697708383,0.0,taker,,
2021-08-26 20:00:00+00:00,signal,buy,0.016,46943.8026925,751.10084308,0.00901321011696,-0.5,0.00011770708816818974,0.0,0.016,maker,46943.8026925,
2021-08-27 15:03:00+00:00,take_profit,sell,0.016,48377.43531899112,774.0389651038579,0.1857693516249259,1.0209670378677862,,22.938122023857897,0.0,taker,,48382.375
2021-09-01 08:01:00+00:00,signal,buy,0.018000000000000002,47240.877838,850.3358010840001,0.010204029613008002,-0.5,0.0001726747717169574,0.0,0.018000000000000002,maker,47240.877838,
2021-09-01 16:38:00+00:00,take_profit,sell,0.018000000000000002,48155.14412280477,866.792594210486,0.20803022261051662,1.0280040343015981,,16.456793126485852,0.0,taker,,48160.095
2021-10-20 04:00:00+00:00,signal,sell,0.011,63874.653573,702.621189303,0.008431454271636002,-0.5,0.00016965815894243982,0.0,-0.011,maker,63874.653573,
2021-10-20 12:00:00+00:00,signal,buy,0.011,63862.99189842287,702.4929108826516,0.16859829861183637,1.082418216537405,0.00010613691276885308,0.12827842034844797,0.0,taker,,
2021-11-03 00:00:00+00:00,signal,sell,0.012,63269.85333450001,759.2382400140001,0.009110858880168002,-0.5,1.5022003289942642e-05,0.0,-0.012,maker,63269.85333450001,
2021-11-03 04:00:00+00:00,signal,buy,0.012,63277.568094871276,759.3308171384554,0.18223939611322926,1.1171232835648695,0.00021434161801588768,-0.09257712445518701,0.0,taker,,
2021-11-05 20:00:00+00:00,signal,buy,0.013000000000000001,61149.722361,794.9463906930001,0.009539356688316002,-0.5,0.00012508071893300188,0.0,0.013000000000000001,maker,61149.722361,
2021-11-06 04:00:00+00:00,signal,sell,0.013000000000000001,61162.32782537166,795.1102617298317,0.19082646281515958,1.115296620655312,0.0002077079802271088,0.16387103683162424,0.0,taker,,
2021-11-15 08:00:00+00:00,signal,sell,0.014,65629.321302,918.810498228,0.011025725978736,-0.5,0.00010466218808432961,0.0,-0.014,maker,65629.321302,
2021-11-15 15:45:00+00:00,take_profit,buy,0.014,64360.638713314744,901.0489419864065,0.21625174607673753,1.0277077952388132,,17.761556241593542,0.0,taker,,64354.025
2021-11-25 20:00:00+00:00,signal,sell,0.012,58911.035404500006,706.932424854,0.008483189098248,-0.5,0.0001477708400531074,0.0,-0.012,maker,58911.035404500006,
2021-11-26 07:30:00+00:00,take_profit,buy,0.012,57443.27243591953,689.3192692310344,0.16543662461544822,1.0433007829633607,,17.613155622965746,0.0,taker,,57437.28
2022-02-01 08:00:00+00:00,signal,sell,0.019,38422.571032500004,730.0288496175001,0.008760346195410001,-0.5,0.00024099625765677671,0.0,-0.019,maker,38422.571032500004,
2022-02-02 04:00:00+00:00,signal,buy,0.019,38544.465674821404,732.3448478216067,0.17576276347718559,1.086052001024079,0.00011570229500387666,-2.315998204106603,0.0,taker,,
2022-02-13 12:00:00+00:00,signal,buy,0.017,42459.8769,721.8179073000001,0.0086618148876,-0.5,0.00015013662110680836,0.0,0.017,maker,42459.8769,
2022-02-14 04:00:00+00:00,signal,buy,0.018000000000000002,41890.845353000004,754.0352163540001,0.009048422596248001,-0.5,0.00018676754159782413,0.0,0.035,maker,41890.845353000004,
2022-02-14 08:00:00+00:00,signal,sell,0.018000000000000002,42285.828580289686,761.1449144452145,0.18267477946685146,1.0833235502608747,0.00010848146918869563,2.1347365660142534,0.017,taker,,
2022-02-14 16:00:00+00:00,signal,sell,0.017,42560.43272531247,723.527356330312,0.17364656551927488,1.0730117907960843,8.329252492579984e-05,6.684410555511932,0.0,taker,,
2022-03-13 04:01:00+00:00,signal,buy,0.016,39177.941005,626.84705608,0.007522164672960001,-0.5,0.00022185783808625025,0.0,0.016,maker,39177.941005,
2022-03-13 16:00:00+00:00,signal,sell,0.016,38909.1727349222,622.5467637587552,0.14941122330210124,1.060630961086575,5.743927253565265e-05,-4.300292321244837,0.0,taker,,
2022-04-18 04:00:00+00:00,signal,buy,0.027,39786.31058500001,1074.230385795,0.01289076462954,-0.5,0.0002547808231239632,0.0,0.027,maker,39786.31058500001,
2022-04-18 04:24:00+00:00,stop_loss,sell,0.027,38875.32899558758,1049.6338828808646,0.2519121318914075,1.0213672603205,,-24.596502914135495,0.0,taker,,38879.3
2022-05-18 20:00:00+00:00,signal,buy,0.017,29256.037125,497.352631125,0.0059682315735,-0.5,7.364850257929412e-05,0.0,0.017,maker,29256.037125,
2022-05-19 00:00:00+00:00,signal,sell,0.017,28697.638284963916,487.8598508443866,0.11708636420265277,1.0319348850135899,1.5934951262987574e-05,-9.492780280613413,0.0,taker,,
2022-05-24 00:00:00+00:00,signal,buy,0.023,29096.34511,669.2159375299999,0.008030591250359998,-0.5,7.239667652829735e-05,0.0,0.023,maker,29096.34511,
2022-05-24 23:09:00+00:00,take_profit,sell,0.023,29644.767439878342,681.8296511172018,0.1636391162681284,1.0228617710784556,,12.613713587201902,0.0,taker,,29647.8
2022-06-25 12:00:00+00:00,signal,sell,0.024,21330.266460000003,511.92639504000005,0.006143116740480001,-0.5,7.477277221055003e-05,0.0,-0.024,maker,21330.266460000003,
2022-06-26 12:00:00+00:00,signal,sell,0.023,21700.484970000005,499.11115431000013,0.005989333851720002,-0.5,1.6942357793387638e-05,0.0,-0.047,maker,21700.484970000005,
2022-06-26 16:00:00+00:00,signal,buy,0.023,21316.45115416136,490.2783765457113,0.1176668103709707,1.056175770782744,4.9308081609927735e-05,4.4846795191824205,-0.024,taker,,
2022-06-27 13:35:00+00:00,take_profit,buy,0.024,21025.200860589175,504.6048206541402,0.12110515695699364,1.0230963581271937,,11.669672630966293,0.0,taker,,21023.05
2022-07-07 04:00:00+00:00,signal,sell,0.033,20475.0237,675.6757821000001,0.0081081093852,-0.5,0.0002305924688986684,0.0,-0.033,maker,20475.0237,
2022-07-07 12:00:00+00:00,signal,buy,0.033,20506.50772621448,676.7147549650779,0.16241154119161869,1.0767137695416522,9.195316308265188e-05,-1.0389728650778052,0.0,taker,,
2022-07-24 00:02:00+00:00,signal,buy,0.027,22498.775005000003,607.4669251350001,0.007289603101620002,-0.5,3.72498646548588e-05,0.0,0.027,maker,22498.775005000003,
2022-07-24 12:00:00+00:00,signal,sell,0.027,22645.752344614535,611.4353133045925,0.1467444751931022,1.0365793975944433,2.0907067630818055e-05,3.968388169592363,0.0,taker,,
2022-08-03 08:01:00+00:00,signal,buy,0.033,22985.45067,758.5198721099999,0.00910223846532,-0.5,6.083650924857946e-05,0.0,0.033,maker,22985.45067,
2022-08-03 20:00:00+00:00,signal,sell,0.033,23447.60696411956,773.7710298159456,0.18570504715582692,1.1057627996516335,0.00017477765297111816,15.251157705945564,0.0,taker,,
2022-08-04 16:01:00+00:00,signal,buy,0.034,22946.05264,780.1657897600002,0.009361989477120003,-0.5,7.35803055285707e-05,0.0,0.034,maker,22946.05264,
2022-08-04 20:00:00+00:00,signal,sell,0.034,22436.680792882726,762.8471469580127,0.18308331526992302,1.0781212781585527,9.535834533009341e-05,-17.318642801987387,0.0,taker,,
2022-08-13 08:00:00+00:00,signal,sell,0.037,24567.328305000003,908.991147285,0.010907893767420001,-0.5,8.29482921519861e-05,0.0,-0.037,maker,24567.328305000003,
2022-08-14 08:00:00+00:00,signal,buy,0.037,24869.820469768583,920.1833573814375,0.22084400577154498,1.0537856166288773,4.520144618982129e-05,-11.19221009643748,0.0,taker,,
2022-08-16 20:00:00+00:00,signal,buy,0.037,23918.504015000002,884.984648555,0.01061981578266,-0.5,0.00015490865707125847,0.0,0.037,maker,23918.504015000002,
2022-08-17 06:44:00+00:00,take_profit,sell,0.037,24422.44170749379,903.6303431772701,0.2168712823625448,1.0474073720425388,,18.64569462227008,0.0,taker,,24425.0
2022-10-21 04:00:00+00:00,signal,buy,0.073,19043.0478,1390.1424894,0.0166817098728,-0.5,0.00038420886550512794,0.0,0.073,maker,19043.0478,
2022-10-21 12:13:00+00:00,stop_loss,sell,0.073,18696.5121443227,1364.845386535557,0.3275628927685337,1.021365244242403,,-25.297102864442927,0.0,taker,,18698.421936151477
2022-11-25 16:01:00+00:00,signal,sell,0.065,16495.02471,1072.1766061500002,0.012866119273800002,-0.5,0.00029655996354002896,0.0,-0.065,maker,16495.02471,
2022-11-26 00:00:00+00:00,signal,buy,0.065,16518.031157841844,1073.67202525972,0.25768128606233276,1.108704085591105,0.00018463403475309825,-1.495419109719769,0.0,taker,,
2023-02-23 20:01:00+00:00,signal,buy,0.034,23979.00099,815.28603366,0.009783432403920002,-0.5,6.721935640284072e-05,0.0,0.034,maker,23979.00099,
2023-02-24 16:00:00+00:00,signal,sell,0.034,23334.68268961066,793.3792114467625,0.19041101074722297,1.0358229554391316,2.0051314631156335e-05,-21.906822213237533,0.0,taker,,
2023-04-05 08:00:00+00:00,signal,sell,0.036000000000000004,28517.125785000004,1026.6165282600002,0.012319398339120003,-0.5,0.0001909415965226441,0.0,-0.036000000000000004,maker,28517.125785000004,
2023-04-05 15:03:00+00:00,take_profit,buy,0.036000000000000004,27985.873328443042,1007.4914398239496,0.2417979455577479,1.0268121513221007,,19.125088436050635,0.0,taker,,27983.0
2023-04-08 00:00:00+00:00,signal,buy,0.045,27889.305465,1255.018745925,0.015060224951100001,-0.5,0.001255305148052379,0.0,0.045,maker,27889.305465,
2023-04-09 18:53:00+00:00,take_profit,sell,0.045,27989.235667886307,1259.5156050548837,0.3022837452131721,1.0232644616482918,,4.4968591298837595,0.0,taker,,27992.1
2023-04-30 20:02:00+00:00,signal,sell,0.034,29283.164085000004,995.6275788900002,0.011947530946680003,-0.5,4.718405022088941e-05,0.0,-0.034,maker,29283.164085000004,
2023-05-01 01:38:00+00:00,take_profit,buy,0.034,29160.61010903927,991.4607437073353,0.23795057848976045,1.015208372164973,,4.1668351826649745,0.0,taker,,29157.65
2023-07-05 20:00:00+00:00,signal,buy,0.047,30418.479,1429.668513,0.017156022156,-0.5,0.0001344185296973792,0.0,0.047,maker,30418.479,
2023-07-06 04:00:00+00:00,signal,sell,0.047,30473.865520127834,1432.2716794460082,0.3437452030670419,1.2253195370251815,0.0007932639650819091,2.603166446008243,0.0,taker,,
2023-07-17 04:00:00+00:00,signal,buy,0.053,30294.385205000002,1605.602415865,0.01926722899038,-0.5,0.000855367053557846,0.0,0.053,maker,30294.385205000002,
2023-07-17 18:34:00+00:00,stop_loss,sell,0.053,29818.119078824257,1580.3603111776856,0.37928647468264454,1.0247437208268828,,-25.242104687314523,0.0,taker,,29821.17498500561
2023-08-05 20:00:00+00:00,signal,buy,0.07200000000000001,29055.447155,2091.9921951600004,0.025103906341920005,-0.5,0.0019463352320736298,0.0,0.07200000000000001,maker,29055.447155,
2023-08-06 04:00:00+00:00,signal,sell,0.07200000000000001,29049.110981588175,2091.535990674349,0.5019686377618436,1.5106677033152531,0.004074710987644927,-0.456204485651484,0.0,taker,,
2023-08-08 04:00:00+00:00,signal,sell,0.078,29184.259140000002,2276.37221292,0.02731646655504,-0.5,0.0010267576781271882,0.0,-0.078,maker,29184.259140000002,
2023-08-08 12:00:00+00:00,signal,buy,0.078,29431.159185010012,2295.6304164307808,0.5509512999433873,1.0395455398107196,2.443515185814392e-05,-19.258203510780795,0.0,taker,,
2023-11-21 00:00:00+00:00,signal,sell,0.03,37464.473130000006,1123.9341939,0.013487210326800001,-0.5,0.0003667187535892844,0.0,-0.03,maker,37464.473130000006,
2023-11-21 14:35:00+00:00,take_profit,buy,0.03,36830.33876137807,1104.910162841342,0.26517843908192207,1.04239104396893,,19.024031058658,0.0,taker,,36826.5
2024-01-07 12:00:00+00:00,signal,sell,0.022,44056.2027,969.2364594,0.0116308375128,-0.5,0.00019255171405953658,0.0,-0.022,maker,44056.2027,
2024-01-08 02:17:00+00:00,take_profit,buy,0.022,43574.917821701456,958.648192077432,0.23007556609858365,1.0369015894865958,,10.588267322568004,0.0,taker,,43570.4
2024-02-24 04:00:00+00:00,signal,buy,0.023,50875.65609,1170.1400900699998,0.014041681080839998,-0.5,0.0002179201901959221,0.0,0.023,maker,50875.65609,
2024-02-24 17:39:00+00:00,take_profit,sell,0.023,51531.8426084778,1185.2323799949893,0.2844557711987974,1.049220034479724,,15.092289924989396,0.0,taker,,51537.25
2024-05-11 08:01:00+00:00,signal,buy,0.015,61024.9486,915.374229,0.010984490748,-0.5,0.00013291760368612686,0.0,0.015,maker,61024.9486,
2024-05-12 00:00:00+00:00,signal,sell,0.015,60802.59745863153,912.0389618794729,0.21888935085107347,1.0857800083654108,0.00011497202867453064,-3.3352671205271327,0.0,taker,,
2024-05-14 00:00:00+00:00,signal,sell,0.018000000000000002,62915.345610000004,1132.47622098,0.013589714651760001,-0.5,8.898200270298707e-05,0.0,-0.018000000000000002,maker,62915.345610000004,
2024-05-14 06:14:00+00:00,take_profit,buy,0.018000000000000002,61788.279867246776,1112.189037610442,0.26692536902650604,1.0245496049865352,,20.287183369558104,0.0,taker,,61781.95
2024-05-30 00:00:00+00:00,signal,buy,0.016,67683.41566,1082.93465056,0.012995215806719999,-0.5,0.00013082898008477992,0.0,0.016,maker,67683.41566,
2024-05-30 17:16:00+00:00,take_profit,sell,0.016,68932.12896583274,1102.914063453324,0.2646993752287977,1.0692033112014148,,19.979412893323925,0.0,taker,,68939.5
2024-06-29 00:01:00+00:00,signal,buy,0.019,60440.877805000004,1148.3766782950001,0.013780520139540002,-0.5,0.00013774509214694054,0.0,0.019,maker,60440.877805000004,
2024-06-30 07:02:00+00:00,take_profit,sell,0.019,61202.53766314282,1162.8482155997135,0.2790835717439312,1.0312784600885687,,14.471537304713557,0.0,taker,,61208.85
2024-07-24 00:00:00+00:00,signal,buy,0.015,65913.004185,988.6950627749999,0.011864340753299998,-0.5,0.0001479567526457936,0.0,0.015,maker,65913.004185,
2024-07-24 14:31:00+00:00,take_profit,sell,0.015,66931.25078923903,1003.9687618385854,0.24095250284126046,1.0232155918642023,,15.273699063585445,0.0,taker,,66938.1
2024-08-22 00:00:00+00:00,signal,sell,0.014,61123.056000000004,855.722784,0.010268673408,-0.5,0.00011642231504062283,0.0,-0.014,maker,61123.056000000004,
2024-08-22 02:52:00+00:00,take_profit,buy,0.014,59778.03343940604,836.8924681516846,0.20085419235640428,1.0177749606701851,,18.830315848315486,0.0,taker,,59771.95
2024-12-14 00:00:00+00:00,signal,sell,0.009000000000000001,101376.968595,912.3927173550001,0.01094871260826,-0.5,0.00021762965679191006,0.0,-0.009000000000000001,maker,101376.968595,
2024-12-14 20:00:00+00:00,signal,buy,0.009000000000000001,101304.28901092743,911.738601098347,0.21881726426360326,1.104617286608702,0.000171012135271364,0.654116256653113,0.0,taker,,
2024-12-31 08:00:00+00:00,signal,buy,0.011,92814.859025,1020.9634492749999,0.012251561391299999,-0.5,0.0002926060036046743,0.0,0.011,maker,92814.859025,
2024-12-31 08:31:00+00:00,take_profit,sell,0.011,94527.63430074487,1039.8039773081935,0.2495529545539664,1.0171333791837014,,18.840528033193635,0.0,taker,,94537.25
2025-01-24 20:01:00+00:00,signal,sell,0.007,105634.38145500001,739.440670185,0.00887328804222,-0.5,4.1839284732169446e-05,0.0,-0.007,maker,105634.38145500001,
2025-01-25 08:36:00+00:00,take_profit,buy,0.007,104237.80040881259,729.6646028616882,0.17511950468680515,1.1034075672446493,,9.776067323311946,0.0,taker,,104226.3
2025-01-30 08:00:00+00:00,signal,sell,0.009000000000000001,105090.45426000001,945.8140883400002,0.011349769060080003,-0.5,4.3921024067313716e-05,0.0,-0.009000000000000001,maker,105090.45426000001,
2025-01-30 20:00:00+00:00,signal,buy,0.009000000000000001,105671.03916103132,951.039352449282,0.22824944458782764,1.0542467891150886,4.597990827026396e-05,-5.225264109281794,0.0,taker,,
2025-02-08 04:00:00+00:00,signal,buy,0.009000000000000001,96655.167,869.8965030000002,0.010438758036000003,-0.5,9.105031390563589e-05,0.0,0.009000000000000001,maker,96655.167,
2025-02-09 12:00:00+00:00,signal,sell,0.009000000000000001,96501.30096089392,868.5117086480453,0.20844281007553087,1.0256881176569208,1.0310615449309506e-05,-1.3847943519547554,0.0,taker,,
2025-02-18 00:01:00+00:00,signal,buy,0.016,95770.61123,1532.32977968,0.01838795735616,-0.5,7.492174211308126e-05,0.0,0.016,maker,95770.61123,
2025-02-18 17:35:00+00:00,stop_loss,sell,0.016,94212.79780888467,1507.4047649421548,0.3617771435861171,1.046051755808549,,-24.925014737845167,0.0,taker,,94222.6539861486
2025-02-20 08:00:00+00:00,signal,sell,0.015,96830.54128500001,1452.4581192750002,0.0174294974313,-0.5,0.0002867886347217135,0.0,-0.015,maker,96830.54128500001,
2025-02-20 20:00:00+00:00,signal,buy,0.015,98380.59683670582,1475.7089525505874,0.3541701486121409,1.0874095333867764,0.00011938166448271828,-23.250833275587137,0.0,taker,,
2025-03-14 20:01:00+00:00,signal,sell,0.008,84424.221,675.393768,0.008104725216000001,-0.5,7.876793076170069e-05,0.0,-0.008,maker,84424.221,
2025-03-15 12:00:00+00:00,signal,buy,0.008,84063.50993979225,672.508079518338,0.16140193908440112,1.048119830568927,3.61799702184725e-05,2.8856884816620734,0.0,taker,,
2025-04-19 16:00:00+00:00,signal,sell,0.017,85150.55731500001,1447.5594743550002,0.017370713692260002,-0.5,0.00034354220699507555,0.0,-0.017,maker,85150.55731500001,
2025-04-20 10:30:00+00:00,take_profit,buy,0.017,84359.00788021946,1434.103133963731,0.3441847521512954,1.067917038467299,,13.456340391269363,0.0,taker,,84350.0
2025-05-27 20:00:00+00:00,signal,sell,0.011,109830.29124000002,1208.1332036400001,0.014497598443680003,-0.5,8.248342312005057e-05,0.0,-0.011,maker,109830.29124000002,
2025-05-27 22:23:00+00:00,take_profit,buy,0.011,108610.11899987182,1194.7113089985899,0.28673071415966156,1.069904268642291,,13.421894641410224,0.0,taker,,108598.5
2025-06-03 20:00:00+00:00,signal,sell,0.013000000000000001,106185.00898500001,1380.4051168050003,0.016564861401660004,-0.5,0.00011125630819491355,0.0,-0.013000000000000001,maker,106185.00898500001,
2025-06-04 12:00:00+00:00,take_profit,buy,0.013000000000000001,105120.5734402608,1366.5674547233907,0.32797618913361376,1.0344849486589347,,13.837662081609611,0.0,taker,,105109.7
2025-06-19 20:03:00+00:00,signal,buy,0.013000000000000001,104288.08533500001,1355.7451093550003,0.016268941312260005,-0.5,0.000388573996491719,0.0,0.013000000000000001,maker,104288.08533500001,
2025-06-20 08:07:00+00:00,take_profit,sell,0.013000000000000001,106089.12852492934,1379.1586708240816,0.33099808099777955,1.0246442102408688,,23.413561469081326,0.0,taker,,106100.0
2025-07-22 16:00:00+00:00,signal,sell,0.01,118905.74499000002,1189.0574499000002,0.014268689398800003,-0.5,0.00011557983570887466,0.0,-0.01,maker,118905.74499000002,
2025-07-23 00:00:00+00:00,signal,sell,0.011,119999.69968500001,1319.9966965350002,0.015839960358420002,-0.5,0.00011486655074883106,0.0,-0.020999999999999998,maker,119999.69968500001,
2025-07-23 04:00:00+00:00,signal,buy,0.01,118633.82513126575,1186.3382513126576,0.2847211803150378,1.1064789927688548,0.00017715274845421603,8.449437465914235,-0.010999999999999998,taker,,
2025-07-23 09:21:00+00:00,take_profit,buy,0.010999999999999998,118095.43474601218,1299.0497822061336,0.31177194772947203,1.0911642755157551,,15.216675450294959,0.0,taker,,118082.55
2025-08-06 20:02:00+00:00,signal,sell,0.014,115169.65819500001,1612.3752147300002,0.01934850257676,-0.5,0.00039314572068485334,0.0,-0.014,maker,115169.65819500001,
2025-08-07 12:00:00+00:00,signal,buy,0.014,116481.26009961487,1630.737641394608,0.3913770339347059,1.04406229762734,3.0335719878129333e-05,-18.36242666460801,0.0,taker,,
2025-08-17 08:01:00+00:00,signal,buy,0.014,117969.401235,1651.57161729,0.01981885940748,-0.5,0.0007718674131795566,0.0,0.014,maker,117969.401235,
2025-08-18 00:00:00+00:00,signal,sell,0.014,117341.18015255344,1642.776522135748,0.3942663653125795,1.0838879190690465,0.00010995598383960779,-8.795095154251817,0.0,taker,,
2025-09-03 04:00:00+00:00,signal,sell,0.012,110997.34959000001,1331.9681950800002,0.01598361834096,-0.5,0.00025531794268144416,0.0,-0.012,maker,110997.34959000001,
2025-09-03 16:00:00+00:00,signal,buy,0.012,112180.27576295736,1346.1633091554884,0.3230791941973172,1.0498279782083375,3.879417831766507e-05,-14.195114075488178,0.0,taker,,
2025-09-05 12:00:00+00:00,signal,sell,0.012,112305.21498000002,1347.6625797600002,0.016171950957120002,-0.5,0.0001682707511355645,0.0,-0.012,maker,112305.21498000002,
2025-09-05 16:00:00+00:00,signal,buy,0.012,110685.67675685165,1328.2281210822198,0.31877474905973274,1.0460222266669057,3.3094458552813246e-05,19.43445867778041,0.0,taker,,
2025-09-07 00:00:00+00:00,signal,buy,0.014,110129.69324,1541.81570536,0.01850178846432,-0.5,0.0001947343153834673,0.0,0.014,maker,110129.69324,
2025-09-07 08:30:00+00:00,take_profit,sell,0.014,111295.08015681281,1558.1311221953792,0.373951469326891,1.0439482247882712,,16.31541683537941,0.0,taker,,111306.70000000001
2025-09-18 20:00:00+00:00,signal,sell,0.016,117408.770145,1878.54032232,0.022542483867840003,-0.5,0.00011376281473138595,0.0,-0.016,maker,117408.770145,
2025-09-19 12:46:00+00:00,take_profit,buy,0.016,116119.09560500452,1857.9055296800723,0.44589732712321734,1.0546841124793016,,20.634792639927706,0.0,taker,,116106.85
2025-12-13 00:00:00+00:00,signal,buy,0.011,90225.188515,992.4770736649999,0.011909724883979999,-0.5,0.00033157585043974794,0.0,0.011,maker,90225.188515,
2025-12-14 04:00:00+00:00,signal,sell,0.011,90210.76563538445,992.3184219892289,0.2381564212774149,1.2895206307464748,0.0013097218066849478,-0.1586516757710633,0.0,taker,,
2025-12-22 16:00:00+00:00,signal,sell,0.014,89693.08443000002,1255.7031820200002,0.015068438184240003,-0.5,5.0385138457724825e-05,0.0,-0.014,maker,89693.08443000002,
2025-12-23 00:00:00+00:00,signal,buy,0.014,88591.25499292323,1240.2775699009253,0.297666616776222,1.10124494654505,0.0001601646750142191,15.42561211907497,0.0,taker,,
2025-12-24 12:00:00+00:00,signal,buy,0.014,87158.24187000001,1220.2153861800002,0.014642584634160002,-0.5,0.00020939247834860975,0.0,0.014,maker,87158.24187000001,
2025-12-25 15:44:00+00:00,take_profit,sell,0.014,88467.883467778,1238.550368548892,0.29725208845173406,1.0303844187754425,,18.33498236889177,0.0,taker,,88477.0
2026-02-19 04:01:00+00:00,signal,buy,0.013000000000000001,66951.65225,870.3714792500001,0.010444457751,-0.5,0.0005128559759245232,0.0,0.013000000000000001,maker,66951.65225,
2026-02-20 05:34:00+00:00,take_profit,sell,0.013000000000000001,67846.2921757721,882.0017982850375,0.21168043158840896,1.0327904800322547,,11.630319035037378,0.0,taker,,67853.29999999999
2026-02-21 20:02:00+00:00,signal,sell,0.016,68462.52295500001,1095.4003672800002,0.013144804407360003,-0.5,0.0002943556583225538,0.0,-0.016,maker,68462.52295500001,
2026-02-23 00:45:00+00:00,take_profit,buy,0.016,67148.38000543331,1074.374080086933,0.2578497792208639,1.047045588641782,,21.02628719306714,0.0,taker,,67141.35
2026-04-01 04:00:00+00:00,signal,sell,0.014,68137.4067,953.9236938000001,0.011447084325600002,-0.5,0.0002736217135649023,0.0,-0.014,maker,68137.4067,
2026-04-01 16:00:00+00:00,signal,sell,0.015,68880.343845,1033.205157675,0.012398461892100001,-0.5,9.384103982922295e-05,0.0,-0.028999999999999998,maker,68880.343845,
2026-04-01 20:00:00+00:00,signal,buy,0.014,68151.2727103548,954.1178179449671,0.22898827630679208,1.1112854680311317,0.00019350711554543812,5.185765525722731,-0.014999999999999998,taker,,
2026-04-02 01:43:00+00:00,take_profit,buy,0.014999999999999998,67110.13303251613,1006.6519954877417,0.241596478917058,1.048093533101662,,21.173272516568684,0.0,taker,,67103.1
2026-04-27 20:00:00+00:00,signal,buy,0.018000000000000002,76840.457785,1383.1282401300002,0.016597538881560004,-0.5,0.00010099657453382185,0.0,0.018000000000000002,maker,76840.457785,
2026-04-28 12:00:00+00:00,signal,buy,0.019,76195.090055,1447.7067110449998,0.017372480532539997,-0.5,9.132953489925066e-05,0.0,0.037000000000000005,maker,76195.090055,
2026-04-28 20:00:00+00:00,signal,sell,0.037,76285.29048685753,2822.5557480137286,0.6774133795232948,1.076043587261068,9.035354943018221e-05,-8.279203161271463,0.0,taker,,
2026-04-30 00:01:00+00:00,signal,buy,0.018000000000000002,75794.31009500001,1364.2975817100003,0.016371570980520004,-0.5,0.0002439113092530834,0.0,0.018000000000000002,maker,75794.31009500001,
2026-05-01 03:19:00+00:00,take_profit,sell,0.018000000000000002,77153.62308392592,1388.7652155106668,0.33330365172256,1.0208350115130997,,24.467633800666462,0.0,taker,,77161.5
2026-06-12 04:00:00+00:00,signal,sell,0.014,63493.27450500001,888.9058430700002,0.010666870116840003,-0.5,0.0005561336173584234,0.0,-0.014,maker,63493.27450500001,
2026-06-12 12:00:00+00:00,signal,buy,0.014,63736.149662743985,892.3060952784158,0.21415346286681977,1.059112865331231,5.459891949481619e-05,-3.400252208415666,0.0,taker,,
2026-06-13 20:01:00+00:00,signal,sell,0.017,64254.51256500001,1092.3267136050004,0.013107920563260005,-0.5,0.0003535848324467516,0.0,-0.017,maker,64254.51256500001,
2026-06-14 23:30:00+00:00,stop_loss,buy,0.017,65713.06330670574,1117.1220762139976,0.2681092982913594,1.0570215175371178,,-24.795362608997298,0.0,taker,,65706.11802864673
2026-07-20 20:00:00+00:00,signal,sell,0.023,65122.55596500001,1497.8187871950001,0.017973825446340002,-0.5,0.0001668681357406401,0.0,-0.023,maker,65122.55596500001,
2026-07-21 04:00:00+00:00,signal,sell,0.023,65542.776975,1507.483870425,0.018089806445100002,-0.5,0.0002759591555489483,0.0,-0.046,maker,65542.776975,
2026-07-21 08:00:00+00:00,signal,buy,0.046,66174.00639976074,3044.004294388994,0.7305610306533584,1.0891262326037505,0.0001241169584084037,-38.70163676899367,0.0,taker,,
