entry_time,side,equity_before,exit_time,pnl,exit_reason,equity_at_trigger
2020-01-23 16:00:00+00:00,short,10000.0,2020-01-24 20:00:00+00:00,-39.28381267983423,signal,
2020-01-27 16:00:00+00:00,long,9960.716187320166,2020-01-31 20:00:00+00:00,577.9443889107024,signal,
2020-02-01 08:00:00+00:00,long,10538.660576230868,2020-02-04 12:00:00+00:00,-130.89796444081185,signal,
2020-02-06 00:00:00+00:00,long,10407.762611790056,2020-02-10 05:58:00+00:00,-84.28278739071902,stop_loss,10326.506230543646
2020-02-10 08:00:00+00:00,long,10323.479824399337,2020-02-10 09:27:00+00:00,-33.04391288873012,stop_loss,10291.103062618775
2020-02-12 00:00:00+00:00,long,10290.435911510607,2020-02-15 15:53:00+00:00,-171.76689410507788,stop_loss,10119.259942501643
2020-02-26 04:00:00+00:00,short,10118.66901740553,2020-03-02 20:00:00+00:00,78.9771821883478,signal,
2020-03-08 20:00:00+00:00,short,10197.646199593877,2020-03-12 10:42:00+00:00,159.32500488777077,take_profit,10357.194214064553
2020-03-12 16:00:00+00:00,short,10356.971204481648,2020-03-13 13:34:00+00:00,21.684715440163927,stop_loss,10378.93517186993
2020-03-18 08:00:00+00:00,short,10378.655919921812,2020-03-19 16:00:00+00:00,-20.331659259993103,signal,
2020-03-29 04:00:00+00:00,short,10358.324260661819,2020-03-30 12:00:00+00:00,-32.627310273530384,signal,
2020-04-04 12:00:00+00:00,long,10325.696950388288,2020-04-05 08:00:00+00:00,4.9897872821566125,signal,
2020-04-05 20:00:00+00:00,long,10330.686737670445,2020-04-09 04:00:00+00:00,37.96080837300906,signal,
2020-04-09 16:00:00+00:00,long,10368.647546043454,2020-04-10 08:00:00+00:00,-31.492653382718345,signal,
2020-04-23 20:00:00+00:00,long,10337.154892660736,2020-04-30 03:55:00+00:00,4146.444138963148,take_profit,14488.387834986894
2020-04-30 08:00:00+00:00,long,14483.599031623884,2020-04-30 09:58:00+00:00,-1405.7994375191593,stop_loss,13087.096007962797
2020-05-01 00:00:00+00:00,long,13077.799594104725,2020-05-04 08:00:00+00:00,190.41593915263547,signal,
2020-05-04 20:00:00+00:00,long,13268.21553325736,2020-05-10 00:00:00+00:00,1099.7428718476567,signal,
2020-05-14 12:00:00+00:00,long,14367.958405105017,2020-05-20 16:00:00+00:00,-480.71396591175653,signal,
2020-05-26 16:00:00+00:00,short,13887.24443919326,2020-05-27 12:00:00+00:00,-132.50509853794756,signal,
2020-05-29 08:00:00+00:00,long,13754.739340655313,2020-06-01 20:01:00+00:00,-101.41851256550399,signal,
2020-06-02 08:00:00+00:00,long,13653.320828089809,2020-06-02 14:48:00+00:00,-462.9499041038962,stop_loss,13194.039741524344
2020-06-15 12:00:00+00:00,short,13190.370923985913,2020-06-15 20:00:00+00:00,-156.30809458427575,signal,
2020-06-20 00:00:00+00:00,short,13034.062829401637,2020-06-20 04:00:00+00:00,-2.5339120001954143,signal,
2020-06-24 00:00:00+00:00,long,13031.528917401442,2020-06-24 10:38:00+00:00,-533.7701847333137,stop_loss,12500.689138671598
2020-06-26 04:00:00+00:00,short,12497.758732668128,2020-06-27 12:00:00+00:00,32.73096962998352,signal,
2020-06-28 00:00:00+00:00,short,12530.489702298111,2020-07-01 04:00:00+00:00,-51.53610305807342,signal,
2020-07-04 16:00:00+00:00,short,12478.953599240038,2020-07-06 08:00:00+00:00,-25.215206111952284,signal,
2020-07-22 08:00:00+00:00,long,12453.738393128086,2020-07-26 10:05:00+00:00,3503.79000436716,take_profit,15975.890204659325
2020-07-26 20:00:00+00:00,long,15957.528397495245,2020-07-27 00:52:00+00:00,525.3377681531219,take_profit,16502.877830148416
2020-07-27 08:00:00+00:00,long,16482.866165648367,2020-08-01 06:16:00+00:00,2109.0259440003138,take_profit,18596.172753298226
2020-08-01 08:00:00+00:00,long,18591.89210964868,2020-08-01 08:01:00+00:00,31.291073003991187,take_profit,18636.44252076215
2020-08-01 12:00:00+00:00,long,18623.183182652672,2020-08-01 12:06:00+00:00,8.071631255716056,take_profit,18635.943983715355
2020-08-01 16:00:00+00:00,long,18631.25481390839,2020-08-01 16:35:00+00:00,104.17324413241295,take_profit,18748.873897222144
2020-08-02 00:00:00+00:00,long,18735.4280580408,2020-08-02 04:39:00+00:00,-96.71528312992814,stop_loss,18643.300674650764
2020-09-04 04:00:00+00:00,short,18638.712774910873,2020-09-09 20:00:00+00:00,0.10602888569701463,signal,
2020-09-10 08:00:00+00:00,short,18638.81880379657,2020-09-11 20:00:00+00:00,-4.6885360241394665,signal,
2020-09-22 12:00:00+00:00,short,18634.13026777243,2020-09-24 16:00:00+00:00,-11.472322457240807,signal,
2020-10-09 20:00:00+00:00,long,18622.65794531519,2020-10-14 04:00:00+00:00,1689.7795422280687,signal,
2020-10-14 16:00:00+00:00,long,20312.43748754326,2020-10-17 16:00:00+00:00,-84.98017393350892,signal,
2020-10-19 20:00:00+00:00,long,20227.45731360975,2020-10-21 22:53:00+00:00,7217.330351491535,take_profit,27470.18357347617
2020-10-22 04:00:00+00:00,long,27444.787665101285,2020-10-22 20:18:00+00:00,1957.5653876039542,take_profit,29426.009926032017
2020-10-25 00:00:00+00:00,long,29402.35305270524,2020-10-25 01:37:00+00:00,170.6375270598619,take_profit,29601.489766199964
2020-10-25 08:00:00+00:00,long,29572.9905797651,2020-10-28 12:00:00+00:00,-712.7209719039311,signal,
2020-11-01 00:00:00+00:00,long,28860.26960786117,2020-11-07 18:58:00+00:00,-373.6071248335793,stop_loss,28502.164276811294
2020-11-08 20:00:00+00:00,long,28486.66248302759,2020-11-09 16:00:00+00:00,-1467.3209667054398,signal,
2020-11-13 04:00:00+00:00,long,27019.34151632215,2020-11-15 20:00:00+00:00,-840.7518588410821,signal,
2020-11-17 20:00:00+00:00,long,26178.58965748107,2020-11-22 11:54:00+00:00,1074.9285117635554,stop_loss,27257.973143295414
2020-11-23 00:00:00+00:00,long,27253.518169244624,2020-11-26 03:07:00+00:00,-66.0839702814701,stop_loss,27188.495303816107
2020-11-30 16:00:00+00:00,long,27187.434198963154,2020-12-01 13:01:00+00:00,-467.0239974735996,stop_loss,26723.953662208492
2020-12-01 16:00:00+00:00,long,26720.410201489554,2020-12-03 04:00:00+00:00,-265.7523750529799,signal,
2020-12-13 04:00:00+00:00,long,26454.657826436574,2020-12-15 20:00:00+00:00,1531.906488545672,signal,
2020-12-16 16:00:00+00:00,long,27986.564314982246,2020-12-21 12:00:00+00:00,6096.395038241342,signal,
2020-12-27 00:00:00+00:00,long,34082.95935322359,2021-01-02 21:00:00+00:00,7004.78636890999,stop_loss,41095.089478726266
2021-01-03 12:00:00+00:00,long,41087.74572213358,2021-01-04 07:23:00+00:00,-1542.6351260480878,stop_loss,39552.18830695353
2021-01-07 08:00:00+00:00,long,39545.11059608549,2021-01-10 20:00:00+00:00,35.994134551983734,signal,
2021-01-23 12:00:00+00:00,short,39581.104730637475,2021-01-25 04:00:00+00:00,-199.05417860939633,signal,
2021-02-04 08:00:00+00:00,long,39382.05055202808,2021-02-07 15:20:00+00:00,-168.9033248314372,stop_loss,39217.84306315009
2021-02-08 04:00:00+00:00,long,39213.14722719664,2021-02-15 04:00:00+00:00,610.6229290801857,signal,
2021-02-15 08:00:00+00:00,long,39823.77015627683,2021-02-22 10:11:00+00:00,430.6897191610333,stop_loss,40255.76950783284
2021-02-28 12:00:00+00:00,long,40254.45987543786,2021-02-28 16:00:00+00:00,-1.9609925795375602,signal,
2021-03-01 04:00:00+00:00,short,40252.49888285832,2021-03-02 00:00:00+00:00,-62.049356926268956,signal,
2021-03-10 08:00:00+00:00,long,40190.449525932054,2021-03-15 08:00:00+00:00,1302.531363598362,signal,
2021-03-26 08:00:00+00:00,short,41492.980889530416,2021-03-27 20:00:00+00:00,-13.392349337242194,signal,
2021-04-10 16:00:00+00:00,long,41479.588540193174,2021-04-16 06:03:00+00:00,576.0485540336522,stop_loss,42057.57026433393
2021-04-25 04:00:00+00:00,short,42055.637094226826,2021-04-25 16:00:00+00:00,-59.66935893923801,signal,
2021-04-26 04:00:00+00:00,short,41995.96773528759,2021-04-28 20:00:00+00:00,-15.127566089693573,signal,
2021-05-13 04:00:00+00:00,short,41980.840169197894,2021-05-24 20:00:00+00:00,1007.4364956441132,signal,
2021-05-25 08:00:00+00:00,short,42988.27666484201,2021-05-27 04:00:00+00:00,24.15296424558619,signal,
2021-06-07 00:00:00+00:00,short,43012.429629087594,2021-06-09 12:00:00+00:00,135.35668009606889,signal,
2021-06-16 04:00:00+00:00,long,43147.78630918366,2021-06-17 20:00:00+00:00,-492.7901016329706,signal,
2021-06-19 12:00:00+00:00,short,42654.99620755069,2021-06-23 08:00:00+00:00,309.6417260212402,signal,
2021-06-23 20:00:00+00:00,short,42964.63793357193,2021-06-27 08:00:00+00:00,-14.042922505650495,signal,
2021-07-19 12:00:00+00:00,long,42950.59501106628,2021-07-19 16:00:00+00:00,-4.292853517843469,signal,
2021-07-20 08:00:00+00:00,short,42946.30215754844,2021-07-21 09:56:00+00:00,-109.08206998951209,stop_loss,42838.05294333356
2021-07-30 12:00:00+00:00,long,42837.220087558926,2021-07-30 20:51:00+00:00,655.4563577005392,take_profit,43496.51047606269
2021-07-31 04:00:00+00:00,long,43492.676445259465,2021-08-02 00:00:00+00:00,-1971.7719619265408,signal,
2021-08-02 12:00:00+00:00,long,41520.904483332924,2021-08-06 04:00:00+00:00,-40.22633251401567,signal,
2021-08-06 08:00:00+00:00,long,41480.67815081891,2021-08-06 12:00:00+00:00,-68.00097230965912,signal,
2021-08-07 00:00:00+00:00,long,41412.67717850925,2021-08-12 16:00:00+00:00,1749.6812202126603,signal,
2021-08-15 00:00:00+00:00,long,43162.35839872191,2021-08-15 20:00:00+00:00,-1401.5181691783873,signal,
2021-08-21 00:00:00+00:00,long,41760.84022954352,2021-08-24 16:00:00+00:00,-1428.4491038142369,signal,
2021-09-23 04:00:00+00:00,short,40332.391125729286,2021-09-27 04:00:00+00:00,0.10476794670103118,signal,
2021-09-27 16:00:00+00:00,short,40332.49589367599,2021-09-30 04:00:00+00:00,-11.434364752931288,signal,
2021-10-03 00:00:00+00:00,long,40321.061528923055,2021-10-04 12:00:00+00:00,-481.16185903706355,signal,
2021-10-05 00:00:00+00:00,long,39839.89966988599,2021-10-12 20:08:00+00:00,7133.681513128962,stop_loss,46979.218996769276
2021-10-15 20:00:00+00:00,long,46973.581183014954,2021-10-21 15:29:00+00:00,1656.6811663031694,stop_loss,48638.60296949541
2021-11-08 08:00:00+00:00,long,48630.26234931812,2021-11-10 20:50:00+00:00,-518.7610159698379,stop_loss,48121.852628534885
2021-11-23 04:00:00+00:00,short,48111.501333348286,2021-11-24 00:00:00+00:00,-22.572422967816237,signal,
2021-11-27 00:00:00+00:00,short,48088.92891038047,2021-11-28 23:07:00+00:00,-157.75948003189114,stop_loss,47932.25052732373
2021-12-04 04:00:00+00:00,short,47931.16943034858,2021-12-07 00:00:00+00:00,53.9830021365633,signal,
2021-12-07 12:00:00+00:00,short,47985.15243248514,2021-12-12 16:00:00+00:00,230.84410886683327,signal,
2021-12-29 08:00:00+00:00,short,48215.996541351975,2021-12-31 16:00:00+00:00,-101.8012925070143,signal,
2022-01-01 04:00:00+00:00,short,48114.19524884496,2022-01-03 08:00:00+00:00,-12.875649787885777,signal,
2022-01-06 04:00:00+00:00,short,48101.319599057075,2022-01-11 20:00:00+00:00,-24.597850889040274,signal,
2022-01-19 00:00:00+00:00,short,48076.721748168035,2022-01-20 15:06:00+00:00,-63.12394496325578,stop_loss,48014.74761889494
2022-01-21 08:00:00+00:00,short,48013.59780320478,2022-01-24 20:54:00+00:00,47.32828588290431,stop_loss,48061.2646521728
2022-01-25 12:00:00+00:00,short,48060.92608908768,2022-01-28 12:00:00+00:00,-0.8798136385375983,signal,
2022-02-06 08:00:00+00:00,long,48060.046275449145,2022-02-08 20:00:00+00:00,-256.7924173189531,signal,
2022-02-09 08:00:00+00:00,long,47803.25385813019,2022-02-11 00:00:00+00:00,-511.2801447285674,signal,
2022-02-21 04:00:00+00:00,short,47291.973713401625,2022-02-23 12:00:00+00:00,24.574386069092725,signal,
2022-02-24 00:00:00+00:00,short,47316.54809947072,2022-02-24 20:00:00+00:00,-4.108254605664115,signal,
2022-03-02 04:00:00+00:00,long,47312.43984486505,2022-03-03 16:00:00+00:00,-1962.8353651538273,signal,
2022-03-04 04:00:00+00:00,long,45349.604479711226,2022-03-04 22:29:00+00:00,-757.6906344850577,stop_loss,44595.88162864945
2022-03-07 12:00:00+00:00,short,44591.91384522617,2022-03-09 03:26:00+00:00,-371.92739252337196,stop_loss,44222.965577964846
2022-03-20 00:00:00+00:00,long,44219.9864527028,2022-03-31 16:00:00+00:00,5415.970880409521,signal,
2022-04-14 04:00:00+00:00,short,49635.95733311232,2022-04-18 18:15:00+00:00,10.308153593599855,stop_loss,49646.51253621075
2022-04-23 04:00:00+00:00,short,49646.26548670592,2022-04-25 19:30:00+00:00,-261.4000312091812,stop_loss,49389.185173225924
2022-04-27 08:00:00+00:00,short,49384.865455496736,2022-05-02 12:00:00+00:00,36.020278608652006,signal,
2022-05-03 00:00:00+00:00,short,49420.88573410539,2022-05-04 00:00:00+00:00,57.12800875580433,signal,
2022-05-05 20:00:00+00:00,short,49478.01374286119,2022-05-15 20:00:00+00:00,209.5344912276487,signal,
2022-05-27 16:00:00+00:00,short,49687.54823408884,2022-05-30 02:04:00+00:00,-379.662902392658,stop_loss,49311.524940279654
2022-06-03 08:00:00+00:00,short,49307.88533169618,2022-06-06 01:50:00+00:00,-33.888640875331475,stop_loss,49275.04969721716
2022-06-12 04:00:00+00:00,short,49273.99669082085,2022-06-15 08:15:00+00:00,3093.3420454909647,take_profit,52370.67003306832
2022-06-18 12:00:00+00:00,short,52367.338736311816,2022-06-19 20:00:00+00:00,506.3085065502746,signal,
2022-06-20 08:00:00+00:00,short,52873.64724286209,2022-06-22 12:00:00+00:00,-5.6190774170609075,signal,
2022-06-30 16:00:00+00:00,short,52868.02816544503,2022-07-01 00:29:00+00:00,-703.5965211809089,stop_loss,52169.02149903324
2022-07-04 04:00:00+00:00,long,52164.43164426412,2022-07-04 12:00:00+00:00,7.528621515906707,signal,
2022-07-12 04:00:00+00:00,short,52171.96026578003,2022-07-14 16:00:00+00:00,-218.71334088114236,signal,
2022-07-20 00:00:00+00:00,long,51953.246924898885,2022-07-21 04:00:00+00:00,-268.5720052804245,signal,
2022-07-21 16:00:00+00:00,long,51684.67491961846,2022-07-22 20:00:00+00:00,-8.20347348946234,signal,
2022-07-23 00:00:00+00:00,long,51676.471446129,2022-07-23 12:00:00+00:00,-48.93793224605179,signal,
2022-07-28 08:00:00+00:00,long,51627.53351388295,2022-08-02 08:00:00+00:00,-892.0016554178801,signal,
2022-08-08 16:00:00+00:00,long,50735.53185846507,2022-08-09 12:00:00+00:00,-2888.943018342572,signal,
2022-08-12 00:00:00+00:00,long,47846.588840122495,2022-08-13 20:00:00+00:00,624.1039510762785,signal,
2022-08-19 12:00:00+00:00,short,48470.69279119877,2022-08-24 04:00:00+00:00,25.646583676534647,signal,
2022-08-27 04:00:00+00:00,short,48496.33937487531,2022-08-29 16:00:00+00:00,-58.68502344247827,signal,
2022-08-30 04:00:00+00:00,short,48437.65435143283,2022-08-31 16:00:00+00:00,16.88340236964723,signal,
2022-09-02 08:00:00+00:00,short,48454.53775380248,2022-09-05 08:00:00+00:00,46.638809634314384,signal,
2022-09-05 20:00:00+00:00,long,48501.17656343679,2022-09-06 00:00:00+00:00,1.1014642936133896,signal,
2022-09-07 08:00:00+00:00,short,48502.278027730405,2022-09-09 03:25:00+00:00,-161.33660366779804,stop_loss,48342.40855188701
2022-09-12 00:00:00+00:00,long,48340.94142406261,2022-09-13 13:18:00+00:00,-3208.1332511208093,stop_loss,45159.14934423189
2022-09-16 00:00:00+00:00,short,45132.8081729418,2022-09-19 20:00:00+00:00,90.41942918517452,signal,
2022-09-20 08:00:00+00:00,short,45223.22760212697,2022-09-26 20:00:00+00:00,4.049152639527165,signal,
2022-10-10 08:00:00+00:00,short,45227.2767547665,2022-10-13 18:48:00+00:00,24.362889445495966,stop_loss,45257.7357703188
2022-10-22 00:00:00+00:00,short,45251.639644211995,2022-10-23 20:00:00+00:00,-74.8781743018335,signal,
2022-10-26 12:00:00+00:00,long,45176.76146991016,2022-10-28 00:00:00+00:00,-2214.1884897241544,signal,
2022-10-28 12:00:00+00:00,long,42962.57298018601,2022-10-31 20:00:00+00:00,-119.82878931290907,signal,
2022-11-05 04:00:00+00:00,long,42842.7441908731,2022-11-07 00:00:00+00:00,-2568.867909546323,signal,
2022-11-12 04:00:00+00:00,short,40273.876281326775,2022-11-16 20:00:00+00:00,4.599791637425369,signal,
2022-11-21 08:00:00+00:00,short,40278.4760729642,2022-11-23 02:33:00+00:00,-294.29830348477844,stop_loss,39987.91234098531
2022-12-10 00:00:00+00:00,long,39984.17776947942,2022-12-10 16:00:00+00:00,84.93278625085804,signal,
2022-12-13 16:00:00+00:00,long,40069.11055573028,2022-12-15 02:04:00+00:00,-314.1686795984424,stop_loss,39766.153094841095
2022-12-16 04:00:00+00:00,long,39754.94187613184,2022-12-16 09:15:00+00:00,-128.67739877394342,stop_loss,39627.99752192197
2022-12-18 16:00:00+00:00,short,39626.264477357894,2022-12-20 12:00:00+00:00,-50.72483428809937,signal,
2022-12-31 00:00:00+00:00,short,39575.539643069795,2022-12-31 16:00:00+00:00,5.26127079755679,signal,
2023-01-01 04:00:00+00:00,short,39580.80091386735,2023-01-02 04:00:00+00:00,-147.80825446241943,signal,
2023-01-07 16:00:00+00:00,long,39432.99265940493,2023-01-12 00:54:00+00:00,11911.125194966138,take_profit,51437.39858911426
2023-01-12 08:00:00+00:00,long,51344.11785437107,2023-01-13 22:12:00+00:00,18149.26032215581,take_profit,69569.01441377334
2023-01-14 04:00:00+00:00,long,69493.37817652688,2023-01-25 16:00:00+00:00,8553.606564235219,signal,
2023-01-26 04:00:00+00:00,long,78046.9847407621,2023-01-30 12:00:00+00:00,-1877.4008606545394,signal,
2023-02-11 16:00:00+00:00,short,76169.58388010756,2023-02-12 04:00:00+00:00,-96.14677183231106,signal,
2023-02-15 20:00:00+00:00,long,76073.43710827525,2023-02-16 22:40:00+00:00,6874.730829658336,stop_loss,83030.17922579462
2023-02-17 12:00:00+00:00,long,82948.16793793358,2023-02-22 08:00:00+00:00,272.87199773581233,signal,
2023-03-03 12:00:00+00:00,short,83221.0399356694,2023-03-05 04:00:00+00:00,-17.257907021121355,signal,
2023-03-09 04:00:00+00:00,short,83203.78202864827,2023-03-12 17:46:00+00:00,2926.5002377913916,stop_loss,86132.9484073024
2023-03-14 20:00:00+00:00,long,86130.28226643967,2023-03-22 19:48:00+00:00,6739.536845338211,stop_loss,92916.95965838844
2023-03-30 08:00:00+00:00,long,92869.81911177788,2023-04-03 00:00:00+00:00,-697.4036600561085,signal,
2023-04-11 00:00:00+00:00,long,92172.41545172177,2023-04-17 00:37:00+00:00,2082.672290976363,stop_loss,94274.11377701839
2023-05-01 20:00:00+00:00,short,94255.08774269813,2023-05-02 12:00:00+00:00,-211.82366601772083,signal,
2023-05-09 12:00:00+00:00,short,94043.26407668041,2023-05-14 16:00:00+00:00,546.5183956205437,signal,
2023-05-25 04:00:00+00:00,short,94589.78247230095,2023-05-26 14:34:00+00:00,-951.1624294706562,stop_loss,93651.75630584976
2023-05-30 16:00:00+00:00,long,93638.6200428303,2023-05-31 08:00:00+00:00,-2255.3371527806157,signal,
2023-06-06 00:00:00+00:00,short,91383.28289004968,2023-06-06 17:13:00+00:00,-307.8624995476275,stop_loss,91079.38466275067
2023-06-11 16:00:00+00:00,short,91075.42039050205,2023-06-12 08:00:00+00:00,-82.35998697875766,signal,
2023-06-15 04:00:00+00:00,short,90993.0604035233,2023-06-16 15:59:00+00:00,-304.36070926874527,stop_loss,90692.36470853469
2023-06-21 04:00:00+00:00,long,90688.69969425455,2023-06-26 04:02:00+00:00,12351.059115593103,signal,
2023-06-26 16:00:00+00:00,long,103039.75880984766,2023-06-28 16:00:00+00:00,-1339.459807641164,signal,
2023-07-12 16:00:00+00:00,long,101700.29900220649,2023-07-14 18:21:00+00:00,-1758.4371627634682,stop_loss,100029.71920730735
2023-08-17 04:00:00+00:00,short,99941.86183944302,2023-08-17 21:43:00+00:00,1562.1446899118018,take_profit,101510.74537639674
2023-08-18 20:00:00+00:00,short,101504.00652935483,2023-08-23 17:18:00+00:00,-392.54880694590975,stop_loss,101119.05532123864
2023-08-27 08:00:00+00:00,short,101111.45772240892,2023-08-29 14:20:00+00:00,-408.98969316088187,stop_loss,100707.90176279916
2023-09-01 04:00:00+00:00,short,100702.46802924803,2023-09-07 21:09:00+00:00,-107.23202814688557,stop_loss,100598.19380445857
2023-09-11 20:00:00+00:00,short,100595.23600110115,2023-09-12 03:17:00+00:00,-340.75227334650117,stop_loss,100260.04521623245
2023-09-17 04:00:00+00:00,long,100254.48372775465,2023-09-21 00:00:00+00:00,-6558.287669212412,signal,
2023-09-27 04:00:00+00:00,short,93696.19605854223,2023-09-27 11:50:00+00:00,-241.83986830587673,stop_loss,93459.1958530299
2023-09-29 12:00:00+00:00,long,93454.35619023636,2023-10-02 21:47:00+00:00,5243.404400039901,stop_loss,98822.68489381997
2023-10-03 12:00:00+00:00,long,98697.76059027626,2023-10-14 04:00:00+00:00,-98.57210979104275,signal,
2023-10-14 04:00:00+00:00,short,98599.18848048522,2023-10-14 08:00:00+00:00,69.48385404593137,signal,
2023-10-17 00:00:00+00:00,long,98668.67233453115,2023-10-23 22:41:00+00:00,43864.39039058919,take_profit,142666.75980751074
2023-10-24 00:00:00+00:00,long,142533.06272512034,2023-10-24 00:23:00+00:00,971.9866345818446,take_profit,143601.8026642973
2023-10-24 08:00:00+00:00,long,143505.04935970219,2023-11-16 15:43:00+00:00,-13616.725007082161,stop_loss,129975.9360572161
2023-12-02 00:00:00+00:00,long,129888.32435262002,2023-12-05 17:29:00+00:00,53623.34671406279,take_profit,183699.7016534167
2023-12-06 00:00:00+00:00,long,183511.67106668281,2023-12-11 02:07:00+00:00,-15200.776649137872,stop_loss,168457.6064010937
2023-12-19 08:00:00+00:00,long,168310.89441754494,2023-12-23 04:01:00+00:00,-149.0886753271334,signal,
2024-01-02 08:00:00+00:00,long,168161.8057422178,2024-01-03 11:55:00+00:00,-8916.406038524408,stop_loss,159367.2421743216
2024-01-09 00:00:00+00:00,long,159245.3997036934,2024-01-10 12:37:00+00:00,-11259.37483182273,stop_loss,148058.23727112278
2024-01-17 04:00:00+00:00,short,147986.02487187067,2024-01-17 16:00:00+00:00,61.41798108545481,signal,
2024-01-19 00:00:00+00:00,short,148047.44285295613,2024-01-24 12:00:00+00:00,229.4874784896092,signal,
2024-01-25 00:00:00+00:00,short,148276.93033144574,2024-01-26 12:00:00+00:00,-257.5866436812503,signal,
2024-01-30 04:00:00+00:00,long,148019.34368776449,2024-02-01 01:16:00+00:00,-9495.952069609804,stop_loss,138546.79133077714
2024-02-08 08:00:00+00:00,long,138523.39161815468,2024-02-12 17:19:00+00:00,48320.09119959775,take_profit,187028.24044655406
2024-02-13 16:00:00+00:00,long,186843.48281775243,2024-02-14 08:52:00+00:00,8842.625649757276,take_profit,195817.0204867636
2024-02-14 16:00:00+00:00,long,195686.1084675097,2024-02-19 04:04:00+00:00,141.2542701283528,signal,
2024-02-27 00:00:00+00:00,long,195827.36273763806,2024-02-28 16:56:00+00:00,68752.34355770558,take_profit,264798.76266342547
2024-02-28 20:00:00+00:00,long,264579.70629534364,2024-02-28 23:15:00+00:00,3193.8516577440896,take_profit,267839.4120102021
2024-02-29 04:00:00+00:00,long,267773.55795308773,2024-03-05 17:07:00+00:00,11579.677500663733,stop_loss,279365.40728274884
2024-03-11 16:00:00+00:00,long,279353.23545375146,2024-03-14 18:52:00+00:00,-7029.092810421833,stop_loss,272377.59040015435
2024-03-25 20:00:00+00:00,long,272324.14264332963,2024-03-28 12:00:00+00:00,-8941.424371685891,signal,
2024-03-29 00:00:00+00:00,long,263382.71827164374,2024-03-29 16:00:00+00:00,-10965.408955044666,signal,
2024-04-01 00:00:00+00:00,long,252417.30931659907,2024-04-01 05:53:00+00:00,-6676.7325988409575,stop_loss,245757.19691733955
2024-04-02 12:00:00+00:00,short,245740.57671775811,2024-04-03 08:00:00+00:00,-108.92136310131173,signal,
2024-04-08 04:00:00+00:00,long,245631.6553546568,2024-04-09 14:41:00+00:00,-8032.913630691095,stop_loss,237759.52542177396
2024-04-14 04:00:00+00:00,short,237598.7417239657,2024-04-19 08:00:00+00:00,-207.2418236513622,signal,
2024-04-27 16:00:00+00:00,short,237391.49990031435,2024-05-03 04:00:00+00:00,3465.448687629658,signal,
2024-05-16 16:00:00+00:00,long,240856.948587944,2024-05-21 20:02:00+00:00,17790.818539252272,signal,
2024-05-22 08:00:00+00:00,long,258647.76712719628,2024-05-23 14:50:00+00:00,-15211.43808546057,stop_loss,243615.85446252328
2024-06-05 04:00:00+00:00,long,243436.3290417357,2024-06-07 08:09:00+00:00,-4296.268093231978,signal,
2024-06-11 16:00:00+00:00,short,239140.06094850373,2024-06-12 08:00:00+00:00,-2141.73256957141,signal,
2024-06-19 04:00:00+00:00,short,236998.32837893232,2024-06-20 12:00:00+00:00,-231.80278319196077,signal,
2024-06-24 08:00:00+00:00,short,236766.52559574036,2024-06-25 04:00:00+00:00,3096.2182776845875,signal,
2024-06-25 16:00:00+00:00,short,239862.74387342494,2024-06-28 04:00:00+00:00,-10.04904654819984,signal,
2024-07-03 16:00:00+00:00,short,239852.69482687674,2024-07-06 12:00:00+00:00,4336.621641351201,signal,
2024-07-07 00:00:00+00:00,short,244189.31646822795,2024-07-09 20:00:00+00:00,20.74638052744558,signal,
2024-07-15 08:00:00+00:00,long,244210.0628487554,2024-07-18 16:00:00+00:00,-21522.407262516586,signal,
2024-07-19 04:00:00+00:00,long,222687.6555862388,2024-07-23 20:00:00+00:00,3516.9347502735327,signal,
2024-07-27 12:00:00+00:00,long,226204.59033651234,2024-07-29 17:01:00+00:00,-6550.424508299999,stop_loss,219688.74224592058
2024-08-01 04:00:00+00:00,short,219654.16582821234,2024-08-02 00:00:00+00:00,-1171.7482220409438,signal,
2024-08-03 00:00:00+00:00,short,218482.4176061714,2024-08-04 04:00:00+00:00,119.65321334407781,signal,
2024-08-07 04:00:00+00:00,short,218602.07081951547,2024-08-08 16:00:00+00:00,-70.4178826288553,signal,
2024-08-24 08:00:00+00:00,long,218531.65293688662,2024-08-27 12:01:00+00:00,-12811.689916060306,signal,
2024-08-31 16:00:00+00:00,short,205719.9630208263,2024-09-03 00:00:00+00:00,-148.48753791622585,signal,
2024-09-03 12:00:00+00:00,short,205571.4754829101,2024-09-09 12:00:00+00:00,865.392134426831,signal,
2024-09-15 16:00:00+00:00,long,206436.86761733692,2024-09-16 01:13:00+00:00,-13200.72853268392,stop_loss,193400.99559066273
2024-09-19 12:00:00+00:00,long,193236.139084653,2024-09-25 04:02:00+00:00,8670.769778139453,signal,
2024-09-25 16:00:00+00:00,long,201906.90886279245,2024-09-30 03:09:00+00:00,8898.14418524265,stop_loss,210858.5782767856
2024-10-07 20:00:00+00:00,long,210805.0530480351,2024-10-09 18:13:00+00:00,-3436.5446366257966,stop_loss,207408.60598533513
2024-10-11 04:00:00+00:00,short,207368.5084114093,2024-10-11 16:00:00+00:00,-408.9088942249946,signal,
2024-10-15 00:00:00+00:00,long,206959.5995171843,2024-10-18 08:02:00+00:00,11167.885707869922,signal,
2024-10-18 20:00:00+00:00,long,218127.48522505423,2024-10-21 14:40:00+00:00,-13124.836188461748,stop_loss,205220.42569260276
2024-10-29 00:00:00+00:00,long,205002.64903659248,2024-10-31 16:00:00+00:00,6065.983693147398,signal,
2024-11-01 20:00:00+00:00,long,211068.63272973988,2024-11-03 16:00:00+00:00,-1703.908650907455,signal,
2024-11-06 08:00:00+00:00,long,209364.72407883243,2024-11-11 23:13:00+00:00,106789.12018678169,take_profit,316396.62424347166
2024-11-12 04:00:00+00:00,long,316153.8442656141,2024-11-12 06:41:00+00:00,6870.937360460346,take_profit,323256.71261734987
2024-11-12 12:00:00+00:00,long,323024.78162607446,2024-11-12 19:12:00+00:00,10609.239372462558,take_profit,333792.11107488803
2024-11-12 20:00:00+00:00,long,333634.020998537,2024-11-12 20:09:00+00:00,619.768588513718,take_profit,334307.8311014628
2024-11-13 00:00:00+00:00,long,334253.78958705073,2024-11-13 13:46:00+00:00,5272.221589618246,take_profit,339678.37163198134
2024-11-13 20:00:00+00:00,long,339526.011176669,2024-11-14 16:00:00+00:00,-9833.06581824529,signal,
2024-11-15 04:00:00+00:00,long,329692.9453584237,2024-11-24 16:00:00+00:00,-780.95387578191,signal,
2024-12-05 08:00:00+00:00,long,328911.9914826418,2024-12-05 20:31:00+00:00,-9452.648841004237,stop_loss,319550.9398227581
2024-12-12 16:00:00+00:00,long,319459.34264163754,2024-12-14 16:00:00+00:00,-11779.616526130936,signal,
2024-12-16 08:00:00+00:00,long,307679.7261155066,2024-12-18 20:00:00+00:00,-18000.20299731131,signal,
2025-01-06 00:00:00+00:00,long,289679.5231181953,2025-01-07 15:07:00+00:00,1772.3688606735086,stop_loss,291725.29513068794
2025-01-09 16:00:00+00:00,short,291451.8919788688,2025-01-10 12:00:00+00:00,-711.2469116395223,signal,
2025-01-11 00:00:00+00:00,short,290740.6450672293,2025-01-13 08:00:00+00:00,48.35468467784813,signal,
2025-01-13 20:00:00+00:00,short,290788.99975190713,2025-01-14 09:24:00+00:00,-562.1128145210678,stop_loss,290228.60078179266
2025-01-16 00:00:00+00:00,long,290226.88693738607,2025-01-19 22:48:00+00:00,723.2932692921604,stop_loss,291151.81387218327
2025-01-20 12:00:00+00:00,long,290950.1802066782,2025-01-20 17:06:00+00:00,-4888.11196009157,stop_loss,286096.3634136252
2025-02-03 04:00:00+00:00,short,286062.06824658666,2025-02-03 15:25:00+00:00,-951.1728749276954,stop_loss,285118.7177959909
2025-02-04 04:00:00+00:00,short,285110.89537165896,2025-02-04 20:00:00+00:00,60.110389844398014,signal,
2025-02-23 08:00:00+00:00,short,285171.00576150336,2025-02-26 14:24:00+00:00,13498.53878535761,take_profit,298710.0277147697
2025-02-27 00:00:00+00:00,short,298669.54454686097,2025-02-28 16:00:00+00:00,49.67975995037705,signal,
2025-03-01 04:00:00+00:00,short,298719.22430681135,2025-03-02 16:34:00+00:00,-157.11620765685802,stop_loss,298563.30104950216
2025-03-09 20:00:00+00:00,short,298562.1080991545,2025-03-12 12:00:00+00:00,-250.17704148462508,signal,
2025-03-13 00:00:00+00:00,short,298311.93105766986,2025-03-14 04:00:00+00:00,244.34840791218448,signal,
2025-03-24 16:00:00+00:00,long,298556.27946558205,2025-03-25 08:00:00+00:00,-3104.321814607538,signal,
2025-03-25 20:00:00+00:00,long,295451.9576509745,2025-03-27 00:00:00+00:00,-2920.8508671437157,signal,
2025-03-29 20:00:00+00:00,short,292531.1067838308,2025-04-01 00:00:00+00:00,170.82648736744886,signal,
2025-04-07 00:00:00+00:00,short,292701.93327119824,2025-04-07 14:11:00+00:00,-351.2812393103377,stop_loss,292359.18038838095
2025-04-15 16:00:00+00:00,long,292350.6520318879,2025-04-18 12:00:00+00:00,-1751.567891897168,signal,
2025-04-21 08:00:00+00:00,long,290599.08413999074,2025-04-30 20:00:00+00:00,47297.52523066226,signal,
2025-05-07 20:00:00+00:00,long,337896.609370653,2025-05-12 18:32:00+00:00,58956.42390082241,stop_loss,396932.44354618125
2025-05-21 00:00:00+00:00,long,396853.0332714754,2025-05-23 12:16:00+00:00,3409.319304498378,stop_loss,400582.34338556055
2025-05-24 16:00:00+00:00,long,400262.3525759738,2025-06-01 04:00:00+00:00,-9908.042025245202,signal,
2025-06-01 04:00:00+00:00,short,390354.3105507286,2025-06-01 16:00:00+00:00,-495.1133559840382,signal,
2025-06-10 04:00:00+00:00,long,389859.19719474454,2025-06-12 04:05:00+00:00,-18705.260142904124,signal,
2025-06-22 04:00:00+00:00,short,371153.9370518404,2025-06-23 08:00:00+00:00,1272.227326006745,signal,
2025-06-23 20:00:00+00:00,short,372426.16437784716,2025-06-24 20:00:00+00:00,-160.4889039869886,signal,
2025-07-03 20:00:00+00:00,long,372265.6754738602,2025-08-02 20:00:00+00:00,19285.40922819078,signal,
2025-08-02 20:00:00+00:00,short,391551.08470205095,2025-08-04 04:02:00+00:00,-4109.163733087655,signal,
2025-08-10 16:00:00+00:00,long,387441.9209689633,2025-08-11 20:01:00+00:00,-2823.5605653949897,signal,
2025-08-12 08:00:00+00:00,long,384618.3604035683,2025-08-14 12:34:00+00:00,14357.593765982892,stop_loss,399070.1182936067
2025-08-25 00:00:00+00:00,short,398975.9541695512,2025-08-28 08:00:00+00:00,109.50826776481699,signal,
2025-08-30 12:00:00+00:00,short,399085.462437316,2025-09-01 20:02:00+00:00,-752.3567258560797,signal,
2025-09-12 08:00:00+00:00,long,398333.10571145994,2025-09-15 16:02:00+00:00,-6091.056888079911,signal,
2025-09-24 04:00:00+00:00,short,392242.04882338,2025-09-24 17:35:00+00:00,-1004.1696539144614,stop_loss,391256.6608991277
2025-09-25 08:00:00+00:00,short,391237.87916946557,2025-09-28 22:06:00+00:00,716.447957447439,stop_loss,392023.99034926767
2025-10-01 20:00:00+00:00,long,391954.327126913,2025-10-07 15:09:00+00:00,64989.55017291382,stop_loss,457432.4498198818
2025-10-17 04:00:00+00:00,short,456943.8772998268,2025-10-19 20:00:00+00:00,39.75681247311877,signal,
2025-10-27 08:00:00+00:00,long,456983.63411229994,2025-10-28 20:31:00+00:00,-22657.71496066096,stop_loss,434425.9313483862
2025-10-29 12:00:00+00:00,long,434325.919151639,2025-10-29 18:39:00+00:00,-7560.884124393167,stop_loss,426864.27804717375
2025-10-30 20:00:00+00:00,short,426765.0350272458,2025-10-31 11:57:00+00:00,-4310.725937930401,stop_loss,422499.3008160362
2025-11-01 00:00:00+00:00,short,422454.3090893154,2025-11-05 20:00:00+00:00,1521.5065327336197,signal,
2025-11-06 08:00:00+00:00,short,423975.81562204903,2025-11-09 16:00:00+00:00,-663.5235626827925,signal,
2025-11-15 04:00:00+00:00,short,423312.29205936624,2025-11-20 04:00:00+00:00,902.3137280270457,signal,
2025-11-20 16:00:00+00:00,short,424214.6057873933,2025-11-23 04:00:00+00:00,218.85864587005926,signal,
2025-11-23 16:00:00+00:00,short,424433.46443326335,2025-11-26 04:00:00+00:00,-27.21357366751181,signal,
2025-12-01 08:00:00+00:00,short,424406.25085959584,2025-12-02 12:00:00+00:00,-412.7081937508192,signal,
2025-12-07 08:00:00+00:00,short,423993.542665845,2025-12-08 09:06:00+00:00,-1073.0582579211914,stop_loss,422933.3092044257
2025-12-14 16:00:00+00:00,short,422920.4844079238,2025-12-17 14:56:00+00:00,-751.995308354788,stop_loss,422221.2515972397
2026-01-04 20:00:00+00:00,long,422168.48909956904,2026-01-06 17:55:00+00:00,5863.975947732979,stop_loss,428516.0689902868
2026-01-07 08:00:00+00:00,long,428032.465047302,2026-01-08 04:01:00+00:00,-6149.707063801412,signal,
2026-01-14 04:00:00+00:00,long,421882.7579835006,2026-01-26 04:00:00+00:00,-17886.81460405019,signal,
2026-01-26 04:00:00+00:00,short,403995.9433794504,2026-01-27 04:00:00+00:00,-625.1908332947642,signal,
2026-01-27 16:00:00+00:00,short,403370.75254615565,2026-01-28 12:00:00+00:00,-3374.435674148146,signal,
2026-01-29 20:00:00+00:00,short,399996.3168720075,2026-02-05 12:19:00+00:00,5967.390517703665,take_profit,405974.5515478741
2026-02-05 20:00:00+00:00,short,405963.70738971117,2026-02-06 15:47:00+00:00,-2095.9195408821106,stop_loss,403881.8849409764
2026-02-07 04:00:00+00:00,short,403867.78784882906,2026-02-10 12:00:00+00:00,94.86541917588329,signal,
2026-02-11 12:00:00+00:00,short,403962.65326800494,2026-02-13 20:00:00+00:00,-1784.243250160769,signal,
2026-02-23 08:00:00+00:00,short,402178.4100178442,2026-02-25 01:21:00+00:00,-137.46228411688935,stop_loss,402050.6622614312
2026-03-08 16:00:00+00:00,short,402040.9477337273,2026-03-09 16:00:00+00:00,-564.5407764801639,signal,
2026-03-15 20:00:00+00:00,long,401476.4069572471,2026-03-18 14:28:00+00:00,-129.7935059037991,stop_loss,401409.0078299721
2026-03-27 16:00:00+00:00,short,401346.6134513433,2026-04-01 00:00:00+00:00,-1912.2043887970503,signal,
2026-04-08 16:00:00+00:00,long,399434.40906254627,2026-04-10 20:04:00+00:00,23268.15463557176,signal,
2026-04-11 08:00:00+00:00,long,422702.563698118,2026-04-16 20:00:00+00:00,-4436.132400165079,signal,
2026-04-17 08:00:00+00:00,long,418266.43129795295,2026-04-18 20:13:00+00:00,493.58897332823835,signal,
2026-05-02 04:00:00+00:00,long,418760.0202712812,2026-05-07 15:23:00+00:00,-4706.530961342156,stop_loss,414436.0877254699
2026-05-11 08:00:00+00:00,long,414053.48930993903,2026-05-12 16:00:00+00:00,-2969.0365407640347,signal,
2026-05-18 08:00:00+00:00,short,411084.452769175,2026-05-20 04:00:00+00:00,634.6219410031918,signal,
2026-05-28 08:00:00+00:00,short,411719.0747101782,2026-06-04 00:29:00+00:00,20117.999351146398,take_profit,431884.8791883565
2026-06-04 16:00:00+00:00,short,431837.0740613246,2026-06-07 22:15:00+00:00,-666.4506504851743,stop_loss,431228.68709326617
2026-06-08 12:00:00+00:00,short,431170.6234108394,2026-06-11 20:00:00+00:00,-13.221343594428618,signal,
2026-06-24 20:00:00+00:00,short,431157.402067245,2026-06-25 08:00:00+00:00,-1257.1787173960474,signal,
2026-06-25 20:00:00+00:00,short,429900.22334984894,2026-06-30 08:00:00+00:00,-86.14902147999965,signal,
2026-06-30 20:00:00+00:00,short,429814.07432836894,2026-07-01 22:21:00+00:00,-4341.006573583756,stop_loss,425518.92595050466
2026-07-15 20:00:00+00:00,long,425473.0677547852,2026-07-17 04:17:00+00:00,-24387.588451035786,signal,
2026-07-21 20:00:00+00:00,long,401085.4793037494,2026-07-23 15:06:00+00:00,-16316.799144082295,stop_loss,384865.0022145981
